CustomerID,Recency,Frequency,Monetary,TotalQuantity,AverageOrderValue,UniqueProducts,Cluster,Segment
12346,326,1,77183.6,74215,77183.6,1,1,High-Value Loyal
12347,2,7,4310.0,2458,615.7142857,103,1,High-Value Loyal
12348,75,4,1797.24,2341,449.31,22,2,Regular / Growth
12349,19,1,1757.55,631,1757.55,73,2,Regular / Growth
12350,310,1,334.4,197,334.4,17,0,At-Risk / Low-Value
12352,36,8,2506.04,536,313.255,59,1,High-Value Loyal
12353,204,1,89.0,20,89.0,4,0,At-Risk / Low-Value
12354,232,1,1079.4,530,1079.4,58,2,Regular / Growth
12355,214,1,459.4,240,459.4,13,2,Regular / Growth
12356,23,3,2811.43,1591,937.1433333,53,1,High-Value Loyal
12357,33,1,6207.67,2708,6207.67,131,1,High-Value Loyal
12358,2,2,1168.06,248,584.03,13,2,Regular / Growth
12359,58,4,6310.03,1609,1577.5075,214,1,High-Value Loyal
12360,52,3,2662.06,1165,887.3533333,105,1,High-Value Loyal
12361,287,1,189.9,91,189.9,10,0,At-Risk / Low-Value
12362,3,10,5226.23,2229,522.623,201,1,High-Value Loyal
12363,110,2,552.0,408,276.0,23,2,Regular / Growth
12364,8,4,1313.1,1506,328.275,70,1,High-Value Loyal
12365,291,2,641.38,174,320.69,22,2,Regular / Growth
12367,4,1,168.9,173,168.9,11,0,At-Risk / Low-Value
12370,51,4,3541.94,2352,885.485,143,1,High-Value Loyal
12371,45,2,1887.96,591,943.98,63,2,Regular / Growth
12372,72,3,1298.04,794,432.68,34,2,Regular / Growth
12373,311,1,364.6,197,364.6,14,0,At-Risk / Low-Value
12374,25,1,742.93,342,742.93,33,2,Regular / Growth
12375,11,2,457.5,178,228.75,14,2,Regular / Growth
12377,315,2,1628.12,944,814.06,72,2,Regular / Growth
12378,130,1,4008.62,2529,4008.62,219,1,High-Value Loyal
12379,82,2,852.24,407,426.12,39,2,Regular / Growth
12380,22,4,2724.81,1127,681.2025,77,1,High-Value Loyal
12381,5,5,1845.31,808,369.062,70,1,High-Value Loyal
12383,185,5,1850.56,1532,370.112,84,2,Regular / Growth
12384,29,2,585.27,126,292.635,26,2,Regular / Growth
12386,338,2,401.9,354,200.95,10,0,At-Risk / Low-Value
12388,16,6,2780.66,1462,463.4433333,57,1,High-Value Loyal
12390,80,1,549.84,353,549.84,32,2,Regular / Growth
12391,22,1,439.66,293,439.66,92,2,Regular / Growth
12393,72,4,1582.6,816,395.65,47,2,Regular / Growth
12394,64,2,1272.48,819,636.24,26,2,Regular / Growth
12395,19,12,3018.63,2118,251.5525,91,1,High-Value Loyal
12397,36,2,2409.9,1263,1204.95,110,1,High-Value Loyal
12398,46,1,1635.66,1394,1635.66,85,2,Regular / Growth
12399,119,4,1108.65,1178,277.1625,47,2,Regular / Growth
12401,303,1,84.3,11,84.3,5,0,At-Risk / Low-Value
12402,323,1,225.6,94,225.6,11,0,At-Risk / Low-Value
12403,50,1,427.7,96,427.7,5,0,At-Risk / Low-Value
12405,149,1,1710.39,857,1710.39,54,2,Regular / Growth
12406,22,2,3415.3,1818,1707.65,92,1,High-Value Loyal
12407,50,5,1708.12,1416,341.624,57,1,High-Value Loyal
12408,33,5,2888.55,1409,577.71,81,1,High-Value Loyal
12409,79,3,11072.67,5551,3690.89,91,1,High-Value Loyal
12410,309,2,693.33,211,346.665,26,2,Regular / Growth
12412,75,3,1226.88,829,408.96,43,2,Regular / Growth
12413,67,3,758.1,286,252.7,29,2,Regular / Growth
12414,217,3,562.41,300,187.47,16,2,Regular / Growth
12415,24,21,124914.53,77374,5948.310952,444,1,High-Value Loyal
12417,3,9,3649.1,1552,405.4555556,158,1,High-Value Loyal
12418,113,1,668.58,407,668.58,34,2,Regular / Growth
12420,64,1,600.39,345,600.39,29,2,Regular / Growth
12421,16,4,807.04,484,201.76,32,2,Regular / Growth
12422,96,3,803.56,370,267.8533333,39,2,Regular / Growth
12423,1,8,1859.31,1339,232.41375,97,1,High-Value Loyal
12424,163,2,1760.96,740,880.48,30,2,Regular / Growth
12425,78,1,777.2,496,777.2,36,2,Regular / Growth
12426,195,1,582.73,258,582.73,30,2,Regular / Growth
12427,22,3,825.8,533,275.2666667,26,2,Regular / Growth
12428,26,9,7956.46,3536,884.0511111,258,1,High-Value Loyal
12429,9,4,3750.4,1557,937.6,82,1,High-Value Loyal
12430,43,1,256.4,117,256.4,11,0,At-Risk / Low-Value
12431,36,15,6419.95,2896,427.9966667,163,1,High-Value Loyal
12432,43,5,5059.32,1801,1011.864,107,1,High-Value Loyal
12433,1,7,13375.87,11071,1910.838571,219,1,High-Value Loyal
12434,85,2,806.14,394,403.07,46,2,Regular / Growth
12435,80,2,7829.89,2055,3914.945,31,1,High-Value Loyal
12436,100,1,509.01,211,509.01,16,2,Regular / Growth
12437,2,18,4951.41,2922,275.0783333,118,1,High-Value Loyal
12438,14,2,2906.85,1180,1453.425,84,1,High-Value Loyal
12441,367,1,173.55,121,173.55,11,0,At-Risk / Low-Value
12442,3,1,172.06,182,172.06,12,0,At-Risk / Low-Value
12444,21,5,5005.46,1153,1001.092,138,1,High-Value Loyal
12445,22,1,133.4,62,133.4,4,0,At-Risk / Low-Value
12446,58,1,1002.31,351,1002.31,57,2,Regular / Growth
12447,243,1,476.49,190,476.49,26,2,Regular / Growth
12448,44,1,449.45,243,449.45,22,2,Regular / Growth
12449,22,4,4067.29,1553,1016.8225,118,1,High-Value Loyal
12450,156,2,197.88,128,98.94,7,0,At-Risk / Low-Value
12451,11,5,9035.52,6575,1807.104,265,1,High-Value Loyal
12452,17,2,430.57,185,215.285,21,2,Regular / Growth
12453,134,1,707.09,473,707.09,43,2,Regular / Growth
12454,56,1,3528.34,1006,3528.34,15,2,Regular / Growth
12455,73,6,2466.86,2089,411.1433333,85,1,High-Value Loyal
12456,44,3,3181.04,1633,1060.346667,105,1,High-Value Loyal
12457,66,7,2363.23,843,337.6042857,53,1,High-Value Loyal
12458,71,2,947.4,506,473.7,35,2,Regular / Growth
12461,94,2,826.88,287,413.44,35,2,Regular / Growth
12462,19,2,1189.59,536,594.795,51,2,Regular / Growth
12463,53,4,1344.78,776,336.195,65,2,Regular / Growth
12464,10,8,1212.05,112,151.50625,6,2,Regular / Growth
12465,17,2,742.19,479,371.095,46,2,Regular / Growth
12468,188,2,729.54,366,364.77,36,2,Regular / Growth
12471,2,30,19788.65,8200,659.6216667,150,1,High-Value Loyal
12472,32,7,6572.11,4148,938.8728571,219,1,High-Value Loyal
12473,29,5,3928.05,2414,785.61,140,1,High-Value Loyal
12474,17,18,7324.09,4833,406.8938889,253,1,High-Value Loyal
12475,54,1,723.38,535,723.38,36,2,Regular / Growth
12476,16,11,6816.42,2408,619.6745455,177,1,High-Value Loyal
12477,23,6,13219.74,3653,2203.29,191,1,High-Value Loyal
12478,4,1,680.99,236,680.99,36,2,Regular / Growth
12479,11,1,527.2,385,527.2,31,2,Regular / Growth
12480,28,4,3281.63,1707,820.4075,129,1,High-Value Loyal
12481,23,10,5579.82,3294,557.982,150,1,High-Value Loyal
12483,17,8,2484.98,1110,310.6225,46,1,High-Value Loyal
12484,33,6,4527.32,2187,754.5533333,256,1,High-Value Loyal
12488,10,3,1298.66,529,432.8866667,46,2,Regular / Growth
12489,336,1,334.93,105,334.93,15,0,At-Risk / Low-Value
12490,5,10,5417.93,3064,541.793,131,1,High-Value Loyal
12491,39,1,460.4,260,460.4,25,2,Regular / Growth
12492,63,2,263.21,192,131.605,19,0,At-Risk / Low-Value
12493,166,2,433.74,207,216.87,20,2,Regular / Growth
12494,16,7,1246.1,707,178.0142857,63,1,High-Value Loyal
12497,82,1,1043.1,1236,1043.1,14,2,Regular / Growth
12498,21,3,403.7,159,134.5666667,21,2,Regular / Growth
12500,23,11,4257.82,2678,387.0745455,34,1,High-Value Loyal
12501,337,1,2169.39,1783,2169.39,149,2,Regular / Growth
12502,96,5,3723.87,820,744.774,102,1,High-Value Loyal
12504,18,2,482.05,90,241.025,6,0,At-Risk / Low-Value
12506,233,1,73.5,23,73.5,23,0,At-Risk / Low-Value
12507,134,3,1304.81,894,434.9366667,19,2,Regular / Growth
12508,26,2,397.88,271,198.94,57,2,Regular / Growth
12509,284,1,176.5,55,176.5,7,0,At-Risk / Low-Value
12510,143,2,982.57,353,491.285,29,2,Regular / Growth
12512,66,2,132.18,96,66.09,31,0,At-Risk / Low-Value
12513,113,1,612.29,462,612.29,35,2,Regular / Growth
12514,267,1,1017.68,440,1017.68,51,2,Regular / Growth
12515,353,1,383.7,131,383.7,16,0,At-Risk / Low-Value
12516,78,2,1312.06,875,656.03,20,2,Regular / Growth
12517,28,5,2481.6,1361,496.32,232,1,High-Value Loyal
12518,1,5,2056.89,1318,411.378,84,1,High-Value Loyal
12519,64,1,330.84,175,330.84,17,2,Regular / Growth
12520,79,5,2634.26,1439,526.852,121,1,High-Value Loyal
12521,143,1,599.68,309,599.68,38,2,Regular / Growth
12522,39,2,192.72,194,96.36,11,0,At-Risk / Low-Value
12523,19,11,1789.77,865,162.7063636,84,1,High-Value Loyal
12524,9,8,4485.72,3699,560.715,113,1,High-Value Loyal
12526,1,3,1316.66,632,438.8866667,64,1,High-Value Loyal
12527,82,3,348.71,234,116.2366667,18,0,At-Risk / Low-Value
12528,9,6,1933.48,756,322.2466667,50,1,High-Value Loyal
12530,60,4,1662.28,913,415.57,51,2,Regular / Growth
12531,15,1,125.22,45,125.22,17,0,At-Risk / Low-Value
12532,30,1,349.83,153,349.83,16,2,Regular / Growth
12534,131,1,1089.18,651,1089.18,63,2,Regular / Growth
12535,92,2,716.35,219,358.175,28,2,Regular / Growth
12536,43,3,12601.83,2803,4200.61,260,1,High-Value Loyal
12538,29,1,363.95,191,363.95,21,2,Regular / Growth
12539,22,4,5568.35,2067,1392.0875,157,1,High-Value Loyal
12540,20,17,13400.24,6685,788.2494118,277,1,High-Value Loyal
12541,30,3,981.18,680,327.06,46,2,Regular / Growth
12544,36,1,372.7,136,372.7,19,2,Regular / Growth
12545,75,2,1000.39,523,500.195,42,2,Regular / Growth
12546,47,2,1161.5,633,580.75,59,2,Regular / Growth
12547,198,2,207.8,134,103.9,7,0,At-Risk / Low-Value
12548,166,1,95.2,49,95.2,5,0,At-Risk / Low-Value
12550,79,1,964.83,569,964.83,57,2,Regular / Growth
12551,358,1,168.0,100,168.0,10,0,At-Risk / Low-Value
12552,39,2,437.82,88,218.91,20,0,At-Risk / Low-Value
12553,8,10,3692.28,1965,369.228,95,1,High-Value Loyal
12556,50,2,599.56,355,299.78,100,2,Regular / Growth
12557,16,5,11990.96,4384,2398.192,15,1,High-Value Loyal
12558,8,1,269.96,196,269.96,11,2,Regular / Growth
12559,311,2,561.71,283,280.855,21,2,Regular / Growth
12560,5,3,2134.01,1110,711.3366667,91,1,High-Value Loyal
12561,303,1,238.85,177,238.85,16,0,At-Risk / Low-Value
12562,8,7,3781.74,1779,540.2485714,99,1,High-Value Loyal
12564,261,1,456.9,133,456.9,21,2,Regular / Growth
12565,289,1,145.92,80,145.92,9,0,At-Risk / Low-Value
12566,86,1,351.65,265,351.65,19,2,Regular / Growth
12567,23,10,9401.28,4305,940.128,323,1,High-Value Loyal
12569,2,32,4124.69,1801,128.8965625,92,1,High-Value Loyal
12571,40,2,519.61,523,259.805,31,2,Regular / Growth
12572,9,2,1020.42,452,510.21,53,2,Regular / Growth
12573,227,1,160.54,84,160.54,26,0,At-Risk / Low-Value
12574,316,1,218.45,61,218.45,11,0,At-Risk / Low-Value
12576,36,5,1315.83,967,263.166,72,1,High-Value Loyal
12577,35,3,626.6,469,208.8666667,137,2,Regular / Growth
12578,21,2,2794.51,1196,1397.255,111,1,High-Value Loyal
12579,78,1,440.42,285,440.42,29,2,Regular / Growth
12580,247,1,415.7,238,415.7,24,2,Regular / Growth
12581,40,1,197.71,161,197.71,15,0,At-Risk / Low-Value
12582,239,2,511.36,300,255.68,21,2,Regular / Growth
12583,3,15,7281.38,5060,485.4253333,115,1,High-Value Loyal
12584,4,9,2338.15,416,259.7944444,44,1,High-Value Loyal
12585,234,2,2040.1,1279,1020.05,77,2,Regular / Growth
12586,17,1,196.94,79,196.94,11,0,At-Risk / Low-Value
12587,8,1,144.0,51,144.0,4,0,At-Risk / Low-Value
12588,39,1,214.9,53,214.9,10,0,At-Risk / Low-Value
12589,29,2,646.68,306,323.34,29,2,Regular / Growth
12590,211,2,9864.26,4283,4932.13,68,1,High-Value Loyal
12591,317,1,452.85,228,452.85,26,2,Regular / Growth
12592,92,2,437.6,290,218.8,11,2,Regular / Growth
12593,109,3,418.1,206,139.3666667,14,0,At-Risk / Low-Value
12594,38,10,3338.22,1777,333.822,50,1,High-Value Loyal
12596,51,2,618.27,474,309.135,25,2,Regular / Growth
12597,19,4,3811.22,2236,952.805,184,1,High-Value Loyal
12598,10,8,3023.08,1964,377.885,84,1,High-Value Loyal
12599,29,7,1032.58,956,147.5114286,32,2,Regular / Growth
12600,29,10,2599.04,774,259.904,32,1,High-Value Loyal
12601,190,5,577.06,245,115.412,21,0,At-Risk / Low-Value
12602,59,1,153.12,162,153.12,12,0,At-Risk / Low-Value
12603,22,1,739.2,63,739.2,2,2,Regular / Growth
12604,79,2,254.18,201,127.09,15,0,At-Risk / Low-Value
12607,60,1,1579.51,1228,1579.51,101,2,Regular / Growth
12609,78,3,1126.85,648,375.6166667,57,2,Regular / Growth
12610,23,5,2099.54,1049,419.908,85,1,High-Value Loyal
12611,52,1,1193.32,846,1193.32,65,2,Regular / Growth
12612,74,1,704.04,262,704.04,19,2,Regular / Growth
12613,57,5,3344.38,1644,668.876,124,1,High-Value Loyal
12614,278,1,315.6,76,315.6,20,0,At-Risk / Low-Value
12615,2,4,2291.19,1376,572.7975,82,1,High-Value Loyal
12616,95,2,713.3,284,356.65,25,2,Regular / Growth
12617,29,1,352.98,210,352.98,39,2,Regular / Growth
12618,22,1,177.31,96,177.31,11,0,At-Risk / Low-Value
12619,16,9,3641.24,3378,404.5822222,50,1,High-Value Loyal
12620,15,3,1339.41,1181,446.47,89,1,High-Value Loyal
12621,2,20,13689.67,7440,684.4835,261,1,High-Value Loyal
12622,232,1,180.1,69,180.1,11,0,At-Risk / Low-Value
12623,276,1,305.1,191,305.1,18,0,At-Risk / Low-Value
12624,106,2,641.13,355,320.565,36,2,Regular / Growth
12625,212,2,2683.82,1612,1341.91,73,2,Regular / Growth
12626,23,9,6620.48,3453,735.6088889,232,1,High-Value Loyal
12627,11,7,4478.53,2752,639.79,162,1,High-Value Loyal
12628,4,3,786.46,448,262.1533333,34,2,Regular / Growth
12630,10,2,1270.88,548,635.44,60,2,Regular / Growth
12631,57,1,640.5,236,640.5,31,2,Regular / Growth
12633,59,4,2163.98,1162,540.995,73,1,High-Value Loyal
12635,90,2,1689.18,1172,844.59,96,2,Regular / Growth
12637,67,8,6002.9,2994,750.3625,205,1,High-Value Loyal
12638,33,1,671.69,577,671.69,39,2,Regular / Growth
12639,239,1,486.1,201,486.1,22,2,Regular / Growth
12640,24,3,1174.58,311,391.5266667,47,2,Regular / Growth
12641,115,1,185.9,72,185.9,10,0,At-Risk / Low-Value
12642,25,3,1013.26,552,337.7533333,39,2,Regular / Growth
12643,128,6,3344.64,1808,557.44,11,2,Regular / Growth
12644,130,1,477.91,325,477.91,31,2,Regular / Growth
12645,34,4,1775.18,1084,443.795,58,1,High-Value Loyal
12646,5,2,1346.97,897,673.485,43,2,Regular / Growth
12647,22,12,3722.82,1431,310.235,78,1,High-Value Loyal
12648,155,1,318.05,160,318.05,21,0,At-Risk / Low-Value
12649,107,3,623.51,586,207.8366667,28,2,Regular / Growth
12650,3,1,314.44,254,314.44,20,2,Regular / Growth
12651,335,1,114.0,78,114.0,9,0,At-Risk / Low-Value
12652,331,1,919.98,505,919.98,48,2,Regular / Growth
12653,149,2,2209.85,919,1104.925,37,2,Regular / Growth
12654,11,5,601.98,264,120.396,31,2,Regular / Growth
12656,17,5,4051.17,1723,810.234,89,1,High-Value Loyal
12657,11,4,1643.18,1044,410.795,35,1,High-Value Loyal
12658,19,1,686.05,320,686.05,36,2,Regular / Growth
12659,30,1,91.68,105,91.68,5,0,At-Risk / Low-Value
12660,11,1,245.1,127,245.1,13,0,At-Risk / Low-Value
12662,1,11,3849.78,2058,349.98,129,1,High-Value Loyal
12664,8,9,4881.88,1203,542.4311111,10,1,High-Value Loyal
12665,325,1,63.0,37,63.0,3,0,At-Risk / Low-Value
12667,58,1,620.13,395,620.13,33,2,Regular / Growth
12668,12,4,3807.15,1634,951.7875,115,1,High-Value Loyal
12669,151,3,2744.03,1115,914.6766667,98,2,Regular / Growth
12670,10,5,2996.05,1397,599.21,58,1,High-Value Loyal
12672,330,1,225.9,78,225.9,10,0,At-Risk / Low-Value
12673,5,2,610.52,351,305.26,42,2,Regular / Growth
12674,39,4,1970.6,1133,492.65,52,1,High-Value Loyal
12676,25,6,1331.39,670,221.8983333,33,2,Regular / Growth
12678,42,12,17628.46,10923,1469.038333,105,1,High-Value Loyal
12679,59,4,1113.02,554,278.255,43,2,Regular / Growth
12680,1,4,862.81,443,215.7025,33,1,High-Value Loyal
12681,15,22,13787.54,7536,626.7063636,267,1,High-Value Loyal
12682,4,31,12279.82,5555,396.1232258,209,1,High-Value Loyal
12683,4,15,8476.57,4987,565.1046667,177,1,High-Value Loyal
12684,8,7,2283.63,1985,326.2328571,61,1,High-Value Loyal
12685,28,6,2863.08,1523,477.18,117,1,High-Value Loyal
12686,372,1,89.14,107,89.14,7,0,At-Risk / Low-Value
12688,114,1,4873.81,3028,4873.81,171,1,High-Value Loyal
12689,26,2,1247.61,628,623.805,57,2,Regular / Growth
12690,206,1,389.01,106,389.01,16,0,At-Risk / Low-Value
12691,28,6,1035.8,394,172.6333333,21,2,Regular / Growth
12693,127,4,855.91,255,213.9775,35,2,Regular / Growth
12694,70,2,869.67,509,434.835,32,2,Regular / Growth
12695,7,4,582.1,220,145.525,23,2,Regular / Growth
12697,29,3,957.59,508,319.1966667,37,2,Regular / Growth
12700,8,4,4939.99,2967,1234.9975,193,1,High-Value Loyal
12701,80,2,797.71,678,398.855,50,2,Regular / Growth
12702,20,1,219.0,53,219.0,12,0,At-Risk / Low-Value
12703,71,1,283.55,164,283.55,21,2,Regular / Growth
12704,7,8,2340.84,1006,292.605,64,1,High-Value Loyal
12705,15,9,6868.29,3997,763.1433333,228,1,High-Value Loyal
12707,292,1,603.42,256,603.42,33,2,Regular / Growth
12708,30,10,2712.91,1307,271.291,86,1,High-Value Loyal
12709,15,15,9706.52,3912,647.1013333,93,1,High-Value Loyal
12710,97,3,1149.02,851,383.0066667,75,2,Regular / Growth
12712,29,13,4396.13,1062,338.1638462,58,1,High-Value Loyal
12713,1,1,848.55,508,848.55,38,2,Regular / Growth
12714,9,5,4708.86,3069,941.772,216,1,High-Value Loyal
12715,106,1,343.36,192,343.36,20,2,Regular / Growth
12716,4,2,1053.49,708,526.745,60,2,Regular / Growth
12717,151,2,1030.98,506,515.49,49,2,Regular / Growth
12718,71,1,238.25,203,238.25,19,0,At-Risk / Low-Value
12719,5,2,644.95,374,322.475,34,2,Regular / Growth
12720,3,25,5781.73,4672,231.2692,211,1,High-Value Loyal
12721,32,6,2656.13,1959,442.6883333,133,1,High-Value Loyal
12722,85,4,997.63,566,249.4075,50,2,Regular / Growth
12723,4,5,725.07,434,145.014,53,2,Regular / Growth
12724,5,4,1031.41,445,257.8525,47,2,Regular / Growth
12725,371,1,427.8,164,427.8,24,2,Regular / Growth
12726,28,7,2609.1,3143,372.7285714,57,1,High-Value Loyal
12727,11,7,3980.7,2098,568.6714286,109,1,High-Value Loyal
12728,71,4,836.33,419,209.0825,38,2,Regular / Growth
12729,114,1,453.01,233,453.01,26,2,Regular / Growth
12731,24,12,18895.91,8437,1574.659167,109,1,High-Value Loyal
12732,180,1,236.26,111,236.26,12,0,At-Risk / Low-Value
12733,234,1,383.95,137,383.95,22,2,Regular / Growth
12734,353,1,110.4,88,110.4,4,0,At-Risk / Low-Value
12735,315,2,779.57,368,389.785,38,2,Regular / Growth
12736,333,1,234.0,173,234.0,4,0,At-Risk / Low-Value
12738,372,1,155.35,148,155.35,11,0,At-Risk / Low-Value
12739,78,2,1013.04,486,506.52,38,2,Regular / Growth
12740,64,1,427.6,342,427.6,27,2,Regular / Growth
12743,134,2,540.13,315,270.065,114,2,Regular / Growth
12744,52,7,21279.29,5241,3039.898571,178,1,High-Value Loyal
12747,2,11,4196.01,1275,381.4554545,42,1,High-Value Loyal
12748,1,209,33053.19,25287,158.1492344,1768,1,High-Value Loyal
12749,4,5,4090.88,1471,818.176,160,1,High-Value Loyal
12750,129,1,275.88,137,275.88,15,0,At-Risk / Low-Value
12752,81,1,4366.78,2262,4366.78,53,2,Regular / Growth
12753,23,6,21429.39,11421,3571.565,132,1,High-Value Loyal
12754,236,3,3010.74,6481,1003.58,49,1,High-Value Loyal
12755,281,2,3811.95,1491,1905.975,4,2,Regular / Growth
12756,87,1,112.08,144,112.08,4,0,At-Risk / Low-Value
12757,16,13,7834.65,2395,602.6653846,237,1,High-Value Loyal
12758,117,2,2791.59,2135,1395.795,84,2,Regular / Growth
12759,52,3,1531.44,902,510.48,81,2,Regular / Growth
12762,8,2,1898.52,1227,949.26,62,1,High-Value Loyal
12763,138,2,494.08,316,247.04,16,2,Regular / Growth
12764,317,1,1693.88,386,1693.88,45,2,Regular / Growth
12766,4,7,6989.63,3646,998.5185714,205,1,High-Value Loyal
12769,239,1,1143.6,356,1143.6,32,2,Regular / Growth
12770,211,1,1351.45,743,1351.45,12,2,Regular / Growth
12772,60,1,892.47,556,892.47,55,2,Regular / Growth
12775,17,5,1386.04,877,277.208,47,1,High-Value Loyal
12778,20,6,822.23,825,137.0383333,40,2,Regular / Growth
12779,38,8,3981.36,2024,497.67,88,1,High-Value Loyal
12781,64,2,826.74,671,413.37,25,2,Regular / Growth
12782,5,5,2330.92,1086,466.184,81,1,High-Value Loyal
12783,2,6,2225.91,624,370.985,76,1,High-Value Loyal
12784,9,2,532.82,280,266.41,54,2,Regular / Growth
12785,364,1,311.95,131,311.95,14,0,At-Risk / Low-Value
12787,10,3,463.66,261,154.5533333,17,2,Regular / Growth
12789,65,1,91.85,4,91.85,4,0,At-Risk / Low-Value
12790,192,1,324.92,166,324.92,21,0,At-Risk / Low-Value
12791,374,1,192.6,97,192.6,2,0,At-Risk / Low-Value
12792,257,1,400.54,217,400.54,25,2,Regular / Growth
12793,335,2,545.48,295,272.74,21,2,Regular / Growth
12794,53,2,860.41,592,430.205,43,2,Regular / Growth
12795,19,1,430.48,68,430.48,14,2,Regular / Growth
12797,366,1,254.03,118,254.03,13,0,At-Risk / Low-Value
12798,10,3,6977.04,5256,2325.68,6,1,High-Value Loyal
12802,187,1,427.58,314,427.58,25,2,Regular / Growth
12808,37,3,483.65,188,161.2166667,27,2,Regular / Growth
12809,178,1,489.31,220,489.31,25,2,Regular / Growth
12811,261,3,514.85,230,171.6166667,27,2,Regular / Growth
12812,45,1,229.64,164,229.64,15,0,At-Risk / Low-Value
12814,102,1,125.92,49,125.92,2,0,At-Risk / Low-Value
12815,148,2,1063.46,379,531.73,38,2,Regular / Growth
12816,96,2,572.2,128,286.1,27,2,Regular / Growth
12817,281,1,166.04,53,166.04,4,0,At-Risk / Low-Value
12818,262,1,1542.08,929,1542.08,14,2,Regular / Growth
12820,3,4,942.34,722,235.585,55,1,High-Value Loyal
12821,214,1,92.72,70,92.72,6,0,At-Risk / Low-Value
12822,71,2,948.88,550,474.44,41,2,Regular / Growth
12823,75,5,1759.5,230,351.9,1,2,Regular / Growth
12824,60,1,397.12,232,397.12,25,2,Regular / Growth
12826,3,7,1474.72,1058,210.6742857,58,1,High-Value Loyal
12827,6,3,430.15,197,143.3833333,19,2,Regular / Growth
12828,3,6,1018.71,494,169.785,46,1,High-Value Loyal
12829,337,2,293.0,376,146.5,9,0,At-Risk / Low-Value
12830,38,6,6814.64,9848,1135.773333,13,1,High-Value Loyal
12831,262,1,215.05,135,215.05,9,0,At-Risk / Low-Value
12832,32,2,383.03,195,191.515,27,2,Regular / Growth
12833,145,1,417.38,156,417.38,24,2,Regular / Growth
12834,283,1,312.38,110,312.38,18,0,At-Risk / Low-Value
12836,59,4,2610.36,1062,652.59,148,1,High-Value Loyal
12837,173,1,134.1,24,134.1,12,0,At-Risk / Low-Value
12838,34,2,671.95,355,335.975,115,2,Regular / Growth
12839,3,14,5591.42,3807,399.3871429,95,1,High-Value Loyal
12840,144,4,2726.77,1511,681.6925,67,1,High-Value Loyal
12841,5,25,3991.58,2720,159.6632,229,1,High-Value Loyal
12842,70,2,1118.99,547,559.495,34,2,Regular / Growth
12843,66,8,1702.26,781,212.7825,69,1,High-Value Loyal
12844,29,2,325.96,125,162.98,47,2,Regular / Growth
12845,267,4,354.09,204,88.5225,26,0,At-Risk / Low-Value
12847,22,1,843.64,873,843.64,72,2,Regular / Growth
12849,31,2,1010.29,597,505.145,47,2,Regular / Growth
12851,97,1,131.81,106,131.81,43,0,At-Risk / Low-Value
12852,295,1,311.55,149,311.55,17,0,At-Risk / Low-Value
12853,135,6,1957.1,800,326.1833333,66,2,Regular / Growth
12854,79,3,1316.25,626,438.75,95,2,Regular / Growth
12855,373,1,38.1,30,38.1,3,0,At-Risk / Low-Value
12856,8,6,2170.78,1076,361.7966667,155,1,High-Value Loyal
12857,211,2,1106.4,343,553.2,37,2,Regular / Growth
12863,52,1,521.2,188,521.2,5,2,Regular / Growth
12864,138,1,147.12,216,147.12,3,0,At-Risk / Low-Value
12865,26,2,1568.23,925,784.115,86,2,Regular / Growth
12866,283,1,559.12,171,559.12,26,2,Regular / Growth
12867,26,7,4009.34,4284,572.7628571,240,1,High-Value Loyal
12868,186,6,1607.06,928,267.8433333,72,2,Regular / Growth
12871,84,2,380.64,200,190.32,8,0,At-Risk / Low-Value
12872,327,2,599.97,319,299.985,58,2,Regular / Growth
12873,282,1,374.0,128,374.0,4,0,At-Risk / Low-Value
12875,143,2,343.23,2019,171.615,1,0,At-Risk / Low-Value
12876,58,2,2218.02,1941,1109.01,67,2,Regular / Growth
12877,4,12,1535.77,1178,127.9808333,100,1,High-Value Loyal
12878,236,2,854.99,547,427.495,38,2,Regular / Growth
12879,45,3,573.22,370,191.0733333,7,2,Regular / Growth
12881,276,1,298.0,21,298.0,7,0,At-Risk / Low-Value
12882,9,2,1463.04,246,731.52,12,2,Regular / Growth
12883,25,4,703.47,196,175.8675,39,2,Regular / Growth
12884,88,1,309.05,43,309.05,7,0,At-Risk / Low-Value
12885,63,3,1175.22,655,391.74,66,2,Regular / Growth
12886,68,2,1378.4,770,689.2,75,2,Regular / Growth
12888,214,2,354.12,76,177.06,4,0,At-Risk / Low-Value
12890,24,1,376.72,256,376.72,78,2,Regular / Growth
12891,186,3,331.0,950,110.3333333,2,0,At-Risk / Low-Value
12893,31,1,176.55,90,176.55,27,0,At-Risk / Low-Value
12895,42,2,372.8,210,186.4,22,2,Regular / Growth
12897,205,2,216.5,110,108.25,3,0,At-Risk / Low-Value
12901,9,28,17654.54,23075,630.5192857,30,1,High-Value Loyal
12902,265,1,138.68,66,138.68,10,0,At-Risk / Low-Value
12904,18,2,496.06,294,248.03,59,2,Regular / Growth
12906,12,5,2919.81,1749,583.962,55,1,High-Value Loyal
12908,176,2,750.0,1200,375.0,1,2,Regular / Growth
12909,40,5,2178.67,1280,435.734,78,1,High-Value Loyal
12910,23,8,3075.04,1692,384.38,48,1,High-Value Loyal
12912,3,5,1662.3,670,332.46,17,1,High-Value Loyal
12913,5,5,2483.63,1419,496.726,37,1,High-Value Loyal
12915,149,2,363.65,93,181.825,19,0,At-Risk / Low-Value
12916,139,4,2944.95,1083,736.2375,53,2,Regular / Growth
12917,128,1,594.0,120,594.0,2,0,At-Risk / Low-Value
12919,8,6,1335.19,673,222.5316667,34,1,High-Value Loyal
12920,17,1,162.78,128,162.78,27,0,At-Risk / Low-Value
12921,9,37,16587.09,9526,448.2997297,233,1,High-Value Loyal
12922,161,1,405.38,370,405.38,28,2,Regular / Growth
12923,64,1,172.82,68,172.82,28,0,At-Risk / Low-Value
12924,88,4,933.7,481,233.425,22,2,Regular / Growth
12925,5,2,694.05,541,347.025,42,2,Regular / Growth
12928,35,5,2062.7,1472,412.54,59,1,High-Value Loyal
12929,312,1,117.85,37,117.85,8,0,At-Risk / Low-Value
12930,78,2,415.8,252,207.9,20,2,Regular / Growth
12931,22,15,42055.96,28004,2803.730667,28,1,High-Value Loyal
12933,24,3,607.53,499,202.51,102,2,Regular / Growth
12935,2,7,2160.7,1853,308.6714286,80,1,High-Value Loyal
12936,17,4,1063.9,559,265.975,56,2,Regular / Growth
12937,15,4,1504.27,1007,376.0675,81,1,High-Value Loyal
12938,26,1,114.14,140,114.14,9,0,At-Risk / Low-Value
12939,64,8,11581.8,4876,1447.725,21,1,High-Value Loyal
12940,55,2,899.69,404,449.845,87,2,Regular / Growth
12942,131,3,675.6,198,225.2,68,2,Regular / Growth
12944,36,2,604.51,289,302.255,29,2,Regular / Growth
12945,288,1,462.95,165,462.95,23,2,Regular / Growth
12947,144,6,1603.99,1165,267.3316667,83,2,Regular / Growth
12948,16,7,2064.95,1080,294.9928571,82,1,High-Value Loyal
12949,31,8,4167.22,2381,520.9025,166,1,High-Value Loyal
12950,2,3,1843.0,1380,614.3333333,13,1,High-Value Loyal
12951,9,6,1064.07,503,177.345,53,1,High-Value Loyal
12952,6,4,1387.79,653,346.9475,64,1,High-Value Loyal
12953,10,1,329.85,84,329.85,17,2,Regular / Growth
12955,1,11,4757.16,3664,432.4690909,81,1,High-Value Loyal
12956,306,1,108.07,34,108.07,19,0,At-Risk / Low-Value
12957,10,8,4017.54,2549,502.1925,208,1,High-Value Loyal
12962,7,2,266.39,129,133.195,15,0,At-Risk / Low-Value
12963,8,8,1856.63,881,232.07875,75,1,High-Value Loyal
12965,89,1,769.81,282,769.81,108,2,Regular / Growth
12966,10,1,160.18,75,160.18,10,0,At-Risk / Low-Value
12967,358,2,1660.9,438,830.45,19,2,Regular / Growth
12968,112,1,135.95,73,135.95,5,0,At-Risk / Low-Value
12970,7,4,405.47,268,101.3675,116,2,Regular / Growth
12971,4,86,11189.91,9289,130.1152326,94,1,High-Value Loyal
12974,198,1,144.8,24,144.8,8,0,At-Risk / Low-Value
12976,212,1,738.6,561,738.6,22,2,Regular / Growth
12977,156,1,39.24,12,39.24,9,0,At-Risk / Low-Value
12980,158,9,7374.9,886,819.4333333,6,1,High-Value Loyal
12981,30,2,372.22,242,186.11,12,2,Regular / Growth
12982,243,1,390.54,288,390.54,28,2,Regular / Growth
12984,19,1,97.5,26,97.5,4,0,At-Risk / Low-Value
12985,1,2,1239.38,1533,619.69,73,1,High-Value Loyal
12987,74,2,558.7,219,279.35,27,2,Regular / Growth
12988,292,1,505.82,126,505.82,75,2,Regular / Growth
12989,3,15,6924.11,2943,461.6073333,41,1,High-Value Loyal
12990,31,3,409.5,200,136.5,8,0,At-Risk / Low-Value
12991,23,2,503.76,405,251.88,31,2,Regular / Growth
12993,23,4,414.76,240,103.69,26,2,Regular / Growth
12994,4,3,974.42,459,324.8066667,52,2,Regular / Growth
12995,85,1,211.32,108,211.32,3,0,At-Risk / Low-Value
12997,22,4,1226.89,664,306.7225,45,2,Regular / Growth
12999,196,3,455.88,342,151.96,25,2,Regular / Growth
13000,107,3,534.85,379,178.2833333,30,2,Regular / Growth
13001,4,13,9785.97,5490,752.7669231,166,1,High-Value Loyal
13002,318,1,120.95,73,120.95,7,0,At-Risk / Low-Value
13003,106,3,149.05,103,49.68333333,4,0,At-Risk / Low-Value
13004,12,18,5655.91,4822,314.2172222,277,1,High-Value Loyal
13005,174,2,513.7,172,256.85,21,2,Regular / Growth
13006,56,1,81.57,55,81.57,4,0,At-Risk / Low-Value
13008,323,1,229.47,175,229.47,14,0,At-Risk / Low-Value
13011,372,1,50.55,13,50.55,3,0,At-Risk / Low-Value
13012,9,8,1646.84,820,205.855,67,1,High-Value Loyal
13013,1,13,4810.94,2224,370.0723077,155,1,High-Value Loyal
13014,11,10,3466.28,905,346.628,67,1,High-Value Loyal
13015,53,5,3339.64,1609,667.928,156,1,High-Value Loyal
13016,73,3,789.89,527,263.2966667,39,2,Regular / Growth
13017,7,1,204.0,48,204.0,1,0,At-Risk / Low-Value
13018,16,28,7277.7,5435,259.9178571,313,1,High-Value Loyal
13021,4,9,2616.38,1352,290.7088889,101,1,High-Value Loyal
13023,64,2,689.9,286,344.95,36,2,Regular / Growth
13026,1,5,975.36,1620,195.072,32,1,High-Value Loyal
13027,114,6,6912.0,17280,1152.0,6,1,High-Value Loyal
13028,23,2,661.32,798,330.66,40,2,Regular / Growth
13029,31,3,1247.5,134,415.8333333,8,2,Regular / Growth
13030,11,2,752.44,348,376.22,76,2,Regular / Growth
13032,52,2,1010.18,375,505.09,55,2,Regular / Growth
13033,357,1,190.55,83,190.55,11,0,At-Risk / Low-Value
13034,55,2,642.77,369,321.385,37,2,Regular / Growth
13035,74,2,921.88,644,460.94,23,2,Regular / Growth
13037,138,3,881.07,431,293.69,44,2,Regular / Growth
13038,80,3,908.46,360,302.82,24,2,Regular / Growth
13040,9,2,676.99,355,338.495,38,2,Regular / Growth
13043,273,1,516.42,254,516.42,13,2,Regular / Growth
13044,291,1,560.47,429,560.47,33,2,Regular / Growth
13045,99,1,305.28,221,305.28,18,2,Regular / Growth
13046,31,2,629.31,264,314.655,33,2,Regular / Growth
13047,32,10,3237.54,1391,323.754,106,1,High-Value Loyal
13048,14,4,1819.41,1228,454.8525,77,1,High-Value Loyal
13049,64,2,656.68,268,328.34,14,2,Regular / Growth
13050,15,17,5836.86,3748,343.3447059,246,1,High-Value Loyal
13052,212,1,348.15,222,348.15,18,2,Regular / Growth
13055,78,3,1214.41,894,404.8033333,74,2,Regular / Growth
13058,25,3,271.4,52,90.46666667,5,0,At-Risk / Low-Value
13059,250,1,183.4,35,183.4,8,0,At-Risk / Low-Value
13060,254,1,307.53,123,307.53,15,0,At-Risk / Low-Value
13061,72,1,248.61,107,248.61,10,0,At-Risk / Low-Value
13062,191,1,346.98,343,346.98,11,2,Regular / Growth
13064,13,4,1105.59,514,276.3975,51,2,Regular / Growth
13065,373,1,205.86,74,205.86,14,0,At-Risk / Low-Value
13066,24,2,470.8,322,235.4,48,2,Regular / Growth
13067,82,1,115.46,32,115.46,14,0,At-Risk / Low-Value
13068,10,2,344.0,200,172.0,1,0,At-Risk / Low-Value
13069,1,24,4431.44,5873,184.6433333,281,1,High-Value Loyal
13070,192,1,228.8,110,228.8,9,0,At-Risk / Low-Value
13072,267,1,177.15,69,177.15,7,0,At-Risk / Low-Value
13075,130,1,919.61,485,919.61,22,2,Regular / Growth
13077,1,4,728.02,862,182.005,99,1,High-Value Loyal
13078,3,26,12627.94,5630,485.69,95,1,High-Value Loyal
13079,4,5,220.1,62,44.02,2,0,At-Risk / Low-Value
13080,179,1,58.08,120,58.08,6,0,At-Risk / Low-Value
13081,12,11,28337.38,19068,2576.125455,503,1,High-Value Loyal
13082,126,9,3613.63,4324,401.5144444,63,1,High-Value Loyal
13083,4,2,303.75,187,151.875,15,2,Regular / Growth
13085,158,2,416.08,216,208.04,17,0,At-Risk / Low-Value
13089,3,97,58762.08,31025,605.7946392,636,1,High-Value Loyal
13090,9,14,8910.82,2263,636.4871429,98,1,High-Value Loyal
13091,28,1,345.82,466,345.82,21,2,Regular / Growth
13092,71,5,477.83,279,95.566,19,0,At-Risk / Low-Value
13093,276,8,7832.47,3961,979.05875,97,1,High-Value Loyal
13094,21,12,1927.32,1716,160.61,4,1,High-Value Loyal
13095,71,1,74.4,144,74.4,6,0,At-Risk / Low-Value
13097,33,10,6003.22,2360,600.322,214,1,High-Value Loyal
13098,1,28,28882.44,15968,1031.515714,156,1,High-Value Loyal
13099,99,1,207.36,288,207.36,1,0,At-Risk / Low-Value
13101,234,1,101.19,113,101.19,8,0,At-Risk / Low-Value
13102,1,24,6424.09,4204,267.6704167,140,1,High-Value Loyal
13103,40,1,243.94,82,243.94,8,0,At-Risk / Low-Value
13104,3,6,1098.48,504,183.08,14,2,Regular / Growth
13106,133,1,76.5,18,76.5,1,0,At-Risk / Low-Value
13107,44,4,1531.62,1293,382.905,54,2,Regular / Growth
13108,373,1,350.06,298,350.06,10,0,At-Risk / Low-Value
13109,60,2,786.54,520,393.27,41,2,Regular / Growth
13110,31,7,1488.67,388,212.6671429,109,1,High-Value Loyal
13113,1,24,12245.96,3045,510.2483333,95,1,High-Value Loyal
13115,12,4,2294.78,1567,573.695,88,1,High-Value Loyal
13116,138,1,501.14,291,501.14,30,2,Regular / Growth
13117,22,8,984.91,945,123.11375,66,1,High-Value Loyal
13118,20,5,1197.81,410,239.562,68,2,Regular / Growth
13120,239,1,30.6,12,30.6,1,0,At-Risk / Low-Value
13121,269,1,283.73,252,283.73,50,2,Regular / Growth
13122,94,2,922.39,585,461.195,54,2,Regular / Growth
13124,90,3,3756.33,2119,1252.11,185,1,High-Value Loyal
13126,5,8,2099.64,2143,262.455,124,1,High-Value Loyal
13127,78,1,259.17,127,259.17,15,0,At-Risk / Low-Value
13130,94,1,64.0,32,64.0,2,0,At-Risk / Low-Value
13131,23,3,1073.3,447,357.7666667,30,2,Regular / Growth
13132,262,1,77.3,20,77.3,3,0,At-Risk / Low-Value
13133,274,2,109.8,32,54.9,7,0,At-Risk / Low-Value
13134,86,4,1793.58,1059,448.395,94,2,Regular / Growth
13135,197,1,3096.0,4300,3096.0,1,2,Regular / Growth
13136,56,5,2607.61,1328,521.522,94,1,High-Value Loyal
13137,11,8,3603.29,2204,450.41125,345,1,High-Value Loyal
13138,22,6,962.39,473,160.3983333,31,2,Regular / Growth
13139,16,7,5064.94,2425,723.5628571,132,1,High-Value Loyal
13140,108,3,422.47,185,140.8233333,40,2,Regular / Growth
13141,85,5,2388.75,1548,477.75,113,1,High-Value Loyal
13142,19,1,307.09,258,307.09,23,2,Regular / Growth
13144,333,1,110.95,21,110.95,3,0,At-Risk / Low-Value
13145,40,4,618.52,145,154.63,5,0,At-Risk / Low-Value
13146,26,1,228.91,154,228.91,16,0,At-Risk / Low-Value
13147,10,4,712.8,144,178.2,1,0,At-Risk / Low-Value
13148,29,12,3683.26,1965,306.9383333,231,1,High-Value Loyal
13149,14,4,1676.06,1280,419.015,76,1,High-Value Loyal
13151,296,1,1257.87,363,1257.87,73,2,Regular / Growth
13153,6,1,486.22,418,486.22,15,2,Regular / Growth
13155,33,4,971.76,497,242.94,67,2,Regular / Growth
13157,49,4,1741.22,1439,435.305,69,1,High-Value Loyal
13158,95,4,1201.06,784,300.265,59,2,Regular / Growth
13159,9,4,1429.35,1058,357.3375,114,1,High-Value Loyal
13160,22,1,91.8,56,91.8,4,0,At-Risk / Low-Value
13161,313,1,112.75,29,112.75,8,0,At-Risk / Low-Value
13162,122,4,1688.29,1713,422.0725,74,2,Regular / Growth
13165,46,2,1021.48,1376,510.74,40,2,Regular / Growth
13166,283,1,417.2,216,417.2,39,2,Regular / Growth
13167,19,4,791.33,785,197.8325,51,2,Regular / Growth
13168,36,4,1299.59,670,324.8975,102,2,Regular / Growth
13169,64,2,712.88,272,356.44,11,2,Regular / Growth
13170,27,1,108.81,141,108.81,29,0,At-Risk / Low-Value
13171,22,3,468.41,229,156.1366667,37,2,Regular / Growth
13173,4,2,353.65,277,176.825,41,2,Regular / Growth
13174,16,3,2742.82,1352,914.2733333,228,1,High-Value Loyal
13176,46,1,481.49,448,481.49,66,2,Regular / Growth
13177,65,1,282.45,91,282.45,17,0,At-Risk / Low-Value
13178,26,11,5725.47,3570,520.4972727,95,1,High-Value Loyal
13182,45,1,121.18,201,121.18,11,0,At-Risk / Low-Value
13183,8,9,3957.78,2208,439.7533333,51,1,High-Value Loyal
13184,15,10,1668.95,1662,166.895,138,1,High-Value Loyal
13185,268,1,71.4,12,71.4,1,0,At-Risk / Low-Value
13186,40,3,1575.89,820,525.2966667,69,2,Regular / Growth
13187,337,1,236.02,95,236.02,37,0,At-Risk / Low-Value
13188,11,1,114.6,25,114.6,2,0,At-Risk / Low-Value
13189,19,2,260.68,842,130.34,29,2,Regular / Growth
13192,95,2,911.94,595,455.97,57,2,Regular / Growth
13193,61,1,112.08,46,112.08,22,0,At-Risk / Low-Value
13194,136,1,60.7,26,60.7,3,0,At-Risk / Low-Value
13196,11,4,1797.78,1224,449.445,97,1,High-Value Loyal
13198,10,6,3401.24,2648,566.8733333,199,1,High-Value Loyal
13199,4,38,9817.12,6176,258.3452632,48,1,High-Value Loyal
13200,19,4,870.09,516,217.5225,42,2,Regular / Growth
13203,10,4,869.46,800,217.365,56,2,Regular / Growth
13207,15,2,250.26,130,125.13,7,0,At-Risk / Low-Value
13208,59,6,1217.65,803,202.9416667,124,1,High-Value Loyal
13209,30,8,5891.61,4253,736.45125,255,1,High-Value Loyal
13210,94,1,353.48,316,353.48,22,2,Regular / Growth
13211,10,3,1095.42,834,365.14,45,2,Regular / Growth
13212,20,3,786.83,309,262.2766667,128,2,Regular / Growth
13213,57,5,1520.58,1360,304.116,82,1,High-Value Loyal
13216,268,1,333.74,297,333.74,5,0,At-Risk / Low-Value
13217,122,3,533.98,262,177.9933333,3,0,At-Risk / Low-Value
13218,127,1,62.64,88,62.64,5,0,At-Risk / Low-Value
13220,78,4,819.29,196,204.8225,18,2,Regular / Growth
13221,240,2,847.41,244,423.705,62,2,Regular / Growth
13223,200,2,163.2,88,81.6,5,0,At-Risk / Low-Value
13224,60,2,2155.95,1518,1077.975,101,2,Regular / Growth
13225,3,7,6463.84,3416,923.4057143,23,1,High-Value Loyal
13226,273,1,108.21,80,108.21,16,0,At-Risk / Low-Value
13227,202,1,257.7,99,257.7,9,0,At-Risk / Low-Value
13228,81,1,358.0,200,358.0,2,0,At-Risk / Low-Value
13229,226,1,160.95,63,160.95,10,0,At-Risk / Low-Value
13230,4,14,2755.63,1638,196.8307143,393,1,High-Value Loyal
13232,13,7,1328.35,773,189.7642857,147,1,High-Value Loyal
13233,74,2,605.12,1004,302.56,43,2,Regular / Growth
13235,212,1,1031.07,441,1031.07,53,2,Regular / Growth
13236,25,2,744.85,416,372.425,34,2,Regular / Growth
13238,17,4,700.73,298,175.1825,20,2,Regular / Growth
13239,262,1,329.56,327,329.56,21,2,Regular / Growth
13240,96,4,663.65,298,165.9125,59,2,Regular / Growth
13242,112,3,270.4,130,90.13333333,12,0,At-Risk / Low-Value
13243,203,1,585.12,232,585.12,56,2,Regular / Growth
13244,93,1,121.74,38,121.74,27,0,At-Risk / Low-Value
13245,51,1,430.5,125,430.5,16,2,Regular / Growth
13246,18,6,1961.52,1587,326.92,110,1,High-Value Loyal
13247,18,4,501.12,328,125.28,18,2,Regular / Growth
13248,125,2,465.68,305,232.84,25,2,Regular / Growth
13249,92,3,711.41,546,237.1366667,21,2,Regular / Growth
13253,157,2,1030.4,1572,515.2,35,2,Regular / Growth
13255,9,2,399.51,177,199.755,13,2,Regular / Growth
13258,12,3,672.83,282,224.2766667,28,2,Regular / Growth
13259,62,1,283.18,126,283.18,77,2,Regular / Growth
13260,61,1,557.62,142,557.62,8,2,Regular / Growth
13261,269,2,944.1,210,472.05,8,2,Regular / Growth
13262,263,1,200.29,125,200.29,11,0,At-Risk / Low-Value
13263,1,35,7436.93,4768,212.4837143,450,1,High-Value Loyal
13265,53,5,2092.66,1740,418.532,66,1,High-Value Loyal
13266,11,12,3834.26,4428,319.5216667,82,1,High-Value Loyal
13267,3,19,4521.49,1969,237.9731579,88,1,High-Value Loyal
13268,18,11,3174.75,3624,288.6136364,257,1,High-Value Loyal
13269,1,15,5343.28,3513,356.2186667,177,1,High-Value Loyal
13270,366,1,590.0,200,590.0,1,0,At-Risk / Low-Value
13271,37,1,211.49,240,211.49,79,2,Regular / Growth
13272,31,2,276.56,96,138.28,15,0,At-Risk / Low-Value
13273,113,1,138.98,153,138.98,16,0,At-Risk / Low-Value
13276,64,2,590.93,161,295.465,30,2,Regular / Growth
13277,16,4,258.4,176,64.6,5,0,At-Risk / Low-Value
13278,41,1,542.73,537,542.73,46,2,Regular / Growth
13279,78,1,137.75,73,137.75,9,0,At-Risk / Low-Value
13280,122,3,798.46,518,266.1533333,67,2,Regular / Growth
13282,18,3,1132.14,307,377.38,29,2,Regular / Growth
13283,60,2,93.66,90,46.83,7,0,At-Risk / Low-Value
13284,331,1,201.19,91,201.19,13,0,At-Risk / Low-Value
13285,23,4,2709.12,2051,677.28,157,1,High-Value Loyal
13291,156,1,361.11,233,361.11,41,2,Regular / Growth
13292,39,2,578.94,347,289.47,29,2,Regular / Growth
13294,190,2,873.74,453,436.87,48,2,Regular / Growth
13295,360,1,201.2,82,201.2,10,0,At-Risk / Low-Value
13296,137,1,87.4,78,87.4,5,0,At-Risk / Low-Value
13297,8,4,2089.85,963,522.4625,52,1,High-Value Loyal
13298,1,1,360.0,96,360.0,2,0,At-Risk / Low-Value
13299,268,1,142.5,30,142.5,5,0,At-Risk / Low-Value
13300,169,1,371.89,203,371.89,20,2,Regular / Growth
13301,104,4,618.09,345,154.5225,75,2,Regular / Growth
13302,155,1,63.75,5,63.75,1,0,At-Risk / Low-Value
13304,351,1,300.42,238,300.42,21,0,At-Risk / Low-Value
13305,4,10,2000.86,1232,200.086,50,1,High-Value Loyal
13307,120,1,15.0,4,15.0,1,0,At-Risk / Low-Value
13308,23,3,1385.51,843,461.8366667,49,2,Regular / Growth
13309,7,5,1456.79,1544,291.358,82,1,High-Value Loyal
13310,28,3,1132.03,587,377.3433333,65,2,Regular / Growth
13311,4,2,598.57,305,299.285,25,2,Regular / Growth
13313,22,5,1555.32,851,311.064,47,1,High-Value Loyal
13314,2,3,775.94,560,258.6466667,55,2,Regular / Growth
13316,37,4,5732.93,5508,1433.2325,66,1,High-Value Loyal
13317,66,6,2273.68,1035,378.9466667,100,1,High-Value Loyal
13318,1,3,640.76,304,213.5866667,14,2,Regular / Growth
13319,5,26,10845.55,4724,417.1365385,209,1,High-Value Loyal
13320,78,4,1532.2,1086,383.05,77,2,Regular / Growth
13321,72,2,567.36,372,283.68,10,2,Regular / Growth
13322,17,1,199.48,117,199.48,25,0,At-Risk / Low-Value
13323,3,5,787.85,175,157.57,6,2,Regular / Growth
13324,36,10,7121.95,5205,712.195,25,1,High-Value Loyal
13325,82,1,675.3,240,675.3,12,2,Regular / Growth
13327,39,8,3627.77,1600,453.47125,74,1,High-Value Loyal
13328,316,1,1308.48,680,1308.48,17,2,Regular / Growth
13329,32,2,789.0,463,394.5,16,2,Regular / Growth
13330,93,3,1140.93,751,380.31,37,2,Regular / Growth
13332,14,1,350.9,179,350.9,21,2,Regular / Growth
13334,82,3,3502.32,1764,1167.44,207,1,High-Value Loyal
13336,77,1,795.12,559,795.12,51,2,Regular / Growth
13338,158,1,487.02,256,487.02,19,2,Regular / Growth
13339,201,1,860.12,326,860.12,54,2,Regular / Growth
13340,45,7,10736.48,5770,1533.782857,128,1,High-Value Loyal
13341,261,1,775.85,301,775.85,42,2,Regular / Growth
13343,178,1,353.43,135,353.43,19,0,At-Risk / Low-Value
13344,68,3,2511.69,952,837.23,115,1,High-Value Loyal
13345,288,1,389.5,141,389.5,20,2,Regular / Growth
13347,70,1,341.36,205,341.36,8,0,At-Risk / Low-Value
13348,64,1,233.76,136,233.76,14,0,At-Risk / Low-Value
13349,11,1,247.32,225,247.32,16,2,Regular / Growth
13350,16,2,979.12,287,489.56,36,2,Regular / Growth
13351,66,1,373.94,117,373.94,16,2,Regular / Growth
13352,60,1,397.98,321,397.98,24,2,Regular / Growth
13354,71,1,743.53,604,743.53,51,2,Regular / Growth
13355,122,1,674.7,314,674.7,32,2,Regular / Growth
13356,80,1,768.24,325,768.24,42,2,Regular / Growth
13357,257,1,609.4,321,609.4,85,2,Regular / Growth
13358,269,1,439.03,285,439.03,29,2,Regular / Growth
13359,64,1,439.56,161,439.56,23,2,Regular / Growth
13362,9,4,3090.74,1382,772.685,128,1,High-Value Loyal
13363,18,2,992.5,710,496.25,47,2,Regular / Growth
13364,71,1,134.96,71,134.96,10,0,At-Risk / Low-Value
13365,34,2,2225.37,1247,1112.685,122,1,High-Value Loyal
13366,50,1,56.16,144,56.16,1,0,At-Risk / Low-Value
13368,257,2,623.4,327,311.7,29,2,Regular / Growth
13369,366,1,308.28,149,308.28,14,0,At-Risk / Low-Value
13370,372,1,754.87,343,754.87,39,2,Regular / Growth
13372,90,1,378.64,159,378.64,23,2,Regular / Growth
13373,61,3,3312.25,1651,1104.083333,135,1,High-Value Loyal
13375,89,1,778.65,442,778.65,37,2,Regular / Growth
13376,99,3,1019.76,493,339.92,45,2,Regular / Growth
13379,26,3,572.56,601,190.8533333,85,2,Regular / Growth
13381,32,6,3639.31,2029,606.5516667,77,1,High-Value Loyal
13382,281,1,222.99,131,222.99,15,0,At-Risk / Low-Value
13384,31,7,4151.93,2422,593.1328571,123,1,High-Value Loyal
13385,330,1,534.57,281,534.57,35,2,Regular / Growth
13388,131,2,677.1,282,338.55,35,2,Regular / Growth
13389,11,3,797.96,429,265.9866667,50,2,Regular / Growth
13390,75,1,544.08,224,544.08,13,2,Regular / Growth
13391,204,1,59.8,4,59.8,1,0,At-Risk / Low-Value
13394,2,8,2520.02,2392,315.0025,124,1,High-Value Loyal
13395,185,1,307.72,336,307.72,21,2,Regular / Growth
13396,29,2,1360.99,600,680.495,42,2,Regular / Growth
13397,73,5,1544.13,430,308.826,28,2,Regular / Growth
13398,192,1,457.34,281,457.34,26,2,Regular / Growth
13402,127,2,621.23,479,310.615,32,2,Regular / Growth
13403,18,1,75.0,44,75.0,3,0,At-Risk / Low-Value
13404,1,2,252.49,111,126.245,11,0,At-Risk / Low-Value
13405,74,3,572.451,165,190.817,25,2,Regular / Growth
13408,2,62,28117.04,16232,453.5006452,234,1,High-Value Loyal
13410,24,5,1003.06,518,200.612,15,2,Regular / Growth
13411,107,1,213.55,72,213.55,17,0,At-Risk / Low-Value
13414,134,3,1390.5,1574,463.5,23,2,Regular / Growth
13416,44,2,712.5,142,356.25,11,2,Regular / Growth
13417,5,2,640.83,162,320.415,26,2,Regular / Growth
13418,12,18,6127.43,3918,340.4127778,223,1,High-Value Loyal
13419,64,1,221.06,275,221.06,16,0,At-Risk / Low-Value
13420,150,2,159.85,101,79.925,8,0,At-Risk / Low-Value
13421,40,2,1833.71,1128,916.855,88,2,Regular / Growth
13422,64,1,2626.3,1326,2626.3,127,2,Regular / Growth
13425,108,3,1624.21,1123,541.4033333,66,2,Regular / Growth
13426,1,10,3641.32,2245,364.132,103,1,High-Value Loyal
13427,19,3,582.6,545,194.2,25,2,Regular / Growth
13428,10,1,201.78,151,201.78,70,2,Regular / Growth
13429,11,4,1006.8,1390,251.7,55,1,High-Value Loyal
13430,19,2,679.45,751,339.725,48,2,Regular / Growth
13431,67,2,1269.1,672,634.55,44,2,Regular / Growth
13434,74,2,534.24,300,267.12,9,2,Regular / Growth
13435,5,7,3809.89,2129,544.27,68,1,High-Value Loyal
13436,2,1,196.89,76,196.89,12,0,At-Risk / Low-Value
13437,14,7,3408.06,1283,486.8657143,143,1,High-Value Loyal
13439,255,1,283.71,242,283.71,54,2,Regular / Growth
13441,92,1,296.64,204,296.64,13,0,At-Risk / Low-Value
13447,23,3,1129.14,584,376.38,55,2,Regular / Growth
13448,17,6,3534.69,1648,589.115,137,1,High-Value Loyal
13449,24,1,291.88,222,291.88,19,2,Regular / Growth
13450,27,6,2043.72,1982,340.62,32,1,High-Value Loyal
13451,26,5,2898.26,2128,579.652,315,1,High-Value Loyal
13452,259,2,590.0,2,295.0,1,0,At-Risk / Low-Value
13453,166,2,356.98,134,178.49,16,0,At-Risk / Low-Value
13455,25,2,1058.34,354,529.17,42,2,Regular / Growth
13456,18,6,1766.72,765,294.4533333,43,1,High-Value Loyal
13458,7,14,9646.57,5508,689.0407143,242,1,High-Value Loyal
13460,29,2,183.44,286,91.72,16,0,At-Risk / Low-Value
13461,39,3,1445.0,1170,481.6666667,14,2,Regular / Growth
13462,253,1,151.5,62,151.5,9,0,At-Risk / Low-Value
13464,58,1,674.68,403,674.68,41,2,Regular / Growth
13466,184,1,307.9,259,307.9,17,2,Regular / Growth
13467,11,2,1071.91,580,535.955,89,2,Regular / Growth
13468,2,37,5704.97,2589,154.1883784,184,1,High-Value Loyal
13470,99,2,165.0,100,82.5,7,0,At-Risk / Low-Value
13471,1,4,2501.84,1583,625.46,214,1,High-Value Loyal
13473,61,2,422.64,266,211.32,21,2,Regular / Growth
13474,236,1,226.84,129,226.84,59,0,At-Risk / Low-Value
13475,191,4,1431.78,1012,357.945,64,2,Regular / Growth
13476,179,2,1238.47,417,619.235,56,2,Regular / Growth
13477,38,6,1454.58,1021,242.43,57,1,High-Value Loyal
13479,201,2,300.95,134,150.475,14,0,At-Risk / Low-Value
13481,46,5,1804.56,1142,360.912,98,1,High-Value Loyal
13482,232,1,184.64,116,184.64,11,0,At-Risk / Low-Value
13483,66,1,140.34,160,140.34,10,0,At-Risk / Low-Value
13484,241,1,313.8,44,313.8,8,0,At-Risk / Low-Value
13485,233,1,454.24,277,454.24,23,2,Regular / Growth
13486,78,3,1122.41,669,374.1366667,69,2,Regular / Growth
13487,58,3,575.4,265,191.8,26,2,Regular / Growth
13488,17,13,8968.31,4518,689.87,271,1,High-Value Loyal
13489,105,4,449.52,560,112.38,11,0,At-Risk / Low-Value
13491,52,10,1215.82,903,121.582,73,1,High-Value Loyal
13492,136,3,1269.84,408,423.28,38,2,Regular / Growth
13493,275,2,618.63,380,309.315,6,2,Regular / Growth
13494,312,1,316.26,162,316.26,18,0,At-Risk / Low-Value
13495,8,5,2044.87,829,408.974,34,1,High-Value Loyal
13496,11,2,653.33,341,326.665,28,2,Regular / Growth
13497,283,2,348.05,163,174.025,19,0,At-Risk / Low-Value
13499,18,5,1159.11,1365,231.822,31,2,Regular / Growth
13500,23,3,1166.77,609,388.9233333,60,2,Regular / Growth
13501,288,1,1340.32,560,1340.32,52,2,Regular / Growth
13502,17,3,292.0,264,97.33333333,17,0,At-Risk / Low-Value
13503,71,1,216.85,248,216.85,17,0,At-Risk / Low-Value
13504,64,1,295.93,178,295.93,22,2,Regular / Growth
13505,73,4,4393.63,2486,1098.4075,182,1,High-Value Loyal
13506,316,2,458.52,324,229.26,26,2,Regular / Growth
13507,3,4,2479.16,1597,619.79,146,1,High-Value Loyal
13508,244,1,110.97,24,110.97,12,0,At-Risk / Low-Value
13509,9,7,979.72,1106,139.96,27,1,High-Value Loyal
13510,1,4,1791.56,1386,447.89,86,1,High-Value Loyal
13512,261,1,251.21,143,251.21,15,0,At-Risk / Low-Value
13513,127,1,205.1,109,205.1,10,0,At-Risk / Low-Value
13514,74,1,152.2,40,152.2,4,0,At-Risk / Low-Value
13515,73,4,891.12,681,222.78,50,2,Regular / Growth
13516,21,3,1389.41,985,463.1366667,43,2,Regular / Growth
13517,60,3,2128.42,1369,709.4733333,125,1,High-Value Loyal
13518,86,1,627.16,382,627.16,36,2,Regular / Growth
13519,78,1,122.75,23,122.75,8,0,At-Risk / Low-Value
13520,59,6,3624.35,1649,604.0583333,49,1,High-Value Loyal
13521,1,3,1071.73,718,357.2433333,313,1,High-Value Loyal
13522,30,1,125.8,44,125.8,5,0,At-Risk / Low-Value
13523,33,5,3964.88,1752,792.976,157,1,High-Value Loyal
13524,41,5,680.18,324,136.036,17,2,Regular / Growth
13525,15,2,628.78,394,314.39,5,2,Regular / Growth
13527,34,7,2242.36,1683,320.3371429,153,1,High-Value Loyal
13529,79,2,307.76,74,153.88,15,0,At-Risk / Low-Value
13531,205,2,483.8,174,241.9,17,0,At-Risk / Low-Value
13532,34,1,210.31,129,210.31,66,2,Regular / Growth
13533,183,3,269.09,202,89.69666667,61,0,At-Risk / Low-Value
13534,2,25,5870.08,2961,234.8032,119,1,High-Value Loyal
13536,1,7,3444.39,2126,492.0557143,91,1,High-Value Loyal
13538,43,7,1280.85,175,182.9785714,10,2,Regular / Growth
13539,86,3,631.34,320,210.4466667,35,2,Regular / Growth
13544,40,2,276.06,112,138.03,76,2,Regular / Growth
13546,12,3,621.09,357,207.03,72,2,Regular / Growth
13548,96,2,678.16,436,339.08,114,2,Regular / Growth
13549,26,7,918.2,458,131.1714286,37,2,Regular / Growth
13551,319,1,91.8,12,91.8,4,0,At-Risk / Low-Value
13552,66,12,3740.07,1417,311.6725,82,1,High-Value Loyal
13555,74,4,4098.88,2636,1024.72,128,1,High-Value Loyal
13557,28,2,584.06,546,292.03,31,2,Regular / Growth
13558,6,4,594.52,338,148.63,123,2,Regular / Growth
13560,7,1,171.42,63,171.42,32,0,At-Risk / Low-Value
13561,216,1,141.86,83,141.86,14,0,At-Risk / Low-Value
13562,82,3,1799.33,757,599.7766667,50,2,Regular / Growth
13563,84,2,777.53,209,388.765,49,2,Regular / Growth
13564,144,3,1724.67,636,574.89,68,2,Regular / Growth
13565,19,2,240.22,172,120.11,35,0,At-Risk / Low-Value
13566,41,2,856.84,567,428.42,134,2,Regular / Growth
13568,173,1,187.05,66,187.05,41,0,At-Risk / Low-Value
13569,17,2,338.62,156,169.31,73,2,Regular / Growth
13570,243,1,239.49,161,239.49,27,0,At-Risk / Low-Value
13571,13,12,2088.94,1757,174.0783333,157,1,High-Value Loyal
13572,206,1,1384.25,534,1384.25,32,2,Regular / Growth
13573,50,2,290.25,302,145.125,24,2,Regular / Growth
13575,23,5,732.07,449,146.414,41,2,Regular / Growth
13576,10,18,6717.34,2646,373.1855556,78,1,High-Value Loyal
13577,25,4,1687.6,791,421.9,61,1,High-Value Loyal
13579,15,2,467.04,176,233.52,19,2,Regular / Growth
13581,309,1,118.0,30,118.0,10,0,At-Risk / Low-Value
13583,156,1,781.03,725,781.03,53,2,Regular / Growth
13584,307,1,142.4,37,142.4,24,0,At-Risk / Low-Value
13587,64,1,712.4,180,712.4,8,2,Regular / Growth
13588,16,9,2478.95,2606,275.4388889,131,1,High-Value Loyal
13589,15,2,379.65,114,189.825,21,2,Regular / Growth
13590,11,6,1981.92,1848,330.32,70,1,High-Value Loyal
13591,65,3,1117.13,485,372.3766667,56,2,Regular / Growth
13592,36,4,247.96,84,61.99,15,0,At-Risk / Low-Value
13593,108,5,2011.88,719,402.376,77,2,Regular / Growth
13594,53,1,396.97,359,396.97,26,2,Regular / Growth
13596,6,2,664.11,384,332.055,133,2,Regular / Growth
13598,47,1,160.04,52,160.04,33,0,At-Risk / Low-Value
13599,1,21,5149.92,3293,245.2342857,171,1,High-Value Loyal
13600,312,1,219.52,324,219.52,19,0,At-Risk / Low-Value
13601,45,2,693.32,548,346.66,90,2,Regular / Growth
13602,65,1,428.89,267,428.89,23,2,Regular / Growth
13603,26,1,164.34,164,164.34,27,0,At-Risk / Low-Value
13606,29,3,276.75,276,92.25,40,2,Regular / Growth
13607,40,1,675.51,288,675.51,93,2,Regular / Growth
13610,12,7,1082.33,488,154.6185714,165,1,High-Value Loyal
13611,89,3,1154.4,754,384.8,67,2,Regular / Growth
13614,24,4,1585.46,564,396.365,171,1,High-Value Loyal
13615,319,1,417.69,189,417.69,23,2,Regular / Growth
13617,40,3,544.18,300,181.3933333,31,2,Regular / Growth
13618,174,1,177.34,246,177.34,13,0,At-Risk / Low-Value
13621,117,1,213.85,343,213.85,19,0,At-Risk / Low-Value
13623,31,5,727.74,286,145.548,75,2,Regular / Growth
13626,253,1,257.23,209,257.23,19,0,At-Risk / Low-Value
13627,59,5,1638.47,1269,327.694,84,1,High-Value Loyal
13629,23,11,7792.36,4372,708.3963636,28,1,High-Value Loyal
13630,5,7,2031.78,1391,290.2542857,51,1,High-Value Loyal
13631,100,11,3070.42,467,279.1290909,6,2,Regular / Growth
13632,25,5,2118.93,1031,423.786,121,1,High-Value Loyal
13634,33,5,1547.36,700,309.472,156,1,High-Value Loyal
13635,68,1,1071.03,677,1071.03,62,2,Regular / Growth
13636,37,5,949.12,592,189.824,57,2,Regular / Growth
13637,52,3,804.3,405,268.1,79,2,Regular / Growth
13638,16,1,122.64,93,122.64,8,0,At-Risk / Low-Value
13639,74,1,1033.34,800,1033.34,39,2,Regular / Growth
13642,216,1,312.28,151,312.28,57,2,Regular / Growth
13643,31,3,519.44,273,173.1466667,24,2,Regular / Growth
13644,16,4,2624.26,2067,656.065,144,1,High-Value Loyal
13645,120,1,252.1,158,252.1,5,0,At-Risk / Low-Value
13647,10,4,1648.12,887,412.03,65,1,High-Value Loyal
13649,257,2,346.6,139,173.3,23,0,At-Risk / Low-Value
13650,17,6,1836.34,922,306.0566667,79,1,High-Value Loyal
13651,35,2,94.2,33,47.1,6,0,At-Risk / Low-Value
13652,46,3,1095.08,578,365.0266667,48,2,Regular / Growth
13654,43,6,2707.33,2182,451.2216667,157,1,High-Value Loyal
13655,114,2,932.97,605,466.485,52,2,Regular / Growth
13656,165,2,379.65,490,189.825,49,2,Regular / Growth
13657,11,2,382.14,209,191.07,16,2,Regular / Growth
13658,10,5,2639.17,1019,527.834,91,1,High-Value Loyal
13659,206,2,1563.0,882,781.5,92,2,Regular / Growth
13662,86,3,881.26,533,293.7533333,50,2,Regular / Growth
13663,179,1,189.47,91,189.47,13,0,At-Risk / Low-Value
13666,60,3,84.65,41,28.21666667,12,0,At-Risk / Low-Value
13667,149,1,299.05,149,299.05,82,2,Regular / Growth
13668,3,21,6309.83,3722,300.4680952,284,1,High-Value Loyal
13669,51,2,218.55,237,109.275,9,0,At-Risk / Low-Value
13670,75,1,349.7,282,349.7,25,2,Regular / Growth
13672,301,2,186.39,57,93.195,4,0,At-Risk / Low-Value
13673,19,2,387.44,114,193.72,47,2,Regular / Growth
13675,151,2,486.82,330,243.41,25,2,Regular / Growth
13678,152,1,232.6,924,232.6,16,2,Regular / Growth
13680,1,4,3719.12,1934,929.78,164,1,High-Value Loyal
13681,18,4,827.83,360,206.9575,37,2,Regular / Growth
13682,187,1,59.5,10,59.5,3,0,At-Risk / Low-Value
13684,286,1,65.13,38,65.13,29,0,At-Risk / Low-Value
13685,3,7,3119.44,5056,445.6342857,29,1,High-Value Loyal
13686,183,1,72.0,70,72.0,8,0,At-Risk / Low-Value
13689,63,1,910.0,512,910.0,6,2,Regular / Growth
13690,59,1,172.25,67,172.25,9,0,At-Risk / Low-Value
13692,25,3,1488.32,1226,496.1066667,48,2,Regular / Growth
13694,4,50,65039.62,63312,1300.7924,366,1,High-Value Loyal
13695,31,15,2504.13,1603,166.942,46,1,High-Value Loyal
13697,39,1,151.3,177,151.3,12,0,At-Risk / Low-Value
13699,155,1,308.58,66,308.58,14,0,At-Risk / Low-Value
13700,26,10,2248.63,2281,224.863,139,1,High-Value Loyal
13703,318,1,99.5,10,99.5,1,0,At-Risk / Low-Value
13704,5,9,2308.06,1531,256.4511111,111,1,High-Value Loyal
13705,8,3,711.86,363,237.2866667,25,2,Regular / Growth
13706,303,1,330.79,189,330.79,20,0,At-Risk / Low-Value
13707,267,2,806.41,351,403.205,48,2,Regular / Growth
13708,271,1,285.33,301,285.33,49,2,Regular / Growth
13709,4,13,6307.65,3508,485.2038462,244,1,High-Value Loyal
13710,32,1,180.48,176,180.48,8,0,At-Risk / Low-Value
13711,219,2,252.06,140,126.03,11,0,At-Risk / Low-Value
13712,247,1,228.84,352,228.84,10,0,At-Risk / Low-Value
13715,281,5,1077.39,562,215.478,89,2,Regular / Growth
13716,269,1,138.28,138,138.28,21,0,At-Risk / Low-Value
13717,32,6,1445.01,1959,240.835,92,1,High-Value Loyal
13718,246,2,306.55,173,153.275,9,0,At-Risk / Low-Value
13719,15,5,1041.68,609,208.336,56,2,Regular / Growth
13720,117,4,799.9,501,199.975,42,2,Regular / Growth
13721,36,1,524.14,316,524.14,28,2,Regular / Growth
13722,132,3,2375.41,1401,791.8033333,75,2,Regular / Growth
13723,217,1,199.85,43,199.85,6,0,At-Risk / Low-Value
13725,50,8,1980.56,806,247.57,95,1,High-Value Loyal
13726,39,2,1079.66,1054,539.83,39,2,Regular / Growth
13727,29,2,333.48,162,166.74,19,0,At-Risk / Low-Value
13728,37,6,1016.14,458,169.3566667,38,2,Regular / Growth
13730,136,2,752.6,488,376.3,38,2,Regular / Growth
13731,219,2,610.59,278,305.295,36,2,Regular / Growth
13732,28,1,491.86,498,491.86,33,2,Regular / Growth
13735,25,4,2883.54,1128,720.885,158,1,High-Value Loyal
13736,5,2,729.8,496,364.9,166,2,Regular / Growth
13737,200,1,339.6,125,339.6,29,2,Regular / Growth
13739,18,1,216.9,54,216.9,3,0,At-Risk / Low-Value
13740,241,1,350.75,425,350.75,23,2,Regular / Growth
13741,72,3,668.43,218,222.81,34,2,Regular / Growth
13742,17,12,3107.87,1115,258.9891667,200,1,High-Value Loyal
13743,3,7,1341.6,1776,191.6571429,8,1,High-Value Loyal
13744,95,2,1080.52,1153,540.26,54,2,Regular / Growth
13745,162,1,300.04,496,300.04,25,2,Regular / Growth
13747,374,1,79.6,8,79.6,1,0,At-Risk / Low-Value
13748,96,5,948.25,439,189.65,24,2,Regular / Growth
13750,54,5,1647.26,516,329.452,20,2,Regular / Growth
13751,288,1,296.25,152,296.25,9,0,At-Risk / Low-Value
13752,124,6,1175.38,874,195.8966667,64,2,Regular / Growth
13753,288,1,741.26,512,741.26,35,2,Regular / Growth
13754,152,2,282.6,214,141.3,11,0,At-Risk / Low-Value
13755,4,9,2108.06,1242,234.2288889,232,1,High-Value Loyal
13756,2,14,5189.52,3188,370.68,66,1,High-Value Loyal
13758,12,7,3190.55,1844,455.7928571,104,1,High-Value Loyal
13759,33,2,659.41,287,329.705,24,2,Regular / Growth
13760,54,2,286.79,197,143.395,50,2,Regular / Growth
13761,50,2,1070.65,642,535.325,68,2,Regular / Growth
13762,219,1,306.72,272,306.72,7,0,At-Risk / Low-Value
13763,63,1,1714.96,728,1714.96,15,2,Regular / Growth
13764,71,3,1519.42,926,506.4733333,183,2,Regular / Growth
13767,2,37,17220.36,7322,465.4151351,55,1,High-Value Loyal
13769,2,10,2796.51,1163,279.651,73,1,High-Value Loyal
13771,64,4,2634.45,1477,658.6125,114,1,High-Value Loyal
13772,34,3,1122.63,540,374.21,141,2,Regular / Growth
13774,82,1,345.0,192,345.0,22,2,Regular / Growth
13777,1,33,25977.16,12897,787.1866667,36,1,High-Value Loyal
13778,103,1,178.7,70,178.7,9,0,At-Risk / Low-Value
13780,7,2,360.01,318,180.005,56,2,Regular / Growth
13781,251,1,127.84,30,127.84,17,0,At-Risk / Low-Value
13782,13,6,908.86,369,151.4766667,96,2,Regular / Growth
13784,10,11,2462.79,2493,223.89,9,1,High-Value Loyal
13786,367,1,230.4,136,230.4,7,0,At-Risk / Low-Value
13787,76,2,309.04,337,154.52,24,2,Regular / Growth
13790,4,1,348.8,748,348.8,45,2,Regular / Growth
13791,128,2,1516.0,1200,758.0,7,2,Regular / Growth
13792,66,2,195.55,92,97.775,13,0,At-Risk / Low-Value
13798,1,57,37153.85,23948,651.8219298,113,1,High-Value Loyal
13799,117,2,688.86,402,344.43,32,2,Regular / Growth
13800,310,1,558.32,331,558.32,33,2,Regular / Growth
13801,67,1,324.8,168,324.8,23,2,Regular / Growth
13802,139,3,4599.42,2572,1533.14,55,1,High-Value Loyal
13803,255,1,277.07,121,277.07,17,0,At-Risk / Low-Value
13804,31,7,2588.39,1462,369.77,124,1,High-Value Loyal
13805,52,2,924.6,1900,462.3,10,2,Regular / Growth
13806,64,1,256.38,56,256.38,10,0,At-Risk / Low-Value
13807,367,1,112.6,36,112.6,7,0,At-Risk / Low-Value
13808,6,5,1747.66,782,349.532,70,1,High-Value Loyal
13809,305,1,155.05,29,155.05,11,0,At-Risk / Low-Value
13810,29,3,1499.01,312,499.67,32,2,Regular / Growth
13811,184,3,814.5,68,271.5,7,0,At-Risk / Low-Value
13812,42,3,539.0,333,179.6666667,33,2,Regular / Growth
13813,40,4,1366.86,552,341.715,54,2,Regular / Growth
13814,92,2,1579.12,864,789.56,37,2,Regular / Growth
13815,22,4,4027.36,2560,1006.84,132,1,High-Value Loyal
13816,24,2,571.67,269,285.835,25,2,Regular / Growth
13817,29,2,382.98,211,191.49,20,2,Regular / Growth
13819,302,3,1140.35,1109,380.1166667,26,2,Regular / Growth
13821,145,2,385.64,153,192.82,51,2,Regular / Growth
13822,6,2,632.0,611,316.0,90,2,Regular / Growth
13823,19,2,957.66,439,478.83,39,2,Regular / Growth
13824,33,5,1698.94,768,339.788,34,2,Regular / Growth
13826,176,1,189.5,82,189.5,10,0,At-Risk / Low-Value
13827,58,3,409.8,138,136.6,83,2,Regular / Growth
13828,22,1,209.49,311,209.49,15,0,At-Risk / Low-Value
13831,16,6,2198.45,743,366.4083333,58,1,High-Value Loyal
13832,19,1,52.2,28,52.2,3,0,At-Risk / Low-Value
13833,159,1,383.85,117,383.85,28,2,Regular / Growth
13835,25,4,834.57,442,208.6425,48,2,Regular / Growth
13837,212,2,266.59,182,133.295,17,0,At-Risk / Low-Value
13838,6,4,674.82,254,168.705,144,2,Regular / Growth
13841,253,1,85.0,100,85.0,1,0,At-Risk / Low-Value
13842,59,9,3385.62,1768,376.18,155,1,High-Value Loyal
13844,11,1,361.62,196,361.62,20,2,Regular / Growth
13845,65,1,312.98,182,312.98,9,0,At-Risk / Low-Value
13846,25,3,865.06,388,288.3533333,55,2,Regular / Growth
13848,92,3,1255.0,3700,418.3333333,3,2,Regular / Growth
13849,52,2,1537.95,1016,768.975,97,2,Regular / Growth
13850,129,1,1595.48,944,1595.48,93,2,Regular / Growth
13851,96,3,2651.46,1705,883.82,77,1,High-Value Loyal
13853,57,1,1090.14,312,1090.14,23,2,Regular / Growth
13854,9,25,8109.52,2296,324.3808,39,1,High-Value Loyal
13856,169,3,388.5,494,129.5,10,0,At-Risk / Low-Value
13858,57,1,216.17,75,216.17,11,0,At-Risk / Low-Value
13859,326,1,201.16,129,201.16,27,0,At-Risk / Low-Value
13860,1,5,1245.9,591,249.18,58,1,High-Value Loyal
13862,18,8,2209.36,1688,276.17,97,1,High-Value Loyal
13863,248,1,305.78,224,305.78,20,0,At-Risk / Low-Value
13865,58,4,501.56,204,125.39,26,2,Regular / Growth
13866,74,1,145.67,57,145.67,7,0,At-Risk / Low-Value
13867,31,3,1005.09,501,335.03,51,2,Regular / Growth
13868,7,2,3192.54,1964,1596.27,32,1,High-Value Loyal
13869,123,4,3083.65,1709,770.9125,234,1,High-Value Loyal
13870,2,8,2770.94,1325,346.3675,91,1,High-Value Loyal
13871,23,13,6403.25,2806,492.5576923,155,1,High-Value Loyal
13873,120,3,389.6,140,129.8666667,21,0,At-Risk / Low-Value
13874,358,1,540.45,180,540.45,18,2,Regular / Growth
13875,54,5,1786.79,1316,357.358,79,1,High-Value Loyal
13876,64,1,122.7,36,122.7,7,0,At-Risk / Low-Value
13877,86,1,117.24,108,117.24,3,0,At-Risk / Low-Value
13878,55,1,1271.57,463,1271.57,35,2,Regular / Growth
13880,21,13,3219.77,1842,247.6746154,125,1,High-Value Loyal
13881,4,20,17159.52,10118,857.976,72,1,High-Value Loyal
13882,3,5,1191.13,953,238.226,54,1,High-Value Loyal
13883,11,5,2674.48,1436,534.896,108,1,High-Value Loyal
13884,7,5,787.6,300,157.52,45,2,Regular / Growth
13885,189,2,506.8,182,253.4,28,2,Regular / Growth
13886,71,1,243.56,126,243.56,16,0,At-Risk / Low-Value
13887,204,1,349.55,147,349.55,19,0,At-Risk / Low-Value
13888,120,2,595.67,254,297.835,38,2,Regular / Growth
13889,93,1,416.9,146,416.9,15,2,Regular / Growth
13890,1,10,1883.81,831,188.381,74,1,High-Value Loyal
13892,27,4,632.97,983,158.2425,26,2,Regular / Growth
13893,298,1,821.1,190,821.1,21,2,Regular / Growth
13894,24,3,564.62,354,188.2066667,25,2,Regular / Growth
13895,28,4,2593.07,1365,648.2675,97,1,High-Value Loyal
13897,50,1,311.16,200,311.16,17,2,Regular / Growth
13898,326,1,155.93,133,155.93,12,0,At-Risk / Low-Value
13899,16,2,388.52,156,194.26,19,2,Regular / Growth
13900,183,3,740.95,430,246.9833333,42,2,Regular / Growth
13901,72,5,2867.2,1739,573.44,144,1,High-Value Loyal
13904,37,2,332.64,332,166.32,24,2,Regular / Growth
13908,80,4,2369.55,1478,592.3875,104,1,High-Value Loyal
13911,57,9,2580.91,2731,286.7677778,120,1,High-Value Loyal
13914,12,2,626.45,380,313.225,28,2,Regular / Growth
13917,50,2,272.04,228,136.02,16,0,At-Risk / Low-Value
13918,50,2,1212.84,1140,606.42,30,2,Regular / Growth
13919,59,2,384.81,474,192.405,24,2,Regular / Growth
13922,352,1,172.25,93,172.25,7,0,At-Risk / Low-Value
13923,54,1,351.13,185,351.13,20,2,Regular / Growth
13924,2,6,1838.85,1575,306.475,90,1,High-Value Loyal
13925,93,4,678.25,331,169.5625,28,2,Regular / Growth
13926,23,1,223.85,104,223.85,11,0,At-Risk / Low-Value
13927,75,1,348.99,214,348.99,21,2,Regular / Growth
13928,11,4,464.57,129,116.1425,23,2,Regular / Growth
13929,169,2,842.65,143,421.325,8,2,Regular / Growth
13930,58,2,337.34,274,168.67,15,0,At-Risk / Low-Value
13931,96,2,1237.53,725,618.765,56,2,Regular / Growth
13932,295,1,307.4,72,307.4,16,0,At-Risk / Low-Value
13933,109,2,608.79,205,304.395,23,2,Regular / Growth
13934,264,1,922.1,390,922.1,31,2,Regular / Growth
13936,180,1,376.58,330,376.58,26,2,Regular / Growth
13937,169,1,158.85,123,158.85,9,0,At-Risk / Low-Value
13938,35,1,71.66,70,71.66,7,0,At-Risk / Low-Value
13939,23,3,568.55,847,189.5166667,43,2,Regular / Growth
13940,17,4,839.14,516,209.785,39,2,Regular / Growth
13941,22,5,5112.96,2364,1022.592,24,1,High-Value Loyal
13946,79,3,561.57,443,187.19,11,2,Regular / Growth
13947,65,1,90.6,44,90.6,5,0,At-Risk / Low-Value
13948,361,1,102.0,40,102.0,3,0,At-Risk / Low-Value
13949,3,6,2427.32,2474,404.5533333,124,1,High-Value Loyal
13950,11,4,745.06,323,186.265,33,2,Regular / Growth
13951,176,3,674.45,459,224.8166667,38,2,Regular / Growth
13952,218,2,3251.071,1431,1625.5355,120,2,Regular / Growth
13953,7,7,3515.68,2724,502.24,8,1,High-Value Loyal
13954,2,2,439.92,150,219.96,24,2,Regular / Growth
13955,154,2,322.96,154,161.48,33,0,At-Risk / Low-Value
13956,5,5,1019.27,486,203.854,123,1,High-Value Loyal
13959,79,3,594.04,355,198.0133333,79,2,Regular / Growth
13960,21,2,230.22,142,115.11,11,0,At-Risk / Low-Value
13962,22,2,169.55,87,84.775,11,0,At-Risk / Low-Value
13963,308,4,664.54,460,166.135,35,2,Regular / Growth
13967,146,1,80.7,42,80.7,2,0,At-Risk / Low-Value
13969,7,18,9024.17,4528,501.3427778,334,1,High-Value Loyal
13971,19,8,2758.26,1844,344.7825,118,1,High-Value Loyal
13972,71,2,190.25,187,95.125,15,0,At-Risk / Low-Value
13973,287,1,264.7,109,264.7,11,0,At-Risk / Low-Value
13974,49,1,413.59,249,413.59,28,2,Regular / Growth
13975,31,6,2461.24,1697,410.2066667,240,1,High-Value Loyal
13976,207,1,357.98,154,357.98,10,0,At-Risk / Low-Value
13978,15,2,196.79,315,98.395,14,0,At-Risk / Low-Value
13979,73,1,869.87,639,869.87,54,2,Regular / Growth
13980,60,1,200.14,172,200.14,11,0,At-Risk / Low-Value
13982,39,4,1871.81,1136,467.9525,72,1,High-Value Loyal
13983,30,12,2603.43,1183,216.9525,91,1,High-Value Loyal
13984,27,5,920.51,679,184.102,14,2,Regular / Growth
13985,4,15,7060.13,3445,470.6753333,108,1,High-Value Loyal
13986,17,1,320.46,430,320.46,12,2,Regular / Growth
13988,20,6,4147.96,3044,691.3266667,188,1,High-Value Loyal
13989,66,2,1266.08,1313,633.04,33,2,Regular / Growth
13990,213,1,311.3,190,311.3,16,0,At-Risk / Low-Value
13991,12,6,852.88,995,142.1466667,58,1,High-Value Loyal
13992,30,1,76.8,64,76.8,5,0,At-Risk / Low-Value
13993,43,9,3466.36,900,385.1511111,66,1,High-Value Loyal
13994,4,6,2274.14,932,379.0233333,122,1,High-Value Loyal
13995,15,5,1393.69,879,278.738,55,1,High-Value Loyal
13999,10,12,3901.81,2243,325.1508333,102,1,High-Value Loyal
14000,211,1,635.66,710,635.66,15,2,Regular / Growth
14001,46,3,2043.08,962,681.0266667,34,2,Regular / Growth
14002,134,2,529.73,877,264.865,47,2,Regular / Growth
14004,43,7,4582.64,2668,654.6628571,102,1,High-Value Loyal
14005,10,5,2874.72,2478,574.944,53,1,High-Value Loyal
14006,116,3,962.19,641,320.73,22,2,Regular / Growth
14009,198,2,695.61,365,347.805,42,2,Regular / Growth
14012,278,1,328.8,160,328.8,11,0,At-Risk / Low-Value
14013,110,3,473.02,462,157.6733333,30,2,Regular / Growth
14014,77,1,505.18,1076,505.18,39,2,Regular / Growth
14015,53,1,917.34,378,917.34,20,2,Regular / Growth
14016,162,4,4341.21,2125,1085.3025,154,1,High-Value Loyal
14019,47,3,1421.61,1037,473.87,37,2,Regular / Growth
14020,17,2,642.8,441,321.4,37,2,Regular / Growth
14021,155,3,631.9,192,210.6333333,22,2,Regular / Growth
14022,225,1,440.0,487,440.0,28,2,Regular / Growth
14023,7,2,584.07,345,292.035,30,2,Regular / Growth
14024,122,2,327.7,150,163.85,16,0,At-Risk / Low-Value
14027,61,1,104.82,62,104.82,6,0,At-Risk / Low-Value
14029,63,2,467.66,198,233.83,15,2,Regular / Growth
14030,18,8,2358.84,1478,294.855,210,1,High-Value Loyal
14031,7,19,17286.86,5788,909.8347368,119,1,High-Value Loyal
14032,2,11,2975.59,2032,270.5081818,53,1,High-Value Loyal
14034,22,3,648.89,420,216.2966667,82,2,Regular / Growth
14035,29,5,1428.02,739,285.604,41,2,Regular / Growth
14036,285,1,626.65,268,626.65,38,2,Regular / Growth
14037,176,2,147.2,46,73.6,27,0,At-Risk / Low-Value
14038,78,3,1560.38,965,520.1266667,64,2,Regular / Growth
14039,33,1,152.2,92,152.2,6,0,At-Risk / Low-Value
14040,41,12,3560.32,1544,296.6933333,146,1,High-Value Loyal
14041,266,1,141.41,94,141.41,21,0,At-Risk / Low-Value
14044,27,4,646.42,304,161.605,165,2,Regular / Growth
14045,109,4,1659.75,535,414.9375,4,2,Regular / Growth
14046,284,1,154.99,460,154.99,14,0,At-Risk / Low-Value
14047,9,5,1308.61,381,261.722,22,2,Regular / Growth
14048,305,1,409.93,288,409.93,83,2,Regular / Growth
14049,17,4,5578.72,3808,1394.68,348,1,High-Value Loyal
14050,32,2,746.36,689,373.18,49,2,Regular / Growth
14051,1,23,15610.39,3756,678.7126087,52,1,High-Value Loyal
14052,20,1,225.36,89,225.36,56,2,Regular / Growth
14053,124,2,260.25,215,130.125,2,0,At-Risk / Low-Value
14054,65,1,92.46,62,92.46,6,0,At-Risk / Low-Value
14055,106,1,725.64,216,725.64,10,2,Regular / Growth
14056,1,23,8152.71,4252,354.4656522,320,1,High-Value Loyal
14057,24,17,6211.66,4873,365.3917647,179,1,High-Value Loyal
14059,267,1,183.6,128,183.6,8,0,At-Risk / Low-Value
14060,5,19,6140.42,5386,323.18,86,1,High-Value Loyal
14062,10,12,10464.85,5593,872.0708333,60,1,High-Value Loyal
14064,29,5,1334.34,1772,266.868,59,1,High-Value Loyal
14066,267,1,152.55,45,152.55,7,0,At-Risk / Low-Value
14067,64,2,374.7,361,187.35,51,2,Regular / Growth
14068,320,1,265.85,73,265.85,22,0,At-Risk / Low-Value
14071,4,8,1437.57,994,179.69625,271,1,High-Value Loyal
14073,32,1,151.04,130,151.04,13,0,At-Risk / Low-Value
14075,5,3,942.26,754,314.0866667,33,2,Regular / Growth
14076,129,1,118.67,79,118.67,43,0,At-Risk / Low-Value
14077,41,5,499.42,268,99.884,33,2,Regular / Growth
14078,102,6,1049.37,310,174.895,46,2,Regular / Growth
14079,125,1,375.1,301,375.1,12,2,Regular / Growth
14080,33,1,45.6,48,45.6,4,0,At-Risk / Low-Value
14081,302,2,921.62,592,460.81,126,2,Regular / Growth
14082,365,1,182.25,110,182.25,28,0,At-Risk / Low-Value
14083,4,9,1002.9,705,111.4333333,162,1,High-Value Loyal
14085,2,18,4421.29,3177,245.6272222,272,1,High-Value Loyal
14087,3,1,191.47,250,191.47,61,2,Regular / Growth
14088,10,13,50491.81,12665,3883.985385,379,1,High-Value Loyal
14089,57,1,158.75,133,158.75,13,0,At-Risk / Low-Value
14090,325,1,76.32,72,76.32,1,0,At-Risk / Low-Value
14092,8,14,4076.91,2066,291.2078571,117,1,High-Value Loyal
14093,12,1,433.86,391,433.86,95,2,Regular / Growth
14096,4,17,65164.79,16352,3833.222941,1119,1,High-Value Loyal
14098,37,1,147.35,104,147.35,21,0,At-Risk / Low-Value
14099,16,11,3104.17,2179,282.1972727,167,1,High-Value Loyal
14100,138,1,191.95,63,191.95,24,0,At-Risk / Low-Value
14101,74,6,5976.79,6942,996.1316667,15,1,High-Value Loyal
14102,5,5,1105.88,769,221.176,35,1,High-Value Loyal
14104,155,2,216.21,72,108.105,21,0,At-Risk / Low-Value
14105,239,1,1266.23,800,1266.23,74,2,Regular / Growth
14107,52,7,2703.23,1793,386.1757143,61,1,High-Value Loyal
14108,31,2,597.91,381,298.955,33,2,Regular / Growth
14109,73,1,144.2,88,144.2,9,0,At-Risk / Low-Value
14110,4,12,5683.15,2445,473.5958333,94,1,High-Value Loyal
14111,14,4,692.85,458,173.2125,10,2,Regular / Growth
14112,23,7,2915.15,1651,416.45,117,1,High-Value Loyal
14113,4,4,1840.42,745,460.105,26,1,High-Value Loyal
14114,274,2,386.53,101,193.265,15,0,At-Risk / Low-Value
14116,20,5,1382.74,707,276.548,61,1,High-Value Loyal
14117,144,1,90.0,72,90.0,3,0,At-Risk / Low-Value
14121,4,4,2780.15,2082,695.0375,148,1,High-Value Loyal
14124,84,1,419.58,1618,419.58,4,2,Regular / Growth
14125,11,3,2720.63,1628,906.8766667,159,1,High-Value Loyal
14126,8,3,706.13,508,235.3766667,14,2,Regular / Growth
14127,123,3,709.71,321,236.57,39,2,Regular / Growth
14128,61,2,637.5,564,318.75,40,2,Regular / Growth
14129,2,5,1123.86,592,224.772,31,1,High-Value Loyal
14130,319,1,480.91,257,480.91,66,2,Regular / Growth
14132,2,11,3586.03,3368,326.0027273,100,1,High-Value Loyal
14133,130,3,605.64,348,201.88,25,2,Regular / Growth
14135,2,15,4690.31,3850,312.6873333,95,1,High-Value Loyal
14138,2,2,965.88,600,482.94,40,2,Regular / Growth
14139,46,1,415.82,510,415.82,26,2,Regular / Growth
14140,4,2,935.05,811,467.525,60,2,Regular / Growth
14141,3,4,915.13,355,228.7825,27,2,Regular / Growth
14142,373,1,311.81,313,311.81,22,2,Regular / Growth
14143,134,1,115.8,30,115.8,7,0,At-Risk / Low-Value
14145,47,4,3742.2,756,935.55,6,2,Regular / Growth
14146,9,5,4191.0,2437,838.2,183,1,High-Value Loyal
14147,78,2,483.4,108,241.7,4,0,At-Risk / Low-Value
14148,234,1,157.2,16,157.2,3,0,At-Risk / Low-Value
14149,221,1,446.62,218,446.62,28,2,Regular / Growth
14150,36,2,658.64,496,329.32,23,2,Regular / Growth
14152,75,2,621.29,711,310.645,47,2,Regular / Growth
14154,239,2,1345.62,465,672.81,52,2,Regular / Growth
14155,266,1,118.75,25,118.75,6,0,At-Risk / Low-Value
14156,10,55,117210.08,57768,2131.092364,714,1,High-Value Loyal
14157,20,2,424.89,271,212.445,45,2,Regular / Growth
14158,40,1,507.66,781,507.66,41,2,Regular / Growth
14159,20,11,4630.35,4348,420.9409091,501,1,High-Value Loyal
14161,216,3,1097.62,450,365.8733333,87,2,Regular / Growth
14162,174,2,289.36,142,144.68,25,0,At-Risk / Low-Value
14163,87,4,2445.91,893,611.4775,36,2,Regular / Growth
14164,71,2,1631.77,1033,815.885,28,2,Regular / Growth
14165,276,1,120.44,53,120.44,23,0,At-Risk / Low-Value
14167,39,4,562.59,147,140.6475,27,2,Regular / Growth
14171,98,1,363.79,167,363.79,57,2,Regular / Growth
14173,11,4,450.84,150,112.71,28,2,Regular / Growth
14174,33,1,134.46,94,134.46,26,0,At-Risk / Low-Value
14175,60,3,3222.3,1515,1074.1,139,1,High-Value Loyal
14176,297,4,576.9,209,144.225,28,2,Regular / Growth
14177,86,4,549.46,204,137.365,37,2,Regular / Growth
14178,9,7,1600.26,1494,228.6085714,191,1,High-Value Loyal
14179,41,2,701.57,319,350.785,135,2,Regular / Growth
14180,11,25,4748.52,719,189.9408,112,1,High-Value Loyal
14184,67,1,452.89,127,452.89,24,2,Regular / Growth
14185,331,1,197.65,6,197.65,3,0,At-Risk / Low-Value
14188,31,6,2054.36,1162,342.3933333,34,1,High-Value Loyal
14189,2,15,4654.08,3937,310.272,176,1,High-Value Loyal
14191,2,13,4684.76,3662,360.3661538,145,1,High-Value Loyal
14193,68,2,853.39,445,426.695,35,2,Regular / Growth
14194,5,21,11349.52,5840,540.4533333,269,1,High-Value Loyal
14195,202,2,1012.0,760,506.0,7,2,Regular / Growth
14196,107,1,335.52,142,335.52,6,0,At-Risk / Low-Value
14198,18,4,701.4,290,175.35,35,2,Regular / Growth
14199,218,1,185.4,28,185.4,2,0,At-Risk / Low-Value
14201,60,7,747.44,590,106.7771429,32,2,Regular / Growth
14204,2,1,150.61,72,150.61,36,0,At-Risk / Low-Value
14205,17,2,466.7,204,233.35,23,2,Regular / Growth
14206,239,1,328.16,276,328.16,20,2,Regular / Growth
14208,95,1,151.74,114,151.74,10,0,At-Risk / Low-Value
14209,11,6,2073.43,691,345.5716667,55,1,High-Value Loyal
14210,106,6,1905.84,760,317.64,66,2,Regular / Growth
14211,53,9,2241.1,1242,249.0111111,87,1,High-Value Loyal
14212,90,1,1070.48,1152,1070.48,9,2,Regular / Growth
14214,31,5,1004.38,751,200.876,64,2,Regular / Growth
14215,12,6,1789.72,1358,298.2866667,98,1,High-Value Loyal
14216,3,4,1839.3,594,459.825,47,1,High-Value Loyal
14217,2,17,2004.98,689,117.94,78,1,High-Value Loyal
14218,43,1,169.48,160,169.48,12,0,At-Risk / Low-Value
14219,4,1,89.94,78,89.94,7,0,At-Risk / Low-Value
14220,247,2,632.4,272,316.2,21,2,Regular / Growth
14221,42,9,3432.8,2191,381.4222222,123,1,High-Value Loyal
14222,177,1,683.17,607,683.17,41,2,Regular / Growth
14223,92,3,991.13,585,330.3766667,50,2,Regular / Growth
14224,110,4,1009.73,483,252.4325,105,2,Regular / Growth
14226,29,5,2214.79,1296,442.958,64,1,High-Value Loyal
14227,26,10,3350.96,1820,335.096,117,1,High-Value Loyal
14229,52,3,1547.2,610,515.7333333,29,2,Regular / Growth
14231,184,3,925.71,409,308.57,47,2,Regular / Growth
14232,43,5,2048.07,1941,409.614,81,1,High-Value Loyal
14233,49,4,1462.72,680,365.68,30,2,Regular / Growth
14234,22,4,754.12,951,188.53,122,2,Regular / Growth
14235,75,5,3144.86,1959,628.972,65,1,High-Value Loyal
14236,81,2,490.86,310,245.43,15,2,Regular / Growth
14237,373,1,161.0,38,161.0,9,0,At-Risk / Low-Value
14238,326,1,146.85,111,146.85,8,0,At-Risk / Low-Value
14239,43,11,2380.85,993,216.4409091,83,1,High-Value Loyal
14240,30,2,890.34,418,445.17,37,2,Regular / Growth
14241,184,1,213.7,146,213.7,10,0,At-Risk / Low-Value
14242,235,2,280.55,123,140.275,13,0,At-Risk / Low-Value
14243,9,10,2588.77,1221,258.877,99,1,High-Value Loyal
14245,220,2,1693.45,976,846.725,107,2,Regular / Growth
14246,111,3,1474.06,804,491.3533333,57,2,Regular / Growth
14247,278,1,136.77,47,136.77,19,0,At-Risk / Low-Value
14248,318,1,302.58,102,302.58,8,0,At-Risk / Low-Value
14250,7,3,1904.05,1200,634.6833333,94,1,High-Value Loyal
14251,2,5,2879.7,1674,575.94,37,1,High-Value Loyal
14256,260,2,969.06,414,484.53,51,2,Regular / Growth
14257,64,5,3099.72,1682,619.944,88,1,High-Value Loyal
14258,9,9,12669.98,7100,1407.775556,58,1,High-Value Loyal
14259,142,1,120.0,68,120.0,5,0,At-Risk / Low-Value
14261,51,2,1163.45,406,581.725,52,2,Regular / Growth
14262,8,8,2618.23,1645,327.27875,87,1,High-Value Loyal
14264,155,2,333.97,70,166.985,15,0,At-Risk / Low-Value
14265,109,2,530.18,330,265.09,31,2,Regular / Growth
14267,163,3,1516.24,530,505.4133333,25,2,Regular / Growth
14270,332,1,492.65,197,492.65,29,2,Regular / Growth
14271,226,1,112.32,88,112.32,10,0,At-Risk / Low-Value
14272,74,2,437.96,599,218.98,33,2,Regular / Growth
14273,51,4,559.97,264,139.9925,22,2,Regular / Growth
14276,99,3,1119.74,744,373.2466667,52,2,Regular / Growth
14277,15,3,4188.0,1976,1396.0,195,1,High-Value Loyal
14280,197,1,134.04,52,134.04,8,0,At-Risk / Low-Value
14282,3,15,3701.44,2656,246.7626667,70,1,High-Value Loyal
14284,31,2,595.25,161,297.625,24,2,Regular / Growth
14285,21,4,1910.01,541,477.5025,18,2,Regular / Growth
14286,24,3,4628.75,4338,1542.916667,220,1,High-Value Loyal
14287,8,3,176.63,261,58.87666667,9,0,At-Risk / Low-Value
14288,213,1,426.6,188,426.6,16,2,Regular / Growth
14289,9,6,911.26,292,151.8766667,33,2,Regular / Growth
14290,11,5,2314.65,915,462.93,89,1,High-Value Loyal
14291,2,11,3883.25,2749,353.0227273,145,1,High-Value Loyal
14292,8,9,4871.93,1663,541.3255556,64,1,High-Value Loyal
14293,3,4,1046.56,709,261.64,51,1,High-Value Loyal
14295,40,1,166.2,84,166.2,5,0,At-Risk / Low-Value
14297,18,4,1305.33,865,326.3325,48,2,Regular / Growth
14298,8,44,51527.3,58343,1171.075,884,1,High-Value Loyal
14299,8,9,3965.62,2149,440.6244444,94,1,High-Value Loyal
14300,19,1,43.2,32,43.2,3,0,At-Risk / Low-Value
14301,117,1,640.14,606,640.14,13,2,Regular / Growth
14304,223,1,383.45,139,383.45,17,0,At-Risk / Low-Value
14305,71,3,1858.96,1089,619.6533333,96,2,Regular / Growth
14306,51,2,2093.32,1075,1046.66,33,2,Regular / Growth
14307,89,6,2995.72,2058,499.2866667,150,1,High-Value Loyal
14309,8,9,2352.53,1633,261.3922222,74,1,High-Value Loyal
14311,243,1,310.26,146,310.26,20,0,At-Risk / Low-Value
14312,47,6,1611.59,1012,268.5983333,74,1,High-Value Loyal
14314,107,1,120.0,296,120.0,8,0,At-Risk / Low-Value
14315,45,6,2481.13,1021,413.5216667,64,1,High-Value Loyal
14317,65,1,508.58,255,508.58,24,2,Regular / Growth
14320,207,2,477.79,325,238.895,29,2,Regular / Growth
14321,11,5,1530.75,2406,306.15,111,1,High-Value Loyal
14323,115,2,605.06,350,302.53,32,2,Regular / Growth
14326,242,1,183.85,103,183.85,8,0,At-Risk / Low-Value
14327,163,1,311.65,139,311.65,12,0,At-Risk / Low-Value
14329,17,7,4975.24,3087,710.7485714,218,1,High-Value Loyal
14331,124,2,462.66,252,231.33,27,2,Regular / Growth
14332,23,3,840.21,463,280.07,22,2,Regular / Growth
14333,68,1,415.2,58,415.2,15,0,At-Risk / Low-Value
14334,17,8,2552.21,1731,319.02625,98,1,High-Value Loyal
14335,16,2,454.86,375,227.43,55,2,Regular / Growth
14336,17,4,1614.91,1759,403.7275,77,1,High-Value Loyal
14338,161,2,588.22,335,294.11,30,2,Regular / Growth
14339,243,1,309.52,168,309.52,14,0,At-Risk / Low-Value
14340,219,1,134.7,58,134.7,6,0,At-Risk / Low-Value
14341,45,8,2166.98,1397,270.8725,109,1,High-Value Loyal
14342,21,4,668.56,347,167.14,18,2,Regular / Growth
14344,127,8,889.93,477,111.24125,56,2,Regular / Growth
14345,39,1,108.98,50,108.98,6,0,At-Risk / Low-Value
14346,121,2,1021.58,605,510.79,55,2,Regular / Growth
14348,260,1,409.57,183,409.57,18,2,Regular / Growth
14349,10,1,133.5,86,133.5,31,0,At-Risk / Low-Value
14350,274,1,282.93,183,282.93,18,0,At-Risk / Low-Value
14351,165,1,51.0,12,51.0,1,0,At-Risk / Low-Value
14352,157,4,1078.96,538,269.74,44,2,Regular / Growth
14353,215,1,90.6,64,90.6,6,0,At-Risk / Low-Value
14354,6,2,163.62,210,81.81,9,0,At-Risk / Low-Value
14355,366,1,174.4,92,174.4,11,0,At-Risk / Low-Value
14356,80,2,701.23,277,350.615,33,2,Regular / Growth
14357,43,1,225.12,147,225.12,39,2,Regular / Growth
14359,19,3,912.18,371,304.06,44,2,Regular / Growth
14360,32,4,2118.03,1139,529.5075,104,1,High-Value Loyal
14362,22,1,151.5,96,151.5,37,0,At-Risk / Low-Value
14364,109,8,3717.35,1967,464.66875,61,1,High-Value Loyal
14367,8,16,9227.82,4426,576.73875,270,1,High-Value Loyal
14368,320,1,155.0,36,155.0,8,0,At-Risk / Low-Value
14371,295,1,100.5,34,100.5,4,0,At-Risk / Low-Value
14373,358,1,76.55,17,76.55,4,0,At-Risk / Low-Value
14375,185,1,235.56,184,235.56,57,2,Regular / Growth
14377,191,2,617.05,219,308.525,11,2,Regular / Growth
14379,44,2,348.1,292,174.05,39,2,Regular / Growth
14381,52,1,202.68,146,202.68,56,2,Regular / Growth
14382,26,1,615.49,1231,615.49,121,2,Regular / Growth
14383,38,3,1247.69,817,415.8966667,49,2,Regular / Growth
14385,9,3,202.11,159,67.37,13,0,At-Risk / Low-Value
14386,297,1,142.4,54,142.4,7,0,At-Risk / Low-Value
14387,33,3,1727.6,795,575.8666667,125,1,High-Value Loyal
14388,10,8,3212.84,1941,401.605,124,1,High-Value Loyal
14389,65,2,1043.46,729,521.73,33,2,Regular / Growth
14390,10,9,4642.57,2133,515.8411111,135,1,High-Value Loyal
14393,218,1,67.95,13,67.95,5,0,At-Risk / Low-Value
14395,2,9,3479.91,1689,386.6566667,181,1,High-Value Loyal
14396,65,2,487.99,225,243.995,71,2,Regular / Growth
14397,3,19,2612.96,1890,137.5242105,18,1,High-Value Loyal
14400,149,1,574.7,454,574.7,25,2,Regular / Growth
14401,4,13,4051.48,4507,311.6523077,113,1,High-Value Loyal
14403,130,4,1475.81,519,368.9525,17,2,Regular / Growth
14404,34,6,1449.32,827,241.5533333,70,1,High-Value Loyal
14406,119,1,156.75,77,156.75,8,0,At-Risk / Low-Value
14407,107,6,2157.73,1415,359.6216667,67,1,High-Value Loyal
14408,11,7,2599.03,1610,371.29,60,1,High-Value Loyal
14409,71,6,2059.45,1230,343.2416667,40,1,High-Value Loyal
14410,92,9,1100.27,567,122.2522222,153,1,High-Value Loyal
14411,311,1,1063.0,196,1063.0,14,2,Regular / Growth
14412,43,2,770.03,786,385.015,43,2,Regular / Growth
14413,362,1,121.05,67,121.05,22,0,At-Risk / Low-Value
14414,92,7,1496.98,2512,213.8542857,79,1,High-Value Loyal
14415,1,13,5855.57,2996,450.4284615,283,1,High-Value Loyal
14416,22,2,490.22,326,245.11,13,2,Regular / Growth
14418,4,3,1937.25,1711,645.75,114,1,High-Value Loyal
14419,11,6,1051.79,483,175.2983333,112,1,High-Value Loyal
14420,99,1,387.52,334,387.52,29,2,Regular / Growth
14421,57,2,813.11,365,406.555,25,2,Regular / Growth
14422,1,6,4263.64,2906,710.6066667,189,1,High-Value Loyal
14423,218,1,265.2,120,265.2,3,0,At-Risk / Low-Value
14424,18,1,322.08,48,322.08,1,0,At-Risk / Low-Value
14426,24,10,4481.67,2699,448.167,183,1,High-Value Loyal
14427,50,2,363.34,228,181.67,16,0,At-Risk / Low-Value
14428,7,5,1224.06,428,244.812,108,1,High-Value Loyal
14431,303,1,470.36,130,470.36,17,2,Regular / Growth
14432,10,6,2248.5,2013,374.75,256,1,High-Value Loyal
14434,22,6,1372.8,368,228.8,3,2,Regular / Growth
14436,99,1,89.06,129,89.06,9,0,At-Risk / Low-Value
14437,366,1,63.0,60,63.0,5,0,At-Risk / Low-Value
14438,306,1,131.9,82,131.9,9,0,At-Risk / Low-Value
14439,320,1,2661.24,526,2661.24,32,2,Regular / Growth
14440,8,5,2357.68,588,471.536,33,1,High-Value Loyal
14441,1,4,1712.89,446,428.2225,43,1,High-Value Loyal
14442,205,2,1589.82,482,794.91,58,2,Regular / Growth
14443,54,4,1420.2,938,355.05,84,2,Regular / Growth
14446,1,4,1010.35,916,252.5875,233,1,High-Value Loyal
14447,19,5,1163.23,571,232.646,54,2,Regular / Growth
14448,9,2,375.35,104,187.675,20,2,Regular / Growth
14449,19,4,885.8,741,221.45,201,1,High-Value Loyal
14450,181,3,483.25,241,161.0833333,32,2,Regular / Growth
14451,60,2,643.9,378,321.95,86,2,Regular / Growth
14452,11,2,259.05,116,129.525,55,2,Regular / Growth
14453,190,1,119.93,49,119.93,22,0,At-Risk / Low-Value
14456,5,9,3017.28,2885,335.2533333,580,1,High-Value Loyal
14457,311,1,113.64,88,113.64,4,0,At-Risk / Low-Value
14459,155,1,1837.92,760,1837.92,37,2,Regular / Growth
14460,110,3,434.34,881,144.78,14,2,Regular / Growth
14461,148,3,2103.06,766,701.02,173,2,Regular / Growth
14462,66,11,1980.57,956,180.0518182,150,1,High-Value Loyal
14463,98,3,529.62,179,176.54,6,0,At-Risk / Low-Value
14465,247,3,1038.44,398,346.1466667,107,2,Regular / Growth
14466,29,7,2272.4,1006,324.6285714,35,1,High-Value Loyal
14467,18,4,596.26,276,149.065,67,2,Regular / Growth
14470,12,2,461.19,193,230.595,43,2,Regular / Growth
14472,104,8,1852.67,1135,231.58375,153,1,High-Value Loyal
14473,74,2,234.34,88,117.17,7,0,At-Risk / Low-Value
14474,46,1,547.66,140,547.66,29,2,Regular / Growth
14475,72,3,925.85,447,308.6166667,35,2,Regular / Growth
14476,257,1,193.0,110,193.0,17,0,At-Risk / Low-Value
14477,20,4,1309.6,720,327.4,7,2,Regular / Growth
14479,254,2,316.25,117,158.125,18,0,At-Risk / Low-Value
14480,11,1,279.05,143,279.05,13,2,Regular / Growth
14481,165,2,636.51,489,318.255,25,2,Regular / Growth
14482,18,6,2022.81,1627,337.135,110,1,High-Value Loyal
14483,282,1,137.1,97,137.1,9,0,At-Risk / Low-Value
14484,50,1,321.92,210,321.92,14,2,Regular / Growth
14485,39,1,162.8,70,162.8,44,0,At-Risk / Low-Value
14487,27,6,1165.48,712,194.2466667,112,1,High-Value Loyal
14488,68,1,1064.28,799,1064.28,46,2,Regular / Growth
14489,207,1,463.38,299,463.38,30,2,Regular / Growth
14491,175,2,340.93,139,170.465,17,0,At-Risk / Low-Value
14493,7,5,2383.24,1285,476.648,95,1,High-Value Loyal
14494,26,1,139.56,92,139.56,7,0,At-Risk / Low-Value
14495,51,2,123.8,62,61.9,6,0,At-Risk / Low-Value
14496,312,2,538.81,159,269.405,16,0,At-Risk / Low-Value
14497,309,1,475.37,235,475.37,29,2,Regular / Growth
14498,43,5,1957.32,1098,391.464,162,1,High-Value Loyal
14499,26,3,808.44,496,269.48,146,2,Regular / Growth
14500,88,3,356.85,117,118.95,6,0,At-Risk / Low-Value
14501,184,2,251.21,161,125.605,9,0,At-Risk / Low-Value
14502,20,11,2429.83,1480,220.8936364,368,1,High-Value Loyal
14503,3,6,3543.26,2004,590.5433333,113,1,High-Value Loyal
14504,47,4,673.26,308,168.315,85,2,Regular / Growth
14505,17,8,5859.43,2739,732.42875,540,1,High-Value Loyal
14506,17,5,1960.65,704,392.13,204,1,High-Value Loyal
14507,24,6,1367.88,594,227.98,79,1,High-Value Loyal
14508,22,2,268.05,129,134.025,52,2,Regular / Growth
14511,11,5,1314.81,784,262.962,53,1,High-Value Loyal
14512,188,2,275.28,122,137.64,19,0,At-Risk / Low-Value
14513,101,3,455.59,361,151.8633333,11,0,At-Risk / Low-Value
14514,61,3,990.2,564,330.0666667,65,2,Regular / Growth
14515,18,6,2076.89,1110,346.1483333,68,1,High-Value Loyal
14517,33,2,330.45,91,165.225,17,0,At-Risk / Low-Value
14518,64,1,174.37,278,174.37,16,0,At-Risk / Low-Value
14520,2,2,270.6,146,135.3,3,0,At-Risk / Low-Value
14522,24,4,974.54,525,243.635,15,2,Regular / Growth
14523,108,1,241.09,251,241.09,12,0,At-Risk / Low-Value
14524,32,9,1843.83,669,204.87,161,1,High-Value Loyal
14525,20,9,4215.9,2637,468.4333333,217,1,High-Value Loyal
14527,3,55,8507.13,2088,154.6750909,330,1,High-Value Loyal
14528,37,1,364.22,278,364.22,18,2,Regular / Growth
14529,60,3,578.61,325,192.87,177,2,Regular / Growth
14530,26,6,2862.11,1395,477.0183333,140,1,High-Value Loyal
14532,236,4,932.85,284,233.2125,45,2,Regular / Growth
14533,25,7,1949.72,4019,278.5314286,53,1,High-Value Loyal
14534,3,18,4397.3,2027,244.2944444,331,1,High-Value Loyal
14535,60,3,2854.84,1824,951.6133333,280,1,High-Value Loyal
14536,260,1,170.95,39,170.95,18,0,At-Risk / Low-Value
14537,58,1,355.56,120,355.56,10,0,At-Risk / Low-Value
14538,65,2,388.25,155,194.125,19,0,At-Risk / Low-Value
14539,16,2,537.48,428,268.74,31,2,Regular / Growth
14540,10,3,952.66,411,317.5533333,64,2,Regular / Growth
14541,59,8,1453.35,641,181.66875,71,1,High-Value Loyal
14542,186,1,103.25,19,103.25,5,0,At-Risk / Low-Value
14543,29,16,3599.73,675,224.983125,43,1,High-Value Loyal
14544,24,2,2004.3,1536,1002.15,97,1,High-Value Loyal
14546,5,5,2573.93,1313,514.786,250,1,High-Value Loyal
14547,4,8,3974.75,2639,496.84375,198,1,High-Value Loyal
14548,151,2,652.8,256,326.4,2,0,At-Risk / Low-Value
14549,311,1,289.24,136,289.24,56,2,Regular / Growth
14550,11,2,757.37,389,378.685,38,2,Regular / Growth
14551,18,2,186.23,106,93.115,9,0,At-Risk / Low-Value
14552,152,1,164.22,90,164.22,57,0,At-Risk / Low-Value
14553,19,5,859.27,493,171.854,103,2,Regular / Growth
14554,10,4,2279.49,1443,569.8725,147,1,High-Value Loyal
14555,57,2,312.54,122,156.27,18,0,At-Risk / Low-Value
14557,85,1,788.38,510,788.38,16,2,Regular / Growth
14560,7,22,2237.77,1260,101.7168182,39,1,High-Value Loyal
14561,76,3,1080.76,1014,360.2533333,67,2,Regular / Growth
14562,4,18,5006.77,1815,278.1538889,187,1,High-Value Loyal
14565,96,4,3099.12,1540,774.78,111,1,High-Value Loyal
14566,111,1,1432.0,800,1432.0,4,2,Regular / Growth
14567,57,2,1530.36,412,765.18,33,2,Regular / Growth
14569,1,1,227.39,79,227.39,10,0,At-Risk / Low-Value
14570,281,2,218.06,95,109.03,29,0,At-Risk / Low-Value
14572,3,7,2804.54,1420,400.6485714,190,1,High-Value Loyal
14573,180,9,1639.82,534,182.2022222,127,1,High-Value Loyal
14576,372,1,35.4,12,35.4,1,0,At-Risk / Low-Value
14577,13,4,859.71,353,214.9275,86,2,Regular / Growth
14578,3,1,168.63,240,168.63,24,2,Regular / Growth
14581,17,1,138.6,217,138.6,16,0,At-Risk / Low-Value
14582,41,1,114.11,73,114.11,6,0,At-Risk / Low-Value
14583,6,5,986.96,751,197.392,243,1,High-Value Loyal
14584,169,4,1033.06,381,258.265,68,2,Regular / Growth
14585,50,1,157.05,91,157.05,29,0,At-Risk / Low-Value
14586,277,1,237.36,444,237.36,19,0,At-Risk / Low-Value
14587,19,9,1580.29,749,175.5877778,170,1,High-Value Loyal
14589,372,1,39.75,5,39.75,3,0,At-Risk / Low-Value
14591,15,4,1320.21,1228,330.0525,138,1,High-Value Loyal
14592,35,3,557.94,407,185.98,132,2,Regular / Growth
14593,22,3,617.15,330,205.7166667,127,2,Regular / Growth
14594,7,2,363.33,183,181.665,48,2,Regular / Growth
14595,20,6,1740.6,978,290.1,94,1,High-Value Loyal
14597,11,2,866.24,566,433.12,45,2,Regular / Growth
14598,44,1,221.97,189,221.97,49,2,Regular / Growth
14600,306,1,393.33,125,393.33,25,2,Regular / Growth
14601,11,1,213.96,168,213.96,7,0,At-Risk / Low-Value
14603,275,1,660.0,400,660.0,2,2,Regular / Growth
14606,1,93,12076.15,6187,129.8510753,819,1,High-Value Loyal
14607,16,14,16209.5,11526,1157.821429,38,1,High-Value Loyal
14608,4,4,1785.15,437,446.2875,8,2,Regular / Growth
14609,72,4,601.56,7026,150.39,2,2,Regular / Growth
14616,243,3,406.08,104,135.36,2,0,At-Risk / Low-Value
14618,9,3,553.44,264,184.48,10,2,Regular / Growth
14619,246,1,394.44,152,394.44,20,2,Regular / Growth
14620,206,2,412.78,214,206.39,26,2,Regular / Growth
14621,1,5,1788.36,993,357.672,80,1,High-Value Loyal
14622,185,1,320.58,146,320.58,21,0,At-Risk / Low-Value
14623,32,5,886.7,418,177.34,108,2,Regular / Growth
14624,57,2,225.85,162,112.925,13,0,At-Risk / Low-Value
14625,196,2,899.63,335,449.815,51,2,Regular / Growth
14626,24,4,2791.27,1403,697.8175,108,1,High-Value Loyal
14628,91,2,671.96,272,335.98,22,2,Regular / Growth
14629,4,2,955.26,378,477.63,133,2,Regular / Growth
14631,51,3,1006.98,622,335.66,38,2,Regular / Growth
14632,263,1,114.56,96,114.56,8,0,At-Risk / Low-Value
14633,266,1,344.9,96,344.9,20,0,At-Risk / Low-Value
14636,36,2,609.85,241,304.925,27,2,Regular / Growth
14638,51,1,443.6,166,443.6,16,2,Regular / Growth
14639,52,6,2984.49,1431,497.415,138,1,High-Value Loyal
14640,24,6,2107.38,880,351.23,87,1,High-Value Loyal
14641,22,1,110.46,90,110.46,7,0,At-Risk / Low-Value
14642,59,1,96.12,76,96.12,2,0,At-Risk / Low-Value
14643,170,2,693.81,815,346.905,30,2,Regular / Growth
14644,68,2,830.76,258,415.38,26,2,Regular / Growth
14645,157,2,597.09,381,298.545,28,2,Regular / Growth
14646,2,73,280206.02,196915,3838.43863,700,1,High-Value Loyal
14647,201,1,236.04,91,236.04,24,0,At-Risk / Low-Value
14649,5,4,1402.59,1004,350.6475,148,1,High-Value Loyal
14651,67,2,653.75,343,326.875,95,2,Regular / Growth
14652,77,1,114.18,53,114.18,29,0,At-Risk / Low-Value
14653,1,7,1926.65,945,275.2357143,154,1,High-Value Loyal
14655,8,4,1932.23,1089,483.0575,35,1,High-Value Loyal
14656,169,2,291.05,120,145.525,73,0,At-Risk / Low-Value
14657,18,4,848.22,466,212.055,103,2,Regular / Growth
14658,5,2,247.15,47,123.575,27,0,At-Risk / Low-Value
14659,9,9,2529.93,1195,281.1033333,147,1,High-Value Loyal
14660,87,2,285.74,228,142.87,24,0,At-Risk / Low-Value
14661,27,1,107.95,35,107.95,4,0,At-Risk / Low-Value
14662,29,4,741.37,578,185.3425,143,2,Regular / Growth
14664,20,2,636.24,465,318.12,78,2,Regular / Growth
14665,61,5,1835.7,740,367.14,63,2,Regular / Growth
14666,24,1,195.25,161,195.25,14,0,At-Risk / Low-Value
14667,11,25,9175.04,5319,367.0016,354,1,High-Value Loyal
14669,242,3,1259.24,770,419.7466667,158,2,Regular / Growth
14670,280,2,392.86,326,196.43,107,2,Regular / Growth
14672,235,2,765.55,454,382.775,58,2,Regular / Growth
14673,3,5,1736.4,1004,347.28,39,1,High-Value Loyal
14675,16,1,596.36,336,596.36,93,2,Regular / Growth
14676,31,6,2548.24,2500,424.7066667,29,1,High-Value Loyal
14680,25,16,28754.11,13476,1797.131875,73,1,High-Value Loyal
14681,71,3,498.95,76,166.3166667,6,0,At-Risk / Low-Value
14682,188,2,52.0,80,26.0,1,0,At-Risk / Low-Value
14684,26,5,1201.51,821,240.302,231,1,High-Value Loyal
14687,107,1,628.38,470,628.38,15,2,Regular / Growth
14688,8,21,5579.1,3584,265.6714286,148,1,High-Value Loyal
14689,209,1,112.8,76,112.8,13,0,At-Risk / Low-Value
14690,44,2,355.05,167,177.525,40,2,Regular / Growth
14691,31,5,2114.33,707,422.866,50,1,High-Value Loyal
14692,137,4,591.55,265,147.8875,53,2,Regular / Growth
14693,265,1,172.9,34,172.9,8,0,At-Risk / Low-Value
14696,4,7,2078.95,1630,296.9928571,117,1,High-Value Loyal
14697,218,2,188.61,181,94.305,22,0,At-Risk / Low-Value
14698,2,5,1217.27,602,243.454,148,1,High-Value Loyal
14699,214,1,109.13,77,109.13,8,0,At-Risk / Low-Value
14700,32,3,2195.1,1314,731.7,80,1,High-Value Loyal
14701,11,9,2526.09,921,280.6766667,268,1,High-Value Loyal
14702,1,17,3251.79,1439,191.2817647,196,1,High-Value Loyal
14703,15,1,318.17,183,318.17,22,2,Regular / Growth
14704,11,9,1493.96,1043,165.9955556,288,1,High-Value Loyal
14705,199,1,179.0,100,179.0,1,0,At-Risk / Low-Value
14708,3,3,1126.37,621,375.4566667,25,2,Regular / Growth
14709,15,13,4921.04,2484,378.5415385,71,1,High-Value Loyal
14710,14,4,599.48,375,149.87,124,2,Regular / Growth
14711,10,11,2839.62,966,258.1472727,221,1,High-Value Loyal
14712,29,3,917.07,315,305.69,21,2,Regular / Growth
14713,9,11,2662.2,1613,242.0181818,146,1,High-Value Loyal
14714,24,1,160.19,229,160.19,10,0,At-Risk / Low-Value
14715,25,4,867.38,521,216.845,60,2,Regular / Growth
14716,43,2,307.51,495,153.755,46,2,Regular / Growth
14719,2,5,1581.84,1025,316.368,177,1,High-Value Loyal
14720,6,3,663.81,219,221.27,34,2,Regular / Growth
14722,147,1,180.42,118,180.42,28,0,At-Risk / Low-Value
14723,10,6,1122.36,673,187.06,193,1,High-Value Loyal
14725,25,1,655.58,588,655.58,45,2,Regular / Growth
14727,274,1,268.58,62,268.58,10,0,At-Risk / Low-Value
14729,374,1,313.49,197,313.49,69,2,Regular / Growth
14730,1,8,1897.57,1078,237.19625,317,1,High-Value Loyal
14731,47,3,380.02,256,126.6733333,38,2,Regular / Growth
14732,8,8,2702.49,1405,337.81125,105,1,High-Value Loyal
14733,16,12,9585.91,3764,798.8258333,102,1,High-Value Loyal
14735,4,32,6065.69,2264,189.5528125,99,1,High-Value Loyal
14737,4,3,1164.55,345,388.1833333,15,2,Regular / Growth
14738,43,7,1314.45,601,187.7785714,39,2,Regular / Growth
14739,4,7,3902.28,3820,557.4685714,47,1,High-Value Loyal
14740,197,3,1448.21,735,482.7366667,85,2,Regular / Growth
14741,12,6,1400.34,841,233.39,35,1,High-Value Loyal
14744,16,7,1099.98,627,157.14,21,2,Regular / Growth
14745,113,5,1220.26,1038,244.052,46,2,Regular / Growth
14747,249,1,328.2,84,328.2,18,0,At-Risk / Low-Value
14748,29,5,1415.75,1223,283.15,87,1,High-Value Loyal
14752,44,1,389.64,260,389.64,5,2,Regular / Growth
14753,87,1,563.15,211,563.15,30,2,Regular / Growth
14754,45,2,638.05,486,319.025,38,2,Regular / Growth
14755,10,11,5010.28,2219,455.48,128,1,High-Value Loyal
14756,15,1,738.96,416,738.96,38,2,Regular / Growth
14757,75,1,420.5,160,420.5,19,2,Regular / Growth
14758,145,4,1484.06,419,371.015,54,2,Regular / Growth
14759,5,3,1625.97,569,541.99,92,1,High-Value Loyal
14760,297,1,89.2,40,89.2,5,0,At-Risk / Low-Value
14761,59,2,255.9,118,127.95,11,0,At-Risk / Low-Value
14762,264,1,300.52,341,300.52,21,2,Regular / Growth
14764,47,1,278.3,190,278.3,6,0,At-Risk / Low-Value
14765,29,3,254.11,135,84.70333333,38,0,At-Risk / Low-Value
14766,8,6,2473.37,1349,412.2283333,111,1,High-Value Loyal
14768,17,2,192.6,52,96.3,4,0,At-Risk / Low-Value
14769,3,8,10416.98,7239,1302.1225,718,1,High-Value Loyal
14770,232,2,876.42,490,438.21,49,2,Regular / Growth
14772,112,1,139.26,82,139.26,9,0,At-Risk / Low-Value
14775,58,3,1011.9,1174,337.3,57,2,Regular / Growth
14776,51,11,2538.3,3134,230.7545455,44,1,High-Value Loyal
14778,127,2,730.86,306,365.43,34,2,Regular / Growth
14779,281,3,386.15,84,128.7166667,40,0,At-Risk / Low-Value
14780,55,2,447.68,310,223.84,26,2,Regular / Growth
14782,320,1,200.1,114,200.1,6,0,At-Risk / Low-Value
14784,26,2,289.99,237,144.995,15,0,At-Risk / Low-Value
14785,10,2,77.4,84,38.7,2,0,At-Risk / Low-Value
14788,7,2,679.44,421,339.72,26,2,Regular / Growth
14789,29,1,197.64,116,197.64,6,0,At-Risk / Low-Value
14790,17,4,745.06,699,186.265,30,2,Regular / Growth
14792,64,1,6.2,2,6.2,2,0,At-Risk / Low-Value
14793,21,1,228.99,91,228.99,14,0,At-Risk / Low-Value
14794,3,7,1319.91,673,188.5585714,68,1,High-Value Loyal
14795,166,1,131.45,17,131.45,6,0,At-Risk / Low-Value
14796,1,17,7975.49,5995,469.1464706,403,1,High-Value Loyal
14798,53,3,173.74,150,57.91333333,11,0,At-Risk / Low-Value
14799,51,1,157.7,146,157.7,13,0,At-Risk / Low-Value
14800,48,12,4331.79,3644,360.9825,246,1,High-Value Loyal
14801,61,1,189.34,173,189.34,56,2,Regular / Growth
14803,162,3,845.55,370,281.85,35,2,Regular / Growth
14804,9,1,353.27,121,353.27,12,2,Regular / Growth
14805,15,4,546.4,114,136.6,30,2,Regular / Growth
14806,75,1,193.39,330,193.39,11,0,At-Risk / Low-Value
14808,40,8,2718.6,2120,339.825,176,1,High-Value Loyal
14810,41,11,2085.33,1015,189.5754545,106,1,High-Value Loyal
14813,370,2,152.88,66,76.44,25,0,At-Risk / Low-Value
14815,37,2,778.5,744,389.25,53,2,Regular / Growth
14816,197,1,271.85,5,271.85,4,0,At-Risk / Low-Value
14817,200,2,1110.34,655,555.17,52,2,Regular / Growth
14818,74,3,657.8,324,219.2666667,41,2,Regular / Growth
14819,64,2,272.07,109,136.035,13,0,At-Risk / Low-Value
14820,21,4,507.29,253,126.8225,24,2,Regular / Growth
14821,367,1,48.8,20,48.8,2,0,At-Risk / Low-Value
14823,180,3,321.43,88,107.1433333,56,0,At-Risk / Low-Value
14824,10,4,1127.71,525,281.9275,19,2,Regular / Growth
14825,4,12,2221.01,989,185.0841667,82,1,High-Value Loyal
14828,197,3,2139.76,2172,713.2533333,17,2,Regular / Growth
14829,29,4,697.55,452,174.3875,39,2,Regular / Growth
14830,53,1,188.88,164,188.88,39,0,At-Risk / Low-Value
14834,18,6,1720.3,734,286.7166667,43,1,High-Value Loyal
14836,10,3,102.45,45,34.15,5,0,At-Risk / Low-Value
14837,90,4,1649.5,1436,412.375,96,2,Regular / Growth
14840,268,1,62.85,31,62.85,4,0,At-Risk / Low-Value
14841,53,6,3295.76,1778,549.2933333,103,1,High-Value Loyal
14842,44,4,2824.69,1166,706.1725,128,1,High-Value Loyal
14844,64,4,3189.81,1833,797.4525,87,1,High-Value Loyal
14847,149,1,309.4,120,309.4,13,0,At-Risk / Low-Value
14849,22,25,7930.54,5694,317.2216,159,1,High-Value Loyal
14850,312,1,325.75,293,325.75,21,2,Regular / Growth
14851,23,2,511.35,325,255.675,28,2,Regular / Growth
14852,58,6,2836.69,1747,472.7816667,96,1,High-Value Loyal
14853,24,2,475.8,82,237.9,8,0,At-Risk / Low-Value
14854,78,7,2740.03,1820,391.4328571,110,1,High-Value Loyal
14855,119,2,645.65,267,322.825,13,2,Regular / Growth
14856,36,3,1290.53,711,430.1766667,65,2,Regular / Growth
14857,60,2,1173.12,464,586.56,58,2,Regular / Growth
14859,13,4,1353.74,671,338.435,47,2,Regular / Growth
14860,19,1,170.32,232,170.32,11,0,At-Risk / Low-Value
14861,52,1,125.79,117,125.79,6,0,At-Risk / Low-Value
14862,26,2,841.2,772,420.6,47,2,Regular / Growth
14863,29,1,266.76,132,266.76,11,0,At-Risk / Low-Value
14865,7,2,52.2,108,26.1,4,0,At-Risk / Low-Value
14866,11,12,14389.9,6752,1199.158333,30,1,High-Value Loyal
14867,186,3,710.28,328,236.76,31,2,Regular / Growth
14868,3,8,2953.59,1405,369.19875,96,1,High-Value Loyal
14869,9,2,721.45,549,360.725,66,2,Regular / Growth
14870,262,1,327.25,119,327.25,13,0,At-Risk / Low-Value
14871,3,4,501.28,179,125.32,68,2,Regular / Growth
14873,210,1,519.68,168,519.68,28,2,Regular / Growth
14875,108,2,1465.32,558,732.66,46,2,Regular / Growth
14878,13,9,1476.09,799,164.01,62,1,High-Value Loyal
14880,77,3,690.59,365,230.1966667,45,2,Regular / Growth
14881,20,1,255.4,316,255.4,17,2,Regular / Growth
14882,27,2,589.7,158,294.85,6,2,Regular / Growth
14883,19,6,761.59,790,126.9316667,39,2,Regular / Growth
14885,132,1,765.32,724,765.32,15,2,Regular / Growth
14886,253,1,364.8,160,364.8,18,0,At-Risk / Low-Value
14887,79,1,1862.0,1100,1862.0,6,2,Regular / Growth
14888,207,1,369.2,184,369.2,20,2,Regular / Growth
14889,336,1,135.9,90,135.9,10,0,At-Risk / Low-Value
14890,254,1,125.65,51,125.65,7,0,At-Risk / Low-Value
14891,148,2,554.38,505,277.19,30,2,Regular / Growth
14893,10,2,1237.85,799,618.925,72,2,Regular / Growth
14894,85,1,655.75,265,655.75,23,2,Regular / Growth
14895,8,20,11138.71,4851,556.9355,273,1,High-Value Loyal
14896,205,2,468.77,279,234.385,43,2,Regular / Growth
14897,8,4,1366.38,468,341.595,43,2,Regular / Growth
14898,23,6,1269.31,1001,211.5516667,86,1,High-Value Loyal
14901,11,9,1421.29,661,157.9211111,73,1,High-Value Loyal
14902,26,1,332.66,218,332.66,20,2,Regular / Growth
14903,21,5,2795.33,1531,559.066,227,1,High-Value Loyal
14904,2,2,1025.44,1985,512.72,66,1,High-Value Loyal
14905,158,2,616.15,287,308.075,14,2,Regular / Growth
14907,3,7,3501.1,1691,500.1571429,125,1,High-Value Loyal
14908,74,1,277.8,132,277.8,9,0,At-Risk / Low-Value
14910,3,4,434.35,238,108.5875,25,2,Regular / Growth
14911,1,201,143711.17,80240,714.9809453,1787,1,High-Value Loyal
14912,17,2,867.85,971,433.925,21,2,Regular / Growth
14913,36,4,1227.43,1743,306.8575,76,1,High-Value Loyal
14915,91,2,307.48,112,153.74,12,0,At-Risk / Low-Value
14916,71,4,1268.98,1136,317.245,72,2,Regular / Growth
14918,116,2,1610.15,675,805.075,39,2,Regular / Growth
14920,213,2,977.77,509,488.885,57,2,Regular / Growth
14921,30,2,1316.07,953,658.035,78,2,Regular / Growth
14923,51,1,749.1,418,749.1,44,2,Regular / Growth
14924,246,1,310.05,64,310.05,10,0,At-Risk / Low-Value
14929,32,1,223.88,136,223.88,11,0,At-Risk / Low-Value
14930,109,3,2362.96,1160,787.6533333,116,2,Regular / Growth
14931,5,5,1257.68,417,251.536,30,2,Regular / Growth
14932,366,1,363.53,80,363.53,17,0,At-Risk / Low-Value
14934,82,2,1890.94,1042,945.47,68,2,Regular / Growth
14935,297,1,1784.71,935,1784.71,10,2,Regular / Growth
14936,34,8,8137.02,4085,1017.1275,210,1,High-Value Loyal
14937,57,3,1621.88,484,540.6266667,33,2,Regular / Growth
14944,30,12,5900.25,2815,491.6875,101,1,High-Value Loyal
14946,14,1,100.9,22,100.9,3,0,At-Risk / Low-Value
14947,72,2,290.82,179,145.41,14,0,At-Risk / Low-Value
14948,23,6,1101.97,673,183.6616667,56,2,Regular / Growth
14950,19,1,371.2,136,371.2,19,2,Regular / Growth
14951,79,1,311.69,311,311.69,20,2,Regular / Growth
14952,60,11,8099.49,3355,736.3172727,117,1,High-Value Loyal
14953,25,1,285.67,224,285.67,54,2,Regular / Growth
14954,12,1,294.85,117,294.85,75,2,Regular / Growth
14957,253,1,58.49,34,58.49,12,0,At-Risk / Low-Value
14958,147,3,483.73,128,161.2433333,33,2,Regular / Growth
14959,64,4,695.42,494,173.855,37,2,Regular / Growth
14960,8,2,221.27,221,110.635,23,0,At-Risk / Low-Value
14961,11,9,7044.68,3708,782.7422222,193,1,High-Value Loyal
14962,271,1,126.7,44,126.7,5,0,At-Risk / Low-Value
14963,10,5,1472.34,1159,294.468,149,1,High-Value Loyal
14964,247,1,206.21,143,206.21,13,0,At-Risk / Low-Value
14965,96,2,596.09,363,298.045,80,2,Regular / Growth
14966,15,1,183.02,179,183.02,35,2,Regular / Growth
14967,50,1,463.8,140,463.8,6,2,Regular / Growth
14968,30,1,147.59,127,147.59,37,0,At-Risk / Low-Value
14970,68,4,1592.06,250,398.015,24,2,Regular / Growth
14971,35,3,1097.98,639,365.9933333,144,2,Regular / Growth
14972,128,1,114.77,28,114.77,18,0,At-Risk / Low-Value
14973,107,3,1314.45,369,438.15,29,2,Regular / Growth
14974,37,1,89.94,37,89.94,17,0,At-Risk / Low-Value
14975,57,1,279.94,380,279.94,11,2,Regular / Growth
14976,57,7,790.86,234,112.98,47,2,Regular / Growth
14978,72,5,1921.37,523,384.274,136,1,High-Value Loyal
14981,246,1,102.12,97,102.12,8,0,At-Risk / Low-Value
14984,19,2,202.37,58,101.185,37,0,At-Risk / Low-Value
14985,198,2,292.01,256,146.005,78,2,Regular / Growth
14987,16,2,326.4,128,163.2,2,0,At-Risk / Low-Value
14988,212,1,334.54,141,334.54,40,2,Regular / Growth
14995,39,2,231.98,102,115.99,53,0,At-Risk / Low-Value
14997,46,3,546.2,1120,182.0666667,25,2,Regular / Growth
14998,170,2,414.87,258,207.435,70,2,Regular / Growth
15000,48,1,490.52,218,490.52,76,2,Regular / Growth
15002,116,4,1641.76,862,410.44,93,2,Regular / Growth
15004,147,1,1220.77,623,1220.77,154,2,Regular / Growth
15005,16,28,6295.37,4230,224.8346429,360,1,High-Value Loyal
15006,51,1,480.38,286,480.38,121,2,Regular / Growth
15007,159,1,156.91,69,156.91,12,0,At-Risk / Low-Value
15009,12,3,1259.43,639,419.81,148,1,High-Value Loyal
15010,36,1,308.94,184,308.94,20,2,Regular / Growth
15012,54,2,405.04,225,202.52,110,2,Regular / Growth
15014,43,2,257.67,149,128.835,29,0,At-Risk / Low-Value
15016,173,1,170.04,76,170.04,20,0,At-Risk / Low-Value
15017,34,1,125.58,63,125.58,20,0,At-Risk / Low-Value
15018,39,3,496.21,189,165.4033333,30,2,Regular / Growth
15019,267,1,252.81,150,252.81,64,2,Regular / Growth
15021,9,9,1871.77,819,207.9744444,287,1,High-Value Loyal
15022,12,4,852.39,527,213.0975,96,2,Regular / Growth
15023,3,11,6720.41,2827,610.9463636,347,1,High-Value Loyal
15024,10,10,1636.43,902,163.643,105,1,High-Value Loyal
15025,33,1,361.96,184,361.96,66,2,Regular / Growth
15026,80,3,469.0,285,156.3333333,57,2,Regular / Growth
15027,31,4,1066.15,565,266.5375,30,2,Regular / Growth
15028,8,4,627.13,459,156.7825,35,2,Regular / Growth
15030,72,2,518.28,372,259.14,7,2,Regular / Growth
15031,4,4,653.19,400,163.2975,74,2,Regular / Growth
15032,256,3,4959.1,2968,1653.033333,29,2,Regular / Growth
15033,5,10,2557.18,1672,255.718,315,1,High-Value Loyal
15034,16,8,4274.16,2413,534.27,299,1,High-Value Loyal
15035,90,1,252.73,245,252.73,26,2,Regular / Growth
15036,72,3,429.56,316,143.1866667,107,2,Regular / Growth
15038,59,6,685.74,212,114.29,105,2,Regular / Growth
15039,10,47,19766.59,9131,420.5657447,408,1,High-Value Loyal
15041,170,1,179.93,103,179.93,66,0,At-Risk / Low-Value
15042,199,1,135.93,30,135.93,5,0,At-Risk / Low-Value
15043,31,1,537.0,300,537.0,3,2,Regular / Growth
15044,19,17,7634.73,2785,449.1017647,233,1,High-Value Loyal
15045,152,2,735.66,114,367.83,11,2,Regular / Growth
15046,9,15,5090.42,3372,339.3613333,147,1,High-Value Loyal
15047,270,1,343.62,222,343.62,22,2,Regular / Growth
15048,65,4,381.0,192,95.25,86,2,Regular / Growth
15049,274,1,121.17,63,121.17,3,0,At-Risk / Low-Value
15050,25,3,1737.69,1216,579.23,68,1,High-Value Loyal
15051,23,3,1383.36,1010,461.12,130,1,High-Value Loyal
15052,319,1,207.73,79,207.73,27,0,At-Risk / Low-Value
15053,5,3,693.95,984,231.3166667,49,2,Regular / Growth
15054,12,2,302.1,198,151.05,105,2,Regular / Growth
15057,275,2,1489.5,668,744.75,25,2,Regular / Growth
15058,25,11,2102.54,1054,191.14,199,1,High-Value Loyal
15059,41,9,1337.72,604,148.6355556,161,1,High-Value Loyal
15060,8,4,294.25,257,73.5625,81,2,Regular / Growth
15061,4,48,54534.14,28920,1136.127917,70,1,High-Value Loyal
15062,71,4,987.86,763,246.965,47,2,Regular / Growth
15063,213,1,370.8,56,370.8,5,0,At-Risk / Low-Value
15065,38,4,3158.13,1383,789.5325,148,1,High-Value Loyal
15066,53,1,893.59,317,893.59,42,2,Regular / Growth
15067,78,3,1744.76,954,581.5866667,82,2,Regular / Growth
15068,46,2,553.36,364,276.68,96,2,Regular / Growth
15069,179,1,1109.53,520,1109.53,70,2,Regular / Growth
15070,373,1,106.2,36,106.2,1,0,At-Risk / Low-Value
15071,94,2,982.07,269,491.035,25,2,Regular / Growth
15073,10,3,1043.41,491,347.8033333,31,2,Regular / Growth
15074,105,1,735.67,431,735.67,41,2,Regular / Growth
15075,78,1,773.03,447,773.03,27,2,Regular / Growth
15076,173,1,880.85,571,880.85,49,2,Regular / Growth
15078,7,32,9743.11,5105,304.4721875,97,1,High-Value Loyal
15079,213,4,895.61,389,223.9025,46,2,Regular / Growth
15081,22,5,504.8,190,100.96,26,2,Regular / Growth
15083,257,1,88.2,38,88.2,5,0,At-Risk / Low-Value
15087,282,1,306.94,470,306.94,15,2,Regular / Growth
15088,21,2,1160.07,460,580.035,53,2,Regular / Growth
15089,10,6,2420.84,1359,403.4733333,139,1,High-Value Loyal
15090,308,1,381.32,208,381.32,23,2,Regular / Growth
15091,68,1,480.71,346,480.71,30,2,Regular / Growth
15092,215,2,457.81,135,228.905,23,0,At-Risk / Low-Value
15093,18,6,4597.02,3760,766.17,52,1,High-Value Loyal
15095,104,4,1370.6,1079,342.65,30,2,Regular / Growth
15096,43,1,219.39,120,219.39,11,0,At-Risk / Low-Value
15097,4,1,248.08,170,248.08,25,2,Regular / Growth
15098,182,3,39916.5,121,13305.5,1,2,Regular / Growth
15099,84,1,410.48,343,410.48,23,2,Regular / Growth
15100,334,3,876.0,80,292.0,1,0,At-Risk / Low-Value
15101,9,2,317.53,241,158.765,8,0,At-Risk / Low-Value
15103,31,2,703.36,329,351.68,35,2,Regular / Growth
15104,197,2,993.54,635,496.77,66,2,Regular / Growth
15105,18,7,2298.93,1211,328.4185714,90,1,High-Value Loyal
15106,18,5,1422.52,1181,284.504,90,1,High-Value Loyal
15107,311,6,319.5,169,53.25,12,0,At-Risk / Low-Value
15108,142,4,1300.25,499,325.0625,50,2,Regular / Growth
15109,246,1,484.95,131,484.95,28,2,Regular / Growth
15110,24,4,996.1,246,249.025,17,2,Regular / Growth
15111,29,3,1567.48,710,522.4933333,70,2,Regular / Growth
15113,10,3,3509.43,2344,1169.81,77,1,High-Value Loyal
15114,30,10,2760.56,3096,276.056,136,1,High-Value Loyal
15115,18,1,340.11,157,340.11,21,2,Regular / Growth
15116,18,4,1352.75,648,338.1875,37,2,Regular / Growth
15117,15,5,1551.78,1948,310.356,63,1,High-Value Loyal
15118,134,1,244.8,1440,244.8,1,0,At-Risk / Low-Value
15119,246,1,266.4,88,266.4,14,0,At-Risk / Low-Value
15120,134,1,358.82,296,358.82,21,2,Regular / Growth
15121,50,2,457.72,199,228.86,28,2,Regular / Growth
15122,114,3,1633.78,800,544.5933333,65,2,Regular / Growth
15123,7,2,2199.31,1195,1099.655,93,1,High-Value Loyal
15124,23,2,184.19,233,92.095,14,0,At-Risk / Low-Value
15125,25,15,11528.48,6193,768.5653333,102,1,High-Value Loyal
15127,66,1,406.53,251,406.53,16,2,Regular / Growth
15128,60,4,1471.0,1343,367.75,74,2,Regular / Growth
15129,50,11,3447.4,1794,313.4,54,1,High-Value Loyal
15130,170,1,330.11,197,330.11,22,2,Regular / Growth
15132,18,5,977.93,679,195.586,49,2,Regular / Growth
15133,128,3,982.42,680,327.4733333,27,2,Regular / Growth
15134,15,8,1387.99,887,173.49875,44,1,High-Value Loyal
15135,239,1,139.05,43,139.05,9,0,At-Risk / Low-Value
15136,3,4,1286.7,776,321.675,61,1,High-Value Loyal
15139,240,2,178.96,208,89.48,13,0,At-Risk / Low-Value
15140,52,7,2354.25,1572,336.3214286,74,1,High-Value Loyal
15142,46,1,498.74,365,498.74,26,2,Regular / Growth
15143,226,1,259.45,150,259.45,14,0,At-Risk / Low-Value
15144,8,17,6580.44,3050,387.0847059,132,1,High-Value Loyal
15145,4,4,1194.73,756,298.6825,54,1,High-Value Loyal
15146,165,2,1327.16,1473,663.58,90,2,Regular / Growth
15147,240,1,623.5,366,623.5,28,2,Regular / Growth
15148,11,1,301.29,187,301.29,20,2,Regular / Growth
15149,134,1,520.8,128,520.8,23,2,Regular / Growth
15150,17,10,5291.33,3642,529.133,282,1,High-Value Loyal
15152,10,13,4745.69,2704,365.0530769,196,1,High-Value Loyal
15153,31,1,329.25,198,329.25,22,2,Regular / Growth
15154,75,1,254.28,89,254.28,66,2,Regular / Growth
15156,1,3,961.49,597,320.4966667,51,1,High-Value Loyal
15157,4,3,1936.07,2392,645.3566667,125,1,High-Value Loyal
15158,45,1,401.4,198,401.4,7,2,Regular / Growth
15159,2,30,18641.01,11441,621.367,363,1,High-Value Loyal
15160,357,1,158.16,84,158.16,4,0,At-Risk / Low-Value
15163,18,2,304.47,186,152.235,29,2,Regular / Growth
15164,69,3,824.58,351,274.86,79,2,Regular / Growth
15165,373,1,487.75,160,487.75,27,2,Regular / Growth
15167,321,1,158.8,65,158.8,39,0,At-Risk / Low-Value
15168,26,1,106.56,52,106.56,5,0,At-Risk / Low-Value
15171,331,1,1289.5,290,1289.5,5,2,Regular / Growth
15172,9,5,1624.05,1611,324.81,106,1,High-Value Loyal
15174,323,1,135.75,145,135.75,11,0,At-Risk / Low-Value
15175,72,1,224.14,454,224.14,23,2,Regular / Growth
15178,260,1,40.5,30,40.5,3,0,At-Risk / Low-Value
15179,18,5,2206.95,1938,441.39,91,1,High-Value Loyal
15180,367,1,87.5,36,87.5,6,0,At-Risk / Low-Value
15181,66,3,689.48,544,229.8266667,11,2,Regular / Growth
15182,154,2,622.85,253,311.425,24,2,Regular / Growth
15184,29,2,402.2,199,201.1,59,2,Regular / Growth
15185,70,1,310.62,666,310.62,21,2,Regular / Growth
15186,14,2,411.41,215,205.705,17,2,Regular / Growth
15187,2,16,4777.18,1887,298.57375,61,1,High-Value Loyal
15189,1,41,16225.39,6149,395.7412195,80,1,High-Value Loyal
15192,120,3,1044.32,918,348.1066667,36,2,Regular / Growth
15193,61,1,499.32,144,499.32,19,2,Regular / Growth
15194,3,15,7616.53,5703,507.7686667,209,1,High-Value Loyal
15195,3,1,3861.0,1404,3861.0,1,2,Regular / Growth
15197,11,3,1079.61,469,359.87,30,2,Regular / Growth
15198,92,2,193.64,120,96.82,10,0,At-Risk / Low-Value
15199,59,4,1268.7,396,317.175,5,2,Regular / Growth
15201,87,5,1236.54,1210,247.308,35,2,Regular / Growth
15203,26,6,1827.8,1753,304.6333333,82,1,High-Value Loyal
15204,357,1,316.58,258,316.58,9,0,At-Risk / Low-Value
15205,85,2,653.24,378,326.62,37,2,Regular / Growth
15206,10,4,420.3,162,105.075,3,0,At-Risk / Low-Value
15208,1,5,870.12,316,174.024,25,2,Regular / Growth
15210,225,1,331.18,228,331.18,20,2,Regular / Growth
15211,60,2,894.41,240,447.205,52,2,Regular / Growth
15212,241,1,101.8,36,101.8,5,0,At-Risk / Low-Value
15213,319,2,328.35,272,164.175,22,0,At-Risk / Low-Value
15214,2,8,1661.44,1254,207.68,109,1,High-Value Loyal
15215,47,3,734.94,225,244.98,33,2,Regular / Growth
15216,88,1,96.6,28,96.6,2,0,At-Risk / Low-Value
15218,11,11,5756.89,3329,523.3536364,77,1,High-Value Loyal
15219,176,1,305.75,45,305.75,9,0,At-Risk / Low-Value
15220,52,6,1778.96,1393,296.4933333,110,1,High-Value Loyal
15221,366,1,403.25,43,403.25,5,0,At-Risk / Low-Value
15222,319,1,585.0,440,585.0,5,2,Regular / Growth
15223,226,2,755.75,213,377.875,14,2,Regular / Growth
15224,358,2,322.08,152,161.04,13,0,At-Risk / Low-Value
15225,234,1,409.4,226,409.4,23,2,Regular / Growth
15226,311,1,154.41,71,154.41,8,0,At-Risk / Low-Value
15227,37,5,1219.4,750,243.88,43,2,Regular / Growth
15228,66,4,3386.71,2255,846.6775,110,1,High-Value Loyal
15230,239,2,429.6,351,214.8,23,2,Regular / Growth
15232,113,2,612.06,686,306.03,26,2,Regular / Growth
15234,277,1,197.0,196,197.0,14,0,At-Risk / Low-Value
15235,218,12,2247.51,1324,187.2925,132,1,High-Value Loyal
15236,299,1,321.05,269,321.05,15,0,At-Risk / Low-Value
15237,2,4,1412.32,1071,353.08,94,1,High-Value Loyal
15238,29,3,1071.99,692,357.33,49,2,Regular / Growth
15239,10,2,780.59,594,390.295,48,2,Regular / Growth
15240,45,5,1706.57,1369,341.314,58,1,High-Value Loyal
15241,67,8,1756.44,1818,219.555,82,1,High-Value Loyal
15243,74,1,316.68,185,316.68,22,2,Regular / Growth
15244,65,2,631.57,405,315.785,31,2,Regular / Growth
15245,134,3,2515.84,1784,838.6133333,55,2,Regular / Growth
15246,238,2,514.15,247,257.075,32,2,Regular / Growth
15247,122,1,356.0,160,356.0,6,0,At-Risk / Low-Value
15249,32,13,6688.46,3577,514.4969231,211,1,High-Value Loyal
15251,9,11,10484.99,6171,953.1809091,97,1,High-Value Loyal
15252,36,2,740.78,522,370.39,44,2,Regular / Growth
15253,16,5,918.2,866,183.64,52,2,Regular / Growth
15254,127,1,300.36,275,300.36,18,2,Regular / Growth
15255,67,1,890.85,489,890.85,47,2,Regular / Growth
15256,149,1,98.45,55,98.45,6,0,At-Risk / Low-Value
15257,283,1,317.15,46,317.15,7,0,At-Risk / Low-Value
15258,169,2,623.16,142,311.58,32,2,Regular / Growth
15260,100,7,1810.77,885,258.6814286,62,1,High-Value Loyal
15261,135,1,254.82,270,254.82,19,0,At-Risk / Low-Value
15262,324,1,178.95,73,178.95,10,0,At-Risk / Low-Value
15263,107,1,156.51,89,156.51,12,0,At-Risk / Low-Value
15264,64,1,393.74,265,393.74,23,2,Regular / Growth
15265,151,2,1506.12,612,753.06,76,2,Regular / Growth
15266,338,1,119.3,18,119.3,6,0,At-Risk / Low-Value
15267,22,5,1717.36,944,343.472,8,2,Regular / Growth
15269,24,1,408.8,26,408.8,2,0,At-Risk / Low-Value
15270,16,7,2379.49,1521,339.9271429,22,1,High-Value Loyal
15271,7,15,2493.34,1251,166.2226667,184,1,High-Value Loyal
15272,57,2,721.94,310,360.97,63,2,Regular / Growth
15274,4,2,716.57,619,358.285,44,2,Regular / Growth
15275,38,1,615.14,498,615.14,41,2,Regular / Growth
15276,66,1,128.63,61,128.63,49,0,At-Risk / Low-Value
15277,47,1,255.9,205,255.9,12,0,At-Risk / Low-Value
15279,355,1,290.51,189,290.51,19,0,At-Risk / Low-Value
15280,172,1,113.12,154,113.12,16,0,At-Risk / Low-Value
15281,59,9,2332.15,1211,259.1277778,121,1,High-Value Loyal
15286,50,1,240.55,55,240.55,3,0,At-Risk / Low-Value
15287,22,2,486.69,433,243.345,17,2,Regular / Growth
15288,43,5,2306.52,775,461.304,80,1,High-Value Loyal
15289,29,3,939.78,1008,313.26,43,2,Regular / Growth
15290,5,18,7943.22,4501,441.29,93,1,High-Value Loyal
15291,26,15,4668.3,2103,311.22,62,1,High-Value Loyal
15292,201,1,178.39,55,178.39,24,0,At-Risk / Low-Value
15296,51,6,3672.86,1766,612.1433333,137,1,High-Value Loyal
15297,10,3,641.94,292,213.98,30,2,Regular / Growth
15298,2,12,4799.9,3116,399.9916667,115,1,High-Value Loyal
15299,67,7,4507.01,2948,643.8585714,7,1,High-Value Loyal
15300,64,1,496.44,292,496.44,28,2,Regular / Growth
15301,51,12,5049.95,2751,420.8291667,167,1,High-Value Loyal
15303,290,1,574.02,248,574.02,31,2,Regular / Growth
15304,61,8,694.4,104,86.8,8,0,At-Risk / Low-Value
15306,64,3,1174.35,810,391.45,57,2,Regular / Growth
15307,96,1,205.3,37,205.3,12,0,At-Risk / Low-Value
15308,274,1,310.47,175,310.47,19,0,At-Risk / Low-Value
15311,1,91,60632.75,38147,666.293956,567,1,High-Value Loyal
15312,75,4,924.85,516,231.2125,42,2,Regular / Growth
15313,110,1,52.0,25,52.0,1,0,At-Risk / Low-Value
15314,199,1,327.97,313,327.97,24,2,Regular / Growth
15315,64,2,570.5,862,285.25,35,2,Regular / Growth
15316,327,1,165.0,100,165.0,1,0,At-Risk / Low-Value
15318,4,1,312.62,642,312.62,33,2,Regular / Growth
15319,284,1,204.5,175,204.5,16,0,At-Risk / Low-Value
15320,44,1,267.13,326,267.13,36,2,Regular / Growth
15321,71,3,2748.31,1181,916.1033333,83,1,High-Value Loyal
15322,86,1,679.68,416,679.68,42,2,Regular / Growth
15325,104,1,161.74,231,161.74,47,0,At-Risk / Low-Value
15326,334,1,311.71,386,311.71,29,2,Regular / Growth
15327,53,1,208.75,116,208.75,10,0,At-Risk / Low-Value
15329,39,3,1049.7,486,349.9,51,2,Regular / Growth
15330,32,2,714.96,1312,357.48,10,2,Regular / Growth
15332,366,4,1661.06,652,415.265,29,2,Regular / Growth
15333,208,1,1028.56,344,1028.56,16,2,Regular / Growth
15334,157,3,350.82,273,116.94,67,2,Regular / Growth
15335,54,1,170.22,79,170.22,34,0,At-Risk / Low-Value
15339,66,2,574.07,416,287.035,77,2,Regular / Growth
15341,81,1,2020.52,812,2020.52,17,2,Regular / Growth
15342,130,1,406.09,283,406.09,24,2,Regular / Growth
15343,87,1,364.5,84,364.5,21,0,At-Risk / Low-Value
15344,1,3,563.94,116,187.98,21,2,Regular / Growth
15345,46,1,393.54,81,393.54,20,2,Regular / Growth
15346,333,1,252.42,144,252.42,17,0,At-Risk / Low-Value
15347,366,1,201.6,130,201.6,5,0,At-Risk / Low-Value
15348,72,1,158.04,84,158.04,9,0,At-Risk / Low-Value
15349,158,2,463.91,321,231.955,65,2,Regular / Growth
15350,373,1,115.65,51,115.65,5,0,At-Risk / Low-Value
15351,12,7,1934.66,742,276.38,157,1,High-Value Loyal
15353,255,2,770.12,341,385.06,59,2,Regular / Growth
15355,29,2,277.05,45,138.525,9,0,At-Risk / Low-Value
15356,31,10,2718.03,1643,271.803,215,1,High-Value Loyal
15358,5,22,8347.2,7050,379.4181818,292,1,High-Value Loyal
15360,40,1,427.93,223,427.93,13,2,Regular / Growth
15361,362,1,418.92,336,418.92,7,0,At-Risk / Low-Value
15363,373,1,326.0,144,326.0,16,0,At-Risk / Low-Value
15364,96,2,913.19,493,456.595,29,2,Regular / Growth
15365,26,7,2314.32,1084,330.6171429,65,1,High-Value Loyal
15366,75,2,602.51,621,301.255,37,2,Regular / Growth
15367,57,4,1877.59,1057,469.3975,91,1,High-Value Loyal
15368,21,1,446.94,230,446.94,4,2,Regular / Growth
15370,41,7,2386.05,830,340.8642857,65,1,High-Value Loyal
15372,137,1,2007.4,2924,2007.4,27,2,Regular / Growth
15373,8,12,2415.91,500,201.3258333,74,1,High-Value Loyal
15374,129,1,168.0,126,168.0,3,0,At-Risk / Low-Value
15376,40,3,1221.56,615,407.1866667,100,2,Regular / Growth
15379,169,7,3703.29,2305,529.0414286,145,1,High-Value Loyal
15380,9,5,1690.26,376,338.052,22,2,Regular / Growth
15381,214,2,596.85,171,298.425,8,0,At-Risk / Low-Value
15382,15,6,5955.71,4012,992.6183333,193,1,High-Value Loyal
15384,170,2,642.41,596,321.205,34,2,Regular / Growth
15385,40,1,316.88,161,316.88,12,0,At-Risk / Low-Value
15386,186,1,394.14,446,394.14,31,2,Regular / Growth
15388,270,1,140.54,88,140.54,10,0,At-Risk / Low-Value
15389,172,1,500.0,400,500.0,1,0,At-Risk / Low-Value
15392,5,4,1535.53,1277,383.8825,74,1,High-Value Loyal
15393,16,2,231.86,150,115.93,10,0,At-Risk / Low-Value
15394,10,4,2183.54,910,545.885,54,1,High-Value Loyal
15395,326,1,107.45,17,107.45,7,0,At-Risk / Low-Value
15396,113,1,288.18,122,288.18,14,0,At-Risk / Low-Value
15397,290,1,94.0,20,94.0,6,0,At-Risk / Low-Value
15398,16,2,1345.53,769,672.765,60,2,Regular / Growth
15399,1,3,815.77,611,271.9233333,45,1,High-Value Loyal
15400,92,5,716.2,390,143.24,10,2,Regular / Growth
15402,149,2,626.77,694,313.385,35,2,Regular / Growth
15405,189,1,349.1,193,349.1,8,0,At-Risk / Low-Value
15406,31,2,510.71,254,255.355,51,2,Regular / Growth
15407,34,4,1046.74,552,261.685,142,2,Regular / Growth
15408,264,1,267.18,106,267.18,34,0,At-Risk / Low-Value
15410,84,8,3450.84,1200,431.355,48,1,High-Value Loyal
15411,26,4,1348.93,529,337.2325,86,2,Regular / Growth
15412,171,1,190.53,108,190.53,10,0,At-Risk / Low-Value
15414,10,3,774.9,443,258.3,37,2,Regular / Growth
15415,313,1,559.61,551,559.61,46,2,Regular / Growth
15416,65,4,3984.32,2090,996.08,165,1,High-Value Loyal
15417,85,1,508.8,284,508.8,28,2,Regular / Growth
15419,25,1,135.86,230,135.86,8,0,At-Risk / Low-Value
15421,59,4,950.36,500,237.59,40,2,Regular / Growth
15422,323,2,97.7,38,48.85,6,0,At-Risk / Low-Value
15423,38,1,43.5,101,43.5,2,0,At-Risk / Low-Value
15424,254,2,383.34,554,191.67,17,2,Regular / Growth
15426,19,5,1404.07,656,280.814,217,1,High-Value Loyal
15427,33,3,1430.54,967,476.8466667,233,1,High-Value Loyal
15428,15,1,93.78,102,93.78,6,0,At-Risk / Low-Value
15429,27,2,397.35,380,198.675,77,2,Regular / Growth
15432,23,1,171.19,65,171.19,10,0,At-Risk / Low-Value
15433,214,2,533.3,534,266.65,40,2,Regular / Growth
15434,8,5,1041.48,647,208.296,40,2,Regular / Growth
15435,22,1,149.29,54,149.29,29,0,At-Risk / Low-Value
15436,12,3,1067.75,574,355.9166667,243,1,High-Value Loyal
15437,262,1,200.16,79,200.16,44,0,At-Risk / Low-Value
15438,131,1,156.58,59,156.58,25,0,At-Risk / Low-Value
15440,55,3,383.68,197,127.8933333,50,2,Regular / Growth
15442,249,1,594.0,120,594.0,2,0,At-Risk / Low-Value
15443,2,7,3213.59,1639,459.0842857,237,1,High-Value Loyal
15444,9,2,1411.21,759,705.605,191,1,High-Value Loyal
15445,264,1,113.5,58,113.5,5,0,At-Risk / Low-Value
15447,331,1,155.17,85,155.17,9,0,At-Risk / Low-Value
15448,313,1,494.64,232,494.64,28,2,Regular / Growth
15449,26,3,974.52,812,324.84,47,2,Regular / Growth
15450,30,1,429.84,376,429.84,30,2,Regular / Growth
15452,30,3,528.48,280,176.16,47,2,Regular / Growth
15453,2,7,1371.77,837,195.9671429,169,1,High-Value Loyal
15454,362,1,179.1,86,179.1,23,0,At-Risk / Low-Value
15456,283,3,434.59,633,144.8633333,48,2,Regular / Growth
15457,262,1,237.07,132,237.07,56,0,At-Risk / Low-Value
15458,25,1,161.64,156,161.64,7,0,At-Risk / Low-Value
15460,354,1,214.26,107,214.26,53,0,At-Risk / Low-Value
15462,94,3,234.6,172,78.2,9,0,At-Risk / Low-Value
15463,29,1,126.14,106,126.14,7,0,At-Risk / Low-Value
15464,338,1,1044.65,348,1044.65,155,2,Regular / Growth
15465,20,18,7354.62,1257,408.59,43,1,High-Value Loyal
15466,85,1,334.53,246,334.53,56,2,Regular / Growth
15467,9,3,524.88,310,174.96,41,2,Regular / Growth
15468,51,2,467.51,155,233.755,24,2,Regular / Growth
15469,50,2,538.55,153,269.275,24,2,Regular / Growth
15471,2,1,454.48,256,454.48,67,2,Regular / Growth
15472,113,1,371.56,251,371.56,76,2,Regular / Growth
15473,14,7,1771.2,672,253.0285714,4,2,Regular / Growth
15475,77,1,454.11,319,454.11,29,2,Regular / Growth
15478,40,2,1399.92,575,699.96,34,2,Regular / Growth
15480,116,1,905.5,303,905.5,45,2,Regular / Growth
15482,16,12,10879.76,5004,906.6466667,46,1,High-Value Loyal
15483,161,4,225.26,291,56.315,74,0,At-Risk / Low-Value
15484,1,4,3590.41,3150,897.6025,135,1,High-Value Loyal
15485,30,3,2564.5,1281,854.8333333,59,1,High-Value Loyal
15488,93,1,91.32,73,91.32,2,0,At-Risk / Low-Value
15489,23,3,1134.28,608,378.0933333,47,2,Regular / Growth
15491,95,6,3100.09,1646,516.6816667,108,1,High-Value Loyal
15492,28,2,659.46,483,329.73,32,2,Regular / Growth
15493,33,5,1953.41,551,390.682,177,1,High-Value Loyal
15494,21,2,1280.58,1139,640.29,120,2,Regular / Growth
15497,18,2,1262.2,624,631.1,13,2,Regular / Growth
15498,3,27,13316.4,6105,493.2,360,1,High-Value Loyal
15500,8,4,1131.56,572,282.89,64,1,High-Value Loyal
15502,16,12,10384.93,4236,865.4108333,164,1,High-Value Loyal
15503,363,1,141.04,70,141.04,66,0,At-Risk / Low-Value
15504,81,1,52.83,33,52.83,13,0,At-Risk / Low-Value
15505,53,5,3610.96,2390,722.192,90,1,High-Value Loyal
15506,23,3,972.08,842,324.0266667,121,2,Regular / Growth
15507,172,1,475.86,160,475.86,41,2,Regular / Growth
15508,189,6,1000.27,440,166.7116667,78,2,Regular / Growth
15510,331,1,250.0,2,250.0,1,0,At-Risk / Low-Value
15511,12,5,900.53,269,180.106,117,2,Regular / Growth
15512,156,2,121.0,68,60.5,7,0,At-Risk / Low-Value
15513,33,19,14758.22,5709,776.7484211,183,1,High-Value Loyal
15514,12,11,4023.72,2098,365.7927273,96,1,High-Value Loyal
15516,45,3,62.43,27,20.81,15,0,At-Risk / Low-Value
15517,233,1,267.03,293,267.03,27,2,Regular / Growth
15518,64,8,1921.55,1263,240.19375,135,1,High-Value Loyal
15520,2,1,343.5,314,343.5,18,2,Regular / Growth
15521,40,8,3000.2,1836,375.025,116,1,High-Value Loyal
15522,33,2,397.99,572,198.995,47,2,Regular / Growth
15523,84,1,412.01,132,412.01,10,0,At-Risk / Low-Value
15524,25,1,440.0,4,440.0,1,0,At-Risk / Low-Value
15525,2,3,734.37,387,244.79,133,1,High-Value Loyal
15526,33,2,148.44,24,74.22,4,0,At-Risk / Low-Value
15527,19,8,2428.53,991,303.56625,127,1,High-Value Loyal
15528,254,1,229.33,123,229.33,26,0,At-Risk / Low-Value
15529,23,11,3962.6,3455,360.2363636,415,1,High-Value Loyal
15530,22,4,1497.31,938,374.3275,90,1,High-Value Loyal
15531,8,2,1972.39,1085,986.195,196,1,High-Value Loyal
15532,25,4,1564.73,515,391.1825,205,1,High-Value Loyal
15533,19,3,807.57,289,269.19,73,2,Regular / Growth
15535,173,4,502.9,135,125.725,55,2,Regular / Growth
15537,163,1,110.92,29,110.92,24,0,At-Risk / Low-Value
15539,7,1,538.46,410,538.46,41,2,Regular / Growth
15540,11,1,213.3,200,213.3,15,0,At-Risk / Low-Value
15541,114,1,85.13,49,85.13,29,0,At-Risk / Low-Value
15543,288,1,127.86,86,127.86,26,0,At-Risk / Low-Value
15544,9,9,3546.71,3109,394.0788889,122,1,High-Value Loyal
15545,54,2,288.97,162,144.485,78,2,Regular / Growth
15547,7,14,4910.6,3999,350.7571429,441,1,High-Value Loyal
15549,77,3,1681.46,694,560.4866667,104,2,Regular / Growth
15550,4,4,575.63,295,143.9075,43,2,Regular / Growth
15551,37,1,436.06,218,436.06,29,2,Regular / Growth
15552,217,1,90.12,60,90.12,17,0,At-Risk / Low-Value
15553,60,1,428.93,449,428.93,51,2,Regular / Growth
15554,278,1,217.2,74,217.2,14,0,At-Risk / Low-Value
15555,12,16,4794.86,4427,299.67875,401,1,High-Value Loyal
15556,24,1,279.77,236,279.77,31,2,Regular / Growth
15557,29,1,468.91,213,468.91,16,2,Regular / Growth
15561,12,4,800.59,267,200.1475,27,2,Regular / Growth
15562,352,1,134.55,39,134.55,1,0,At-Risk / Low-Value
15563,22,4,1400.44,1501,350.11,88,1,High-Value Loyal
15565,50,2,173.16,60,86.58,8,0,At-Risk / Low-Value
15567,19,1,186.01,223,186.01,7,0,At-Risk / Low-Value
15568,3,3,758.29,461,252.7633333,27,2,Regular / Growth
15569,104,5,1375.71,666,275.142,27,2,Regular / Growth
15570,7,12,4148.82,2063,345.735,231,1,High-Value Loyal
15571,12,4,650.43,264,162.6075,47,2,Regular / Growth
15572,5,7,2533.42,1213,361.9171429,166,1,High-Value Loyal
15573,32,2,591.19,355,295.595,88,2,Regular / Growth
15574,178,4,675.64,332,168.91,131,2,Regular / Growth
15576,38,1,921.37,394,921.37,43,2,Regular / Growth
15577,151,3,258.88,89,86.29333333,39,0,At-Risk / Low-Value
15578,162,1,127.1,52,127.1,13,0,At-Risk / Low-Value
15579,69,2,327.6,117,163.8,45,2,Regular / Growth
15581,121,13,3675.77,283,282.7515385,134,1,High-Value Loyal
15582,25,3,682.91,453,227.6366667,39,2,Regular / Growth
15584,24,4,720.86,313,180.215,89,2,Regular / Growth
15585,177,1,455.3,320,455.3,31,2,Regular / Growth
15587,50,4,913.68,312,228.42,3,2,Regular / Growth
15589,256,3,478.53,243,159.51,28,2,Regular / Growth
15592,47,1,388.58,354,388.58,24,2,Regular / Growth
15593,71,1,199.8,60,199.8,5,0,At-Risk / Low-Value
15594,16,5,1771.78,983,354.356,85,1,High-Value Loyal
15596,101,5,1406.59,561,281.318,51,2,Regular / Growth
15597,35,1,324.57,279,324.57,22,2,Regular / Growth
15598,53,1,240.68,160,240.68,14,0,At-Risk / Low-Value
15599,27,2,761.74,718,380.87,50,2,Regular / Growth
15601,11,14,6776.56,4983,484.04,230,1,High-Value Loyal
15602,8,9,1297.87,1137,144.2077778,30,1,High-Value Loyal
15603,79,1,48.48,96,48.48,2,0,At-Risk / Low-Value
15604,52,1,216.39,159,216.39,17,0,At-Risk / Low-Value
15605,36,5,1198.23,441,239.646,61,2,Regular / Growth
15606,61,9,2920.16,892,324.4622222,48,1,High-Value Loyal
15607,337,1,104.76,202,104.76,13,0,At-Risk / Low-Value
15608,28,4,1093.68,714,273.42,59,2,Regular / Growth
15609,184,1,298.48,148,298.48,16,0,At-Risk / Low-Value
15610,52,1,112.46,66,112.46,6,0,At-Risk / Low-Value
15611,10,13,1591.45,504,122.4192308,23,1,High-Value Loyal
15612,36,2,195.15,52,97.575,4,0,At-Risk / Low-Value
15615,10,23,10399.74,5508,452.1626087,184,1,High-Value Loyal
15618,33,4,776.851,454,194.21275,39,2,Regular / Growth
15619,11,1,336.4,136,336.4,3,0,At-Risk / Low-Value
15620,57,3,1553.18,915,517.7266667,92,2,Regular / Growth
15621,4,4,1293.03,501,323.2575,11,2,Regular / Growth
15622,43,9,3709.56,1674,412.1733333,169,1,High-Value Loyal
15623,141,1,301.03,125,301.03,19,0,At-Risk / Low-Value
15624,117,4,588.13,357,147.0325,26,2,Regular / Growth
15625,104,4,1534.26,1188,383.565,44,2,Regular / Growth
15626,75,2,675.8,766,337.9,49,2,Regular / Growth
15628,5,9,2870.24,1894,318.9155556,85,1,High-Value Loyal
15630,45,2,1186.35,800,593.175,57,2,Regular / Growth
15632,16,8,3285.31,2109,410.66375,107,1,High-Value Loyal
15634,17,1,243.55,99,243.55,15,0,At-Risk / Low-Value
15636,90,2,724.76,284,362.38,20,2,Regular / Growth
15637,53,1,223.36,128,223.36,15,0,At-Risk / Low-Value
15639,134,1,425.32,323,425.32,25,2,Regular / Growth
15640,4,15,12416.11,6572,827.7406667,240,1,High-Value Loyal
15641,105,4,1887.2,1562,471.8,102,1,High-Value Loyal
15643,192,3,664.0,246,221.3333333,31,2,Regular / Growth
15644,166,4,803.54,550,200.885,166,2,Regular / Growth
15645,19,1,612.01,256,612.01,50,2,Regular / Growth
15646,158,3,447.64,394,149.2133333,35,2,Regular / Growth
15648,204,2,639.5,218,319.75,23,2,Regular / Growth
15649,336,2,816.0,192,408.0,1,0,At-Risk / Low-Value
15651,37,3,646.3,479,215.4333333,27,2,Regular / Growth
15652,91,1,337.74,208,337.74,21,2,Regular / Growth
15653,93,2,877.44,1200,438.72,4,2,Regular / Growth
15654,9,2,922.53,475,461.265,15,2,Regular / Growth
15655,243,1,560.67,324,560.67,34,2,Regular / Growth
15656,45,4,748.5,343,187.125,46,2,Regular / Growth
15657,23,1,30.0,24,30.0,1,0,At-Risk / Low-Value
15658,190,5,1024.1,242,204.82,40,2,Regular / Growth
15659,44,1,306.45,111,306.45,11,0,At-Risk / Low-Value
15660,25,9,1600.86,1050,177.8733333,55,1,High-Value Loyal
15661,317,2,309.8,236,154.9,4,0,At-Risk / Low-Value
15663,106,1,138.14,106,138.14,9,0,At-Risk / Low-Value
15664,51,1,386.43,157,386.43,17,2,Regular / Growth
15665,168,2,2222.21,1654,1111.105,92,2,Regular / Growth
15667,40,1,301.32,240,301.32,13,2,Regular / Growth
15668,218,1,76.32,72,76.32,1,0,At-Risk / Low-Value
15669,40,4,684.34,342,171.085,31,2,Regular / Growth
15670,297,1,173.05,91,173.05,12,0,At-Risk / Low-Value
15671,19,7,2657.13,1699,379.59,52,1,High-Value Loyal
15673,88,4,2726.23,1451,681.5575,107,1,High-Value Loyal
15674,73,5,2446.6,1275,489.32,88,1,High-Value Loyal
15675,81,3,323.69,527,107.8966667,20,0,At-Risk / Low-Value
15676,19,3,3435.76,2252,1145.253333,191,1,High-Value Loyal
15677,49,1,657.23,319,657.23,33,2,Regular / Growth
15678,53,1,352.7,184,352.7,12,2,Regular / Growth
15679,24,4,781.28,1170,195.32,98,2,Regular / Growth
15680,9,3,1333.68,952,444.56,61,1,High-Value Loyal
15681,25,5,1426.16,816,285.232,32,2,Regular / Growth
15683,117,1,193.75,131,193.75,10,0,At-Risk / Low-Value
15687,9,9,2993.1,1310,332.5666667,119,1,High-Value Loyal
15689,120,2,254.1,84,127.05,8,0,At-Risk / Low-Value
15690,4,2,239.76,408,119.88,19,2,Regular / Growth
15691,252,1,136.8,72,136.8,2,0,At-Risk / Low-Value
15692,28,1,191.04,138,191.04,12,0,At-Risk / Low-Value
15694,1,14,6479.4,1677,462.8142857,42,1,High-Value Loyal
15695,267,2,409.98,212,204.99,22,0,At-Risk / Low-Value
15696,33,8,2711.11,1015,338.88875,140,1,High-Value Loyal
15699,18,1,309.65,113,309.65,18,2,Regular / Growth
15700,172,2,696.68,357,348.34,85,2,Regular / Growth
15701,2,4,1529.0,912,382.25,193,1,High-Value Loyal
15703,265,1,211.5,66,211.5,5,0,At-Risk / Low-Value
15704,140,4,2293.62,1028,573.405,79,2,Regular / Growth
15705,201,1,143.1,62,143.1,6,0,At-Risk / Low-Value
15706,64,4,1060.56,321,265.14,50,2,Regular / Growth
15707,35,4,916.98,594,229.245,126,2,Regular / Growth
15708,41,7,3235.25,1217,462.1785714,124,1,High-Value Loyal
15709,284,1,133.25,121,133.25,6,0,At-Risk / Low-Value
15712,9,5,1072.36,486,214.472,41,2,Regular / Growth
15713,143,2,356.7,150,178.35,18,0,At-Risk / Low-Value
15714,12,2,330.03,186,165.015,34,2,Regular / Growth
15716,146,4,1101.11,738,275.2775,101,2,Regular / Growth
15717,234,1,150.3,70,150.3,7,0,At-Risk / Low-Value
15719,33,13,5030.07,2718,386.9284615,299,1,High-Value Loyal
15720,24,1,598.73,281,598.73,128,2,Regular / Growth
15721,12,1,471.4,388,471.4,80,2,Regular / Growth
15722,36,5,2211.21,1023,442.242,45,1,High-Value Loyal
15723,365,1,190.7,73,190.7,37,0,At-Risk / Low-Value
15724,201,2,218.25,73,109.125,11,0,At-Risk / Low-Value
15725,15,1,415.25,221,415.25,32,2,Regular / Growth
15727,17,7,5159.06,3063,737.0085714,213,1,High-Value Loyal
15729,213,1,85.0,28,85.0,5,0,At-Risk / Low-Value
15730,66,3,1120.88,689,373.6266667,68,2,Regular / Growth
15732,212,2,294.12,215,147.06,13,0,At-Risk / Low-Value
15733,283,1,162.3,62,162.3,10,0,At-Risk / Low-Value
15734,115,2,1339.45,346,669.725,25,2,Regular / Growth
15737,15,8,1188.12,597,148.515,60,1,High-Value Loyal
15738,19,16,4812.42,2982,300.77625,46,1,High-Value Loyal
15739,66,1,449.12,472,449.12,8,2,Regular / Growth
15740,49,1,154.88,152,154.88,9,0,At-Risk / Low-Value
15743,16,4,775.96,214,193.99,59,2,Regular / Growth
15744,78,1,34.8,120,34.8,3,0,At-Risk / Low-Value
15745,19,4,1094.59,421,273.6475,57,2,Regular / Growth
15746,134,1,196.88,178,196.88,28,0,At-Risk / Low-Value
15747,13,3,946.64,466,315.5466667,52,2,Regular / Growth
15748,40,1,144.36,50,144.36,19,0,At-Risk / Low-Value
15749,235,3,44534.3,18028,14844.76667,5,1,High-Value Loyal
15750,3,8,2463.05,1783,307.88125,214,1,High-Value Loyal
15752,40,7,2626.6,1960,375.2285714,236,1,High-Value Loyal
15753,305,1,79.2,144,79.2,1,0,At-Risk / Low-Value
15754,51,3,458.57,199,152.8566667,24,2,Regular / Growth
15755,10,6,2364.25,1427,394.0416667,127,1,High-Value Loyal
15756,61,4,528.01,241,132.0025,160,2,Regular / Growth
15757,66,2,714.42,491,357.21,43,2,Regular / Growth
15758,25,1,205.25,47,205.25,9,0,At-Risk / Low-Value
15759,218,3,253.04,60,84.34666667,5,0,At-Risk / Low-Value
15762,65,2,583.75,251,291.875,37,2,Regular / Growth
15763,32,2,1086.92,271,543.46,58,2,Regular / Growth
15764,88,6,3279.97,2050,546.6616667,150,1,High-Value Loyal
15766,64,1,315.06,170,315.06,11,0,At-Risk / Low-Value
15768,116,3,621.83,244,207.2766667,23,2,Regular / Growth
15769,7,26,56252.72,29672,2163.566154,26,1,High-Value Loyal
15773,6,1,635.68,311,635.68,10,2,Regular / Growth
15774,69,1,270.8,87,270.8,25,0,At-Risk / Low-Value
15775,245,1,104.9,68,104.9,7,0,At-Risk / Low-Value
15776,133,1,241.62,138,241.62,18,0,At-Risk / Low-Value
15777,241,4,1047.11,378,261.7775,18,2,Regular / Growth
15780,184,3,475.28,220,158.4266667,26,2,Regular / Growth
15781,25,3,345.46,180,115.1533333,20,0,At-Risk / Low-Value
15782,10,3,2614.74,864,871.58,34,1,High-Value Loyal
15783,11,1,246.3,212,246.3,14,2,Regular / Growth
15785,33,5,2328.97,1612,465.794,58,1,High-Value Loyal
15786,46,3,4919.0,3340,1639.666667,257,1,High-Value Loyal
15787,26,3,933.26,534,311.0866667,156,2,Regular / Growth
15789,358,1,351.3,438,351.3,25,2,Regular / Growth
15790,10,1,218.75,113,218.75,34,2,Regular / Growth
15791,44,2,1612.69,731,806.345,66,2,Regular / Growth
15793,15,3,965.61,553,321.87,6,2,Regular / Growth
15795,150,1,610.01,581,610.01,42,2,Regular / Growth
15796,1,8,2708.61,860,338.57625,70,1,High-Value Loyal
15797,113,4,2207.4,873,551.85,8,2,Regular / Growth
15799,76,3,884.14,955,294.7133333,94,2,Regular / Growth
15800,107,2,696.89,332,348.445,116,2,Regular / Growth
15801,46,3,1063.95,570,354.65,61,2,Regular / Growth
15802,143,1,451.42,1,451.42,1,0,At-Risk / Low-Value
15803,51,1,415.82,290,415.82,8,2,Regular / Growth
15804,1,13,4206.39,2565,323.5684615,170,1,High-Value Loyal
15805,23,17,5488.18,3367,322.8341176,220,1,High-Value Loyal
15806,46,3,784.58,602,261.5266667,24,2,Regular / Growth
15807,50,3,903.9,430,301.3,48,2,Regular / Growth
15808,306,4,3651.27,1305,912.8175,142,1,High-Value Loyal
15809,36,5,515.77,301,103.154,31,2,Regular / Growth
15810,79,4,1391.98,861,347.995,66,2,Regular / Growth
15811,22,6,2218.62,1071,369.77,117,1,High-Value Loyal
15812,107,5,1801.14,922,360.228,36,2,Regular / Growth
15813,208,2,1303.91,603,651.955,40,2,Regular / Growth
15814,17,4,1945.33,1271,486.3325,63,1,High-Value Loyal
15815,64,5,2100.6,1856,420.12,33,1,High-Value Loyal
15819,49,4,1905.45,1357,476.3625,96,1,High-Value Loyal
15820,320,1,206.98,128,206.98,17,0,At-Risk / Low-Value
15821,44,2,570.96,202,285.48,57,2,Regular / Growth
15822,3,2,885.47,375,442.735,28,2,Regular / Growth
15823,372,1,15.0,1,15.0,1,0,At-Risk / Low-Value
15825,172,1,532.94,220,532.94,20,2,Regular / Growth
15826,56,3,1654.31,963,551.4366667,64,2,Regular / Growth
15827,73,14,1836.09,882,131.1492857,72,1,High-Value Loyal
15829,99,2,636.14,996,318.07,44,2,Regular / Growth
15830,38,1,576.0,415,576.0,39,2,Regular / Growth
15831,58,3,794.64,1092,264.88,63,2,Regular / Growth
15832,254,1,836.79,465,836.79,54,2,Regular / Growth
15834,70,4,2225.15,961,556.2875,242,1,High-Value Loyal
15835,44,4,954.09,439,238.5225,47,2,Regular / Growth
15836,50,1,137.37,26,137.37,10,0,At-Risk / Low-Value
15837,65,1,391.98,189,391.98,24,2,Regular / Growth
15838,11,19,33643.08,18368,1770.688421,54,1,High-Value Loyal
15839,33,3,1048.49,675,349.4966667,56,2,Regular / Growth
15840,59,2,355.56,396,177.78,26,2,Regular / Growth
15841,73,4,1224.06,942,306.015,36,2,Regular / Growth
15843,304,1,118.95,27,118.95,8,0,At-Risk / Low-Value
15844,46,1,130.74,134,130.74,11,0,At-Risk / Low-Value
15845,18,8,3711.77,1926,463.97125,97,1,High-Value Loyal
15847,38,2,389.27,449,194.635,22,2,Regular / Growth
15850,19,2,234.88,298,117.44,87,2,Regular / Growth
15852,187,2,160.71,48,80.355,22,0,At-Risk / Low-Value
15853,52,1,110.8,135,110.8,29,0,At-Risk / Low-Value
15854,4,12,2969.12,926,247.4266667,105,1,High-Value Loyal
15855,137,5,712.24,470,142.448,59,2,Regular / Growth
15856,4,27,16143.64,10866,597.9125926,295,1,High-Value Loyal
15857,19,1,297.0,308,297.0,14,2,Regular / Growth
15858,16,5,1427.57,1163,285.514,145,1,High-Value Loyal
15860,41,8,965.16,437,120.645,105,2,Regular / Growth
15861,12,8,3146.92,2528,393.365,339,1,High-Value Loyal
15862,8,4,832.88,585,208.22,142,1,High-Value Loyal
15863,26,2,68.84,19,34.42,18,0,At-Risk / Low-Value
15864,22,6,1936.32,1192,322.72,16,1,High-Value Loyal
15865,41,3,895.13,368,298.3766667,37,2,Regular / Growth
15866,101,1,211.89,124,211.89,43,0,At-Risk / Low-Value
15867,5,15,3810.14,2052,254.0093333,302,1,High-Value Loyal
15869,277,2,149.64,175,74.82,13,0,At-Risk / Low-Value
15870,33,1,351.44,333,351.44,68,2,Regular / Growth
15872,15,2,316.25,187,158.125,101,2,Regular / Growth
15874,64,7,4405.88,2534,629.4114286,110,1,High-Value Loyal
15877,2,2,490.33,368,245.165,122,2,Regular / Growth
15880,369,1,329.03,202,329.03,95,2,Regular / Growth
15881,312,5,501.39,260,100.278,26,0,At-Risk / Low-Value
15882,199,4,516.36,276,129.09,23,2,Regular / Growth
15883,2,2,396.48,223,198.24,42,2,Regular / Growth
15885,93,3,379.35,111,126.45,18,0,At-Risk / Low-Value
15886,60,1,181.09,147,181.09,12,0,At-Risk / Low-Value
15888,81,1,168.31,76,168.31,11,0,At-Risk / Low-Value
15889,157,2,420.07,206,210.035,79,2,Regular / Growth
15891,227,1,511.68,418,511.68,60,2,Regular / Growth
15894,253,2,258.25,164,129.125,35,0,At-Risk / Low-Value
15895,150,1,179.17,94,179.17,11,0,At-Risk / Low-Value
15897,194,2,208.59,223,104.295,17,0,At-Risk / Low-Value
15898,1,5,1383.83,567,276.766,70,1,High-Value Loyal
15899,369,1,56.25,39,56.25,4,0,At-Risk / Low-Value
15900,24,1,337.28,216,337.28,44,2,Regular / Growth
15901,17,3,351.73,379,117.2433333,102,2,Regular / Growth
15903,10,7,5126.76,2410,732.3942857,46,1,High-Value Loyal
15904,8,1,164.68,84,164.68,30,0,At-Risk / Low-Value
15906,20,7,1567.69,544,223.9557143,113,1,High-Value Loyal
15907,4,3,882.72,478,294.24,175,1,High-Value Loyal
15909,174,1,191.94,98,191.94,7,0,At-Risk / Low-Value
15910,1,8,1228.88,1013,153.61,215,1,High-Value Loyal
15912,178,2,264.62,185,132.31,19,0,At-Risk / Low-Value
15916,16,8,1502.86,752,187.8575,124,1,High-Value Loyal
15917,248,1,123.1,42,123.1,12,0,At-Risk / Low-Value
15918,191,2,334.23,153,167.115,33,0,At-Risk / Low-Value
15919,20,2,525.69,385,262.845,103,2,Regular / Growth
15920,154,4,167.5,99,41.875,53,0,At-Risk / Low-Value
15921,173,1,323.03,162,323.03,24,2,Regular / Growth
15922,373,1,369.5,138,369.5,11,0,At-Risk / Low-Value
15923,373,1,127.08,122,127.08,21,0,At-Risk / Low-Value
15925,194,1,207.15,93,207.15,12,0,At-Risk / Low-Value
15930,67,1,426.63,139,426.63,21,2,Regular / Growth
15932,4,8,2495.87,2325,311.98375,93,1,High-Value Loyal
15933,21,3,1107.46,885,369.1533333,63,2,Regular / Growth
15935,239,2,416.86,115,208.43,12,0,At-Risk / Low-Value
15937,64,1,145.35,73,145.35,7,0,At-Risk / Low-Value
15938,112,5,404.58,240,80.916,13,0,At-Risk / Low-Value
15939,90,15,6115.01,4728,407.6673333,28,1,High-Value Loyal
15940,311,1,35.8,4,35.8,1,0,At-Risk / Low-Value
15942,134,1,337.44,232,337.44,14,2,Regular / Growth
15944,277,1,325.1,50,325.1,6,0,At-Risk / Low-Value
15945,365,1,181.0,52,181.0,2,0,At-Risk / Low-Value
15947,83,1,1708.24,898,1708.24,29,2,Regular / Growth
15948,8,2,955.24,567,477.62,51,2,Regular / Growth
15949,17,2,364.72,284,182.36,12,2,Regular / Growth
15950,32,4,1744.71,719,436.1775,86,1,High-Value Loyal
15951,9,2,708.22,313,354.11,36,2,Regular / Growth
15952,34,4,781.91,391,195.4775,65,2,Regular / Growth
15953,15,8,1657.28,891,207.16,63,1,High-Value Loyal
15955,24,14,4416.26,2135,315.4471429,137,1,High-Value Loyal
15957,32,1,428.89,211,428.89,40,2,Regular / Growth
15958,74,1,104.35,33,104.35,7,0,At-Risk / Low-Value
15963,20,2,470.76,298,235.38,26,2,Regular / Growth
15965,17,4,808.87,434,202.2175,88,2,Regular / Growth
15967,23,2,397.68,205,198.84,73,2,Regular / Growth
15969,3,3,666.1,124,222.0333333,20,2,Regular / Growth
15970,304,1,314.1,116,314.1,11,0,At-Risk / Low-Value
15971,18,12,4199.85,1717,349.9875,10,1,High-Value Loyal
15973,367,1,307.82,106,307.82,4,0,At-Risk / Low-Value
15974,39,7,3442.15,2262,491.7357143,141,1,High-Value Loyal
15975,84,1,371.01,243,371.01,24,2,Regular / Growth
15976,165,2,427.64,275,213.82,83,2,Regular / Growth
15977,17,2,1054.73,1016,527.365,48,2,Regular / Growth
15978,77,1,1098.78,888,1098.78,49,2,Regular / Growth
15980,89,3,2398.86,1560,799.62,40,2,Regular / Growth
15981,25,8,3408.48,1866,426.06,53,1,High-Value Loyal
15983,22,4,1465.12,886,366.28,82,1,High-Value Loyal
15984,3,10,2780.63,1815,278.063,217,1,High-Value Loyal
15985,123,2,1142.42,1086,571.21,29,2,Regular / Growth
15986,30,1,168.12,268,168.12,14,0,At-Risk / Low-Value
15987,12,7,1432.77,1533,204.6814286,110,1,High-Value Loyal
15988,19,1,156.78,180,156.78,26,0,At-Risk / Low-Value
15990,44,2,792.11,443,396.055,52,2,Regular / Growth
15992,4,1,41.99,17,41.99,3,0,At-Risk / Low-Value
15993,9,7,2777.67,2037,396.81,335,1,High-Value Loyal
15994,55,1,414.27,173,414.27,31,2,Regular / Growth
15996,88,6,1032.58,380,172.0966667,103,2,Regular / Growth
15998,37,5,3080.22,2032,616.044,370,1,High-Value Loyal
16000,3,3,12393.7,5110,4131.233333,9,1,High-Value Loyal
16003,30,5,2735.37,1185,547.074,82,1,High-Value Loyal
16005,12,4,578.71,280,144.6775,173,2,Regular / Growth
16006,211,1,101.4,84,101.4,8,0,At-Risk / Low-Value
16007,48,4,1693.81,1388,423.4525,221,1,High-Value Loyal
16008,24,3,478.78,323,159.5933333,29,2,Regular / Growth
16009,22,4,972.11,366,243.0275,68,2,Regular / Growth
16010,246,3,392.4,202,130.8,62,2,Regular / Growth
16011,8,16,3352.96,2035,209.56,99,1,High-Value Loyal
16012,35,3,1415.29,799,471.7633333,87,2,Regular / Growth
16013,4,47,37130.6,15536,790.012766,30,1,High-Value Loyal
16014,38,3,646.83,258,215.61,123,2,Regular / Growth
16015,4,3,704.55,907,234.85,146,1,High-Value Loyal
16016,3,8,1465.51,602,183.18875,156,1,High-Value Loyal
16017,47,1,211.88,102,211.88,26,0,At-Risk / Low-Value
16018,39,2,408.9,190,204.45,26,2,Regular / Growth
16019,47,9,3786.24,1733,420.6933333,133,1,High-Value Loyal
16020,17,3,851.01,487,283.67,42,2,Regular / Growth
16022,260,1,602.63,255,602.63,68,2,Regular / Growth
16023,46,3,719.81,358,239.9366667,90,2,Regular / Growth
16024,12,1,251.03,397,251.03,61,2,Regular / Growth
16025,30,1,439.66,338,439.66,28,2,Regular / Growth
16026,43,1,236.09,243,236.09,30,2,Regular / Growth
16027,92,6,934.62,1147,155.77,11,2,Regular / Growth
16029,39,63,80850.84,40108,1283.346667,44,1,High-Value Loyal
16030,310,1,331.24,283,331.24,28,2,Regular / Growth
16031,92,2,547.9,421,273.95,91,2,Regular / Growth
16033,6,20,8778.82,3529,438.941,538,1,High-Value Loyal
16034,196,3,437.7,242,145.9,18,0,At-Risk / Low-Value
16036,87,2,758.92,716,379.46,55,2,Regular / Growth
16037,270,3,855.02,428,285.0066667,37,2,Regular / Growth
16038,8,3,471.78,244,157.26,24,2,Regular / Growth
16040,65,3,1313.55,684,437.85,57,2,Regular / Growth
16041,31,3,3166.4,1584,1055.466667,6,2,Regular / Growth
16042,22,5,1177.47,743,235.494,68,2,Regular / Growth
16043,38,4,773.99,503,193.4975,30,2,Regular / Growth
16045,120,4,1340.7,897,335.175,71,2,Regular / Growth
16048,373,2,256.44,144,128.22,8,0,At-Risk / Low-Value
16049,40,3,1074.81,763,358.27,248,2,Regular / Growth
16050,174,1,137.9,278,137.9,10,0,At-Risk / Low-Value
16052,54,1,362.06,282,362.06,34,2,Regular / Growth
16053,33,2,1511.95,1793,755.975,81,2,Regular / Growth
16054,145,1,783.9,380,783.9,70,2,Regular / Growth
16055,221,1,134.8,22,134.8,8,0,At-Risk / Low-Value
16056,45,1,650.75,345,650.75,66,2,Regular / Growth
16057,16,7,2263.12,863,323.3028571,109,1,High-Value Loyal
16059,66,6,1453.16,641,242.1933333,126,1,High-Value Loyal
16062,10,4,1153.62,800,288.405,50,2,Regular / Growth
16063,260,1,335.32,262,335.32,23,2,Regular / Growth
16065,365,1,367.14,228,367.14,71,2,Regular / Growth
16066,17,5,1521.04,935,304.208,77,1,High-Value Loyal
16070,22,2,852.15,457,426.075,32,2,Regular / Growth
16071,45,1,326.24,180,326.24,21,2,Regular / Growth
16072,288,1,584.32,140,584.32,23,2,Regular / Growth
16073,297,1,122.4,48,122.4,1,0,At-Risk / Low-Value
16076,3,10,2234.73,1435,223.473,71,1,High-Value Loyal
16078,284,1,79.2,16,79.2,1,0,At-Risk / Low-Value
16079,17,3,1352.0,864,450.6666667,18,2,Regular / Growth
16080,82,2,217.16,128,108.58,10,0,At-Risk / Low-Value
16081,56,5,2799.42,1473,559.884,175,1,High-Value Loyal
16083,101,2,1317.62,908,658.81,31,2,Regular / Growth
16084,299,1,436.18,216,436.18,38,2,Regular / Growth
16085,23,5,981.51,636,196.302,123,1,High-Value Loyal
16086,59,5,1121.39,511,224.278,24,2,Regular / Growth
16091,155,2,315.06,154,157.53,16,0,At-Risk / Low-Value
16092,115,3,817.86,628,272.62,37,2,Regular / Growth
16093,107,1,17.0,20,17.0,1,0,At-Risk / Low-Value
16094,12,4,1078.23,647,269.5575,48,2,Regular / Growth
16096,264,1,320.62,155,320.62,12,0,At-Risk / Low-Value
16097,240,1,185.05,87,185.05,10,0,At-Risk / Low-Value
16098,88,7,2005.63,613,286.5185714,34,2,Regular / Growth
16099,50,3,731.9,434,243.9666667,29,2,Regular / Growth
16101,71,1,1290.7,757,1290.7,76,2,Regular / Growth
16102,42,3,1842.14,942,614.0466667,41,2,Regular / Growth
16103,7,6,1429.64,558,238.2733333,30,1,High-Value Loyal
16104,62,1,298.21,122,298.21,28,2,Regular / Growth
16105,249,1,336.96,330,336.96,13,2,Regular / Growth
16106,66,1,108.38,74,108.38,6,0,At-Risk / Low-Value
16107,18,7,3204.16,1176,457.7371429,16,1,High-Value Loyal
16108,85,1,842.5,615,842.5,48,2,Regular / Growth
16109,219,2,611.88,612,305.94,18,2,Regular / Growth
16110,45,3,1320.95,720,440.3166667,283,1,High-Value Loyal
16112,143,4,195.74,574,48.935,15,0,At-Risk / Low-Value
16113,183,1,161.38,176,161.38,30,0,At-Risk / Low-Value
16114,171,1,135.75,43,135.75,8,0,At-Risk / Low-Value
16115,10,8,1660.88,994,207.61,169,1,High-Value Loyal
16116,212,1,612.78,248,612.78,34,2,Regular / Growth
16117,190,1,232.21,130,232.21,30,0,At-Risk / Low-Value
16119,8,2,423.36,240,211.68,14,2,Regular / Growth
16120,59,4,1309.14,878,327.285,26,2,Regular / Growth
16121,57,2,854.66,576,427.33,170,2,Regular / Growth
16122,73,4,684.42,1128,171.105,26,2,Regular / Growth
16123,52,1,307.78,170,307.78,16,2,Regular / Growth
16124,317,1,249.0,48,249.0,11,0,At-Risk / Low-Value
16125,367,1,289.35,124,289.35,13,0,At-Risk / Low-Value
16126,29,4,6287.77,2125,1571.9425,57,1,High-Value Loyal
16127,39,1,656.25,323,656.25,40,2,Regular / Growth
16128,18,5,1880.22,988,376.044,76,1,High-Value Loyal
16131,52,6,3506.54,1802,584.4233333,55,1,High-Value Loyal
16133,4,33,14589.04,8887,442.0921212,219,1,High-Value Loyal
16134,22,2,618.09,371,309.045,34,2,Regular / Growth
16135,263,1,517.55,209,517.55,21,2,Regular / Growth
16136,60,3,709.38,440,236.46,35,2,Regular / Growth
16139,19,3,635.41,330,211.8033333,25,2,Regular / Growth
16140,66,2,725.18,730,362.59,32,2,Regular / Growth
16141,88,1,620.4,238,620.4,30,2,Regular / Growth
16142,250,1,535.34,422,535.34,37,2,Regular / Growth
16143,3,6,2424.94,919,404.1566667,75,1,High-Value Loyal
16144,247,1,175.2,16,175.2,1,0,At-Risk / Low-Value
16145,9,11,3799.49,3123,345.4081818,134,1,High-Value Loyal
16146,157,3,734.13,427,244.71,26,2,Regular / Growth
16147,134,1,375.0,246,375.0,22,2,Regular / Growth
16148,296,1,76.32,72,76.32,1,0,At-Risk / Low-Value
16149,5,2,280.52,308,140.26,18,2,Regular / Growth
16150,43,5,2053.02,1047,410.604,91,1,High-Value Loyal
16152,269,1,1829.04,642,1829.04,29,2,Regular / Growth
16153,50,5,1824.23,1073,364.846,78,1,High-Value Loyal
16156,9,9,3092.04,1273,343.56,108,1,High-Value Loyal
16157,16,3,656.69,347,218.8966667,12,2,Regular / Growth
16159,282,1,348.2,236,348.2,14,0,At-Risk / Low-Value
16160,65,2,1025.44,1162,512.72,20,2,Regular / Growth
16161,2,19,5533.67,2583,291.2457895,286,1,High-Value Loyal
16162,252,1,37.4,4,37.4,2,0,At-Risk / Low-Value
16163,232,2,856.6,192,428.3,5,2,Regular / Growth
16164,17,3,822.48,433,274.16,27,2,Regular / Growth
16168,11,27,3787.6,1892,140.2814815,57,1,High-Value Loyal
16169,8,4,1822.97,1325,455.7425,71,1,High-Value Loyal
16170,51,6,1885.05,1770,314.175,106,1,High-Value Loyal
16171,59,1,73.2,24,73.2,3,0,At-Risk / Low-Value
16172,95,5,1140.21,787,228.042,52,2,Regular / Growth
16173,16,6,1418.32,575,236.3866667,70,1,High-Value Loyal
16174,126,3,1009.55,651,336.5166667,19,2,Regular / Growth
16175,94,4,1037.59,533,259.3975,45,2,Regular / Growth
16177,50,1,331.95,95,331.95,15,0,At-Risk / Low-Value
16178,138,1,197.9,94,197.9,8,0,At-Risk / Low-Value
16179,61,1,215.83,99,215.83,11,0,At-Risk / Low-Value
16180,100,8,10254.18,5867,1281.7725,90,1,High-Value Loyal
16181,73,1,305.54,152,305.54,11,0,At-Risk / Low-Value
16182,72,4,6617.65,3791,1654.4125,17,1,High-Value Loyal
16183,67,1,338.71,113,338.71,15,0,At-Risk / Low-Value
16184,64,6,1158.79,561,193.1316667,26,2,Regular / Growth
16185,17,2,529.41,260,264.705,31,2,Regular / Growth
16186,23,12,4006.94,3020,333.9116667,87,1,High-Value Loyal
16187,32,15,6911.44,5048,460.7626667,160,1,High-Value Loyal
16188,45,4,981.86,782,245.465,65,2,Regular / Growth
16189,16,2,215.48,134,107.74,9,0,At-Risk / Low-Value
16190,40,1,215.08,88,215.08,6,0,At-Risk / Low-Value
16191,3,13,5180.52,3351,398.5015385,65,1,High-Value Loyal
16193,237,1,314.45,219,314.45,19,0,At-Risk / Low-Value
16198,75,1,400.681,129,400.681,15,2,Regular / Growth
16200,4,2,1068.87,516,534.435,149,1,High-Value Loyal
16201,3,4,1863.47,1286,465.8675,74,1,High-Value Loyal
16202,361,1,365.27,191,365.27,18,0,At-Risk / Low-Value
16203,59,4,592.9,262,148.225,27,2,Regular / Growth
16204,23,1,384.18,218,384.18,45,2,Regular / Growth
16205,31,4,757.63,516,189.4075,73,2,Regular / Growth
16206,55,4,537.06,272,134.265,52,2,Regular / Growth
16207,25,1,394.38,140,394.38,19,2,Regular / Growth
16208,45,2,664.26,333,332.13,61,2,Regular / Growth
16209,89,5,2262.62,1179,452.524,37,2,Regular / Growth
16210,2,18,21086.3,7559,1171.461111,74,1,High-Value Loyal
16211,89,1,547.02,154,547.02,23,2,Regular / Growth
16212,19,2,690.34,244,345.17,40,2,Regular / Growth
16213,79,1,159.0,48,159.0,6,0,At-Risk / Low-Value
16214,171,3,1062.75,420,354.25,36,2,Regular / Growth
16215,81,1,242.35,104,242.35,14,0,At-Risk / Low-Value
16216,267,1,914.93,254,914.93,37,2,Regular / Growth
16217,235,2,304.25,91,152.125,13,0,At-Risk / Low-Value
16218,30,7,3084.68,2088,440.6685714,56,1,High-Value Loyal
16221,37,3,860.86,714,286.9533333,90,2,Regular / Growth
16222,318,1,773.55,325,773.55,120,2,Regular / Growth
16224,57,4,1295.3,1116,323.825,90,2,Regular / Growth
16225,45,5,1096.32,493,219.264,109,2,Regular / Growth
16226,203,3,255.12,192,85.04,6,0,At-Risk / Low-Value
16227,225,1,314.22,90,314.22,6,0,At-Risk / Low-Value
16229,87,2,1010.6,318,505.3,46,2,Regular / Growth
16230,190,2,542.03,365,271.015,32,2,Regular / Growth
16232,44,4,990.88,550,247.72,24,2,Regular / Growth
16233,71,3,536.68,174,178.8933333,22,2,Regular / Growth
16235,41,5,867.31,330,173.462,42,2,Regular / Growth
16236,78,1,432.2,184,432.2,20,2,Regular / Growth
16239,57,2,414.2,228,207.1,18,2,Regular / Growth
16240,24,2,3718.8,1641,1859.4,126,1,High-Value Loyal
16241,10,13,2590.31,1443,199.2546154,347,1,High-Value Loyal
16242,8,7,3579.86,1969,511.4085714,184,1,High-Value Loyal
16243,34,2,409.1,110,204.55,49,2,Regular / Growth
16244,212,2,1522.75,855,761.375,88,2,Regular / Growth
16245,24,3,1413.66,1014,471.22,80,2,Regular / Growth
16247,170,1,114.56,182,114.56,16,0,At-Risk / Low-Value
16248,62,1,152.94,78,152.94,7,0,At-Risk / Low-Value
16249,53,5,1800.07,950,360.014,67,1,High-Value Loyal
16250,261,2,389.44,208,194.72,22,0,At-Risk / Low-Value
16253,67,2,3683.86,3233,1841.93,114,1,High-Value Loyal
16255,17,8,2619.91,1767,327.48875,146,1,High-Value Loyal
16256,267,1,752.43,581,752.43,13,2,Regular / Growth
16257,177,1,46.95,2,46.95,2,0,At-Risk / Low-Value
16258,45,5,5203.51,2994,1040.702,111,1,High-Value Loyal
16260,51,1,1035.45,311,1035.45,18,2,Regular / Growth
16261,17,4,728.54,301,182.135,98,2,Regular / Growth
16265,9,9,5447.0,2646,605.2222222,164,1,High-Value Loyal
16266,74,7,861.89,398,123.1271429,44,2,Regular / Growth
16268,71,2,667.65,533,333.825,45,2,Regular / Growth
16270,353,1,1141.24,688,1141.24,54,2,Regular / Growth
16271,3,5,1404.64,1024,280.928,89,1,High-Value Loyal
16272,117,1,411.7,224,411.7,25,2,Regular / Growth
16274,373,1,351.75,153,351.75,64,2,Regular / Growth
16275,197,1,559.87,336,559.87,33,2,Regular / Growth
16276,177,1,810.6,420,810.6,6,2,Regular / Growth
16278,100,1,566.38,114,566.38,23,2,Regular / Growth
16279,21,3,1502.78,1046,500.9266667,102,1,High-Value Loyal
16281,72,1,2062.06,934,2062.06,17,2,Regular / Growth
16282,340,1,168.3,114,168.3,11,0,At-Risk / Low-Value
16283,6,5,1570.81,1236,314.162,117,1,High-Value Loyal
16284,31,2,812.68,535,406.34,87,2,Regular / Growth
16287,170,1,142.5,298,142.5,8,0,At-Risk / Low-Value
16292,122,1,302.25,191,302.25,17,0,At-Risk / Low-Value
16293,22,10,2248.99,982,224.899,102,1,High-Value Loyal
16295,10,4,1328.55,841,332.1375,70,1,High-Value Loyal
16297,269,1,301.9,206,301.9,20,0,At-Risk / Low-Value
16298,23,3,598.2,198,199.4,22,2,Regular / Growth
16302,127,1,233.22,158,233.22,11,0,At-Risk / Low-Value
16303,26,3,5360.63,2659,1786.876667,119,1,High-Value Loyal
16305,139,1,361.22,256,361.22,22,2,Regular / Growth
16306,214,6,632.27,487,105.3783333,36,2,Regular / Growth
16308,38,4,2560.0,8000,640.0,1,2,Regular / Growth
16309,106,2,706.57,467,353.285,39,2,Regular / Growth
16311,18,2,616.26,394,308.13,35,2,Regular / Growth
16313,3,2,274.15,165,137.075,16,2,Regular / Growth
16315,331,1,226.37,75,226.37,14,0,At-Risk / Low-Value
16316,64,8,2938.91,1484,367.36375,120,1,High-Value Loyal
16317,120,3,1341.65,890,447.2166667,64,2,Regular / Growth
16318,35,1,328.15,199,328.15,19,2,Regular / Growth
16319,218,1,404.4,72,404.4,3,0,At-Risk / Low-Value
16320,172,2,1038.46,732,519.23,56,2,Regular / Growth
16321,72,5,373.65,135,74.73,7,0,At-Risk / Low-Value
16322,1,2,326.75,231,163.375,28,2,Regular / Growth
16323,196,1,207.5,50,207.5,1,0,At-Risk / Low-Value
16324,128,3,408.59,270,136.1966667,100,2,Regular / Growth
16325,47,3,594.24,194,198.08,14,2,Regular / Growth
16326,6,14,3039.22,682,217.0871429,158,1,High-Value Loyal
16327,14,6,3820.27,2560,636.7116667,142,1,High-Value Loyal
16330,18,3,251.91,147,83.97,39,0,At-Risk / Low-Value
16332,28,7,1582.8,797,226.1142857,125,1,High-Value Loyal
16333,8,22,26626.8,32184,1210.309091,9,1,High-Value Loyal
16337,37,1,151.05,87,151.05,10,0,At-Risk / Low-Value
16338,157,1,214.8,94,214.8,11,0,At-Risk / Low-Value
16339,284,1,94.05,21,94.05,17,0,At-Risk / Low-Value
16340,107,1,534.31,486,534.31,124,2,Regular / Growth
16341,25,4,1971.87,1398,492.9675,60,1,High-Value Loyal
16342,75,4,322.41,157,80.6025,10,0,At-Risk / Low-Value
16343,16,2,328.58,175,164.29,29,2,Regular / Growth
16344,158,1,101.1,18,101.1,1,0,At-Risk / Low-Value
16345,44,1,565.46,288,565.46,35,2,Regular / Growth
16347,11,2,847.45,341,423.725,61,2,Regular / Growth
16348,32,7,1415.65,805,202.2357143,157,1,High-Value Loyal
16349,291,1,53.5,9,53.5,9,0,At-Risk / Low-Value
16350,21,4,1116.47,545,279.1175,40,2,Regular / Growth
16351,333,1,153.9,90,153.9,8,0,At-Risk / Low-Value
16352,18,2,494.44,300,247.22,28,2,Regular / Growth
16353,4,23,6675.71,2006,290.2482609,51,1,High-Value Loyal
16354,63,2,395.8,150,197.9,38,2,Regular / Growth
16356,198,3,211.77,93,70.59,20,0,At-Risk / Low-Value
16357,33,3,658.88,246,219.6266667,31,2,Regular / Growth
16358,1,4,2027.5,1302,506.875,82,1,High-Value Loyal
16359,7,9,1750.92,1183,194.5466667,39,1,High-Value Loyal
16360,5,6,3450.41,2110,575.0683333,365,1,High-Value Loyal
16361,10,4,891.21,418,222.8025,87,2,Regular / Growth
16362,32,5,709.99,340,141.998,58,2,Regular / Growth
16363,53,1,109.36,52,109.36,5,0,At-Risk / Low-Value
16364,12,2,705.79,279,352.895,48,2,Regular / Growth
16365,18,9,1540.42,504,171.1577778,45,1,High-Value Loyal
16366,19,1,327.3,256,327.3,18,2,Regular / Growth
16367,37,2,800.67,643,400.335,123,2,Regular / Growth
16368,2,2,479.91,251,239.955,58,2,Regular / Growth
16369,18,3,1545.41,1030,515.1366667,91,1,High-Value Loyal
16370,82,4,1301.91,640,325.4775,143,2,Regular / Growth
16372,33,2,355.73,158,177.865,86,2,Regular / Growth
16374,66,2,466.73,237,233.365,101,2,Regular / Growth
16376,9,2,974.96,691,487.48,104,2,Regular / Growth
16377,267,1,676.2,1500,676.2,5,2,Regular / Growth
16378,247,3,362.95,267,120.9833333,22,0,At-Risk / Low-Value
16379,4,4,2157.4,1410,539.35,87,1,High-Value Loyal
16380,61,1,1743.15,1428,1743.15,28,2,Regular / Growth
16383,75,2,643.76,467,321.88,80,2,Regular / Growth
16384,90,2,584.5,260,292.25,33,2,Regular / Growth
16385,60,3,554.86,258,184.9533333,52,2,Regular / Growth
16386,29,2,302.57,205,151.285,76,2,Regular / Growth
16387,323,1,94.36,44,94.36,4,0,At-Risk / Low-Value
16389,53,4,1382.07,1242,345.5175,33,2,Regular / Growth
16392,270,1,217.89,201,217.89,41,0,At-Risk / Low-Value
16393,2,13,3040.96,1573,233.92,120,1,High-Value Loyal
16394,57,5,1555.34,2604,311.068,61,1,High-Value Loyal
16395,61,5,1482.06,1472,296.412,150,1,High-Value Loyal
16398,154,2,1705.8,758,852.9,75,2,Regular / Growth
16399,19,2,408.02,263,204.01,68,2,Regular / Growth
16400,95,1,303.93,172,303.93,28,2,Regular / Growth
16401,1,12,4098.32,3882,341.5266667,66,1,High-Value Loyal
16402,265,2,293.45,146,146.725,55,0,At-Risk / Low-Value
16403,312,1,177.5,114,177.5,10,0,At-Risk / Low-Value
16404,70,1,443.05,157,443.05,23,2,Regular / Growth
16405,302,2,167.25,187,83.625,3,0,At-Risk / Low-Value
16406,19,1,154.35,116,154.35,54,0,At-Risk / Low-Value
16407,13,10,2079.68,1093,207.968,99,1,High-Value Loyal
16409,36,5,2022.98,1304,404.596,145,1,High-Value Loyal
16411,19,2,211.7,131,105.85,41,0,At-Risk / Low-Value
16412,54,1,135.99,63,135.99,25,0,At-Risk / Low-Value
16413,57,1,262.2,148,262.2,30,2,Regular / Growth
16414,22,2,126.25,27,63.125,5,0,At-Risk / Low-Value
16415,44,1,200.27,178,200.27,45,2,Regular / Growth
16416,27,3,1051.4,672,350.4666667,59,2,Regular / Growth
16418,45,3,631.12,280,210.3733333,76,2,Regular / Growth
16419,113,6,958.71,428,159.785,36,2,Regular / Growth
16422,17,51,34684.4,33704,680.0862745,68,1,High-Value Loyal
16423,25,1,346.12,230,346.12,18,2,Regular / Growth
16424,191,1,133.56,88,133.56,5,0,At-Risk / Low-Value
16425,302,1,302.7,199,302.7,21,0,At-Risk / Low-Value
16426,2,10,1863.76,1215,186.376,211,1,High-Value Loyal
16427,263,2,241.06,156,120.53,8,0,At-Risk / Low-Value
16429,106,1,284.55,9,284.55,2,0,At-Risk / Low-Value
16430,57,1,300.85,103,300.85,6,0,At-Risk / Low-Value
16431,213,3,623.28,442,207.76,51,2,Regular / Growth
16432,64,1,287.4,276,287.4,8,0,At-Risk / Low-Value
16433,28,1,184.26,106,184.26,17,0,At-Risk / Low-Value
16434,29,7,1511.8,760,215.9714286,88,1,High-Value Loyal
16438,6,5,798.35,463,159.67,74,1,High-Value Loyal
16440,8,5,3640.67,2018,728.134,186,1,High-Value Loyal
16441,67,2,381.2,173,190.6,22,2,Regular / Growth
16442,2,3,609.3,443,203.1,161,1,High-Value Loyal
16444,46,4,654.67,407,163.6675,68,2,Regular / Growth
16445,34,1,230.51,111,230.51,62,2,Regular / Growth
16446,1,2,168472.5,80997,84236.25,3,1,High-Value Loyal
16447,136,1,255.91,221,255.91,34,2,Regular / Growth
16448,198,1,182.99,76,182.99,19,0,At-Risk / Low-Value
16449,198,2,707.69,367,353.845,40,2,Regular / Growth
16450,150,1,311.92,200,311.92,11,0,At-Risk / Low-Value
16451,88,1,266.97,120,266.97,14,0,At-Risk / Low-Value
16454,45,2,6.9,3,3.45,2,0,At-Risk / Low-Value
16455,64,7,1841.18,988,263.0257143,69,1,High-Value Loyal
16456,99,5,2158.18,1147,431.636,80,1,High-Value Loyal
16457,218,1,208.36,140,208.36,9,0,At-Risk / Low-Value
16458,3,18,3482.74,2154,193.4855556,52,1,High-Value Loyal
16460,28,3,811.23,876,270.41,128,2,Regular / Growth
16461,178,1,142.92,48,142.92,31,0,At-Risk / Low-Value
16462,74,3,136.0,16,45.33333333,1,0,At-Risk / Low-Value
16463,21,4,1422.4,1163,355.6,74,1,High-Value Loyal
16464,20,3,1298.66,952,432.8866667,152,1,High-Value Loyal
16466,34,7,1595.96,785,227.9942857,103,1,High-Value Loyal
16468,74,1,74.9,31,74.9,2,0,At-Risk / Low-Value
16469,24,4,625.42,260,156.355,148,2,Regular / Growth
16470,52,4,752.77,522,188.1925,120,2,Regular / Growth
16471,275,1,223.95,141,223.95,13,0,At-Risk / Low-Value
16473,165,3,316.11,196,105.37,18,0,At-Risk / Low-Value
16474,7,7,1810.65,909,258.6642857,237,1,High-Value Loyal
16475,88,4,544.3,319,136.075,23,2,Regular / Growth
16477,64,7,2494.46,1415,356.3514286,111,1,High-Value Loyal
16478,25,3,331.0,224,110.3333333,15,0,At-Risk / Low-Value
16479,10,2,300.83,102,150.415,35,2,Regular / Growth
16480,76,1,769.29,455,769.29,51,2,Regular / Growth
16482,16,1,220.62,346,220.62,18,2,Regular / Growth
16483,192,1,139.35,44,139.35,19,0,At-Risk / Low-Value
16484,174,2,404.3,200,202.15,25,2,Regular / Growth
16485,77,1,363.65,235,363.65,41,2,Regular / Growth
16488,33,3,498.8,728,166.2666667,28,2,Regular / Growth
16491,47,1,731.5,478,731.5,39,2,Regular / Growth
16493,80,4,1351.63,1164,337.9075,40,2,Regular / Growth
16494,297,1,826.53,675,826.53,47,2,Regular / Growth
16495,3,3,648.26,328,216.0866667,78,2,Regular / Growth
16496,9,3,1599.52,1111,533.1733333,92,1,High-Value Loyal
16497,50,6,2965.69,1396,494.2816667,128,1,High-Value Loyal
16498,161,2,100.97,45,50.485,15,0,At-Risk / Low-Value
16499,360,2,365.45,127,182.725,18,0,At-Risk / Low-Value
16500,5,6,400.86,123,66.81,8,0,At-Risk / Low-Value
16503,107,4,1431.93,569,357.9825,71,2,Regular / Growth
16504,25,1,465.88,510,465.88,76,2,Regular / Growth
16505,32,1,777.6,576,777.6,4,2,Regular / Growth
16506,20,2,90.3,42,45.15,3,0,At-Risk / Low-Value
16509,297,1,363.7,64,363.7,13,0,At-Risk / Low-Value
16510,372,1,248.1,92,248.1,13,0,At-Risk / Low-Value
16511,22,3,918.33,405,306.11,135,2,Regular / Growth
16513,5,4,874.59,407,218.6475,33,2,Regular / Growth
16515,52,5,1624.14,826,324.828,89,1,High-Value Loyal
16516,30,1,101.7,58,101.7,6,0,At-Risk / Low-Value
16517,277,1,162.7,96,162.7,17,0,At-Risk / Low-Value
16518,61,2,484.32,327,242.16,36,2,Regular / Growth
16519,25,2,215.08,54,107.54,13,0,At-Risk / Low-Value
16520,186,3,1046.57,558,348.8566667,129,2,Regular / Growth
16523,2,21,9418.47,4265,448.4985714,151,1,High-Value Loyal
16525,2,26,13027.45,7397,501.0557692,75,1,High-Value Loyal
16526,172,1,290.36,106,290.36,15,0,At-Risk / Low-Value
16527,81,1,228.06,106,228.06,14,0,At-Risk / Low-Value
16528,4,1,244.41,171,244.41,17,2,Regular / Growth
16529,190,1,455.25,198,455.25,30,2,Regular / Growth
16531,22,7,1244.59,915,177.7985714,68,1,High-Value Loyal
16532,18,3,6748.8,2016,2249.6,2,1,High-Value Loyal
16533,19,3,1082.81,611,360.9366667,112,2,Regular / Growth
16535,5,1,593.75,356,593.75,31,2,Regular / Growth
16536,110,1,548.12,250,548.12,49,2,Regular / Growth
16539,3,4,1388.81,477,347.2025,36,1,High-Value Loyal
16542,54,1,119.62,46,119.62,5,0,At-Risk / Low-Value
16545,165,1,339.3,78,339.3,3,0,At-Risk / Low-Value
16546,291,2,787.15,549,393.575,25,2,Regular / Growth
16549,10,10,4034.9,2294,403.49,445,1,High-Value Loyal
16550,109,5,2298.97,1540,459.794,162,1,High-Value Loyal
16551,96,3,922.12,970,307.3733333,26,2,Regular / Growth
16552,243,2,379.73,219,189.865,17,0,At-Risk / Low-Value
16553,163,12,5719.82,4600,476.6516667,62,1,High-Value Loyal
16554,42,3,837.1,402,279.0333333,51,2,Regular / Growth
16555,35,2,285.89,175,142.945,15,0,At-Risk / Low-Value
16556,67,7,3313.79,1890,473.3985714,144,1,High-Value Loyal
16557,24,2,281.85,111,140.925,11,0,At-Risk / Low-Value
16558,1,20,8338.49,5377,416.9245,264,1,High-Value Loyal
16560,27,2,841.41,500,420.705,52,2,Regular / Growth
16561,6,2,511.12,244,255.56,29,2,Regular / Growth
16563,54,1,1077.74,486,1077.74,19,2,Regular / Growth
16565,364,1,173.7,46,173.7,3,0,At-Risk / Low-Value
16566,15,5,614.66,362,122.932,14,2,Regular / Growth
16567,194,2,865.6,996,432.8,34,2,Regular / Growth
16569,3,1,124.2,93,124.2,5,0,At-Risk / Low-Value
16570,15,10,3738.4,2112,373.84,68,1,High-Value Loyal
16571,27,3,1421.69,1239,473.8966667,73,2,Regular / Growth
16572,127,3,1009.6,532,336.5333333,40,2,Regular / Growth
16573,85,2,663.61,360,331.805,40,2,Regular / Growth
16574,71,1,451.44,416,451.44,28,2,Regular / Growth
16581,183,1,105.84,134,105.84,9,0,At-Risk / Low-Value
16582,113,1,313.62,164,313.62,6,0,At-Risk / Low-Value
16583,374,1,233.45,111,233.45,14,0,At-Risk / Low-Value
16584,80,2,936.08,646,468.04,25,2,Regular / Growth
16586,249,1,463.95,95,463.95,8,0,At-Risk / Low-Value
16587,232,1,225.15,71,225.15,13,0,At-Risk / Low-Value
16589,71,3,459.24,368,153.08,31,2,Regular / Growth
16591,69,1,213.5,41,213.5,10,0,At-Risk / Low-Value
16592,4,16,4113.68,2927,257.105,142,1,High-Value Loyal
16593,51,3,330.03,116,110.01,24,0,At-Risk / Low-Value
16594,75,1,181.09,64,181.09,53,0,At-Risk / Low-Value
16595,61,1,360.16,335,360.16,83,2,Regular / Growth
16596,16,2,250.15,97,125.075,12,0,At-Risk / Low-Value
16597,4,1,90.04,184,90.04,7,0,At-Risk / Low-Value
16598,286,1,145.05,73,145.05,10,0,At-Risk / Low-Value
16600,4,6,813.52,1145,135.5866667,50,1,High-Value Loyal
16601,41,1,242.7,133,242.7,29,0,At-Risk / Low-Value
16602,36,1,528.08,336,528.08,29,2,Regular / Growth
16603,75,2,482.47,480,241.235,34,2,Regular / Growth
16607,18,14,3347.71,2859,239.1221429,140,1,High-Value Loyal
16609,15,7,5493.46,2420,784.78,155,1,High-Value Loyal
16610,219,1,75.66,66,75.66,6,0,At-Risk / Low-Value
16611,186,1,129.49,47,129.49,9,0,At-Risk / Low-Value
16612,33,4,1187.66,506,296.915,48,2,Regular / Growth
16613,70,1,618.59,293,618.59,30,2,Regular / Growth
16614,183,1,506.19,223,506.19,26,2,Regular / Growth
16616,15,2,500.42,370,250.21,31,2,Regular / Growth
16617,236,1,151.85,91,151.85,5,0,At-Risk / Low-Value
16618,31,5,2647.59,1363,529.518,79,1,High-Value Loyal
16619,264,1,226.21,133,226.21,14,0,At-Risk / Low-Value
16620,4,2,178.96,88,89.48,9,0,At-Risk / Low-Value
16621,52,4,813.48,302,203.37,22,2,Regular / Growth
16623,246,1,129.45,39,129.45,5,0,At-Risk / Low-Value
16624,81,2,810.57,488,405.285,44,2,Regular / Growth
16625,275,1,333.08,164,333.08,23,0,At-Risk / Low-Value
16626,1,17,4413.1,2690,259.5941176,86,1,High-Value Loyal
16627,79,1,322.8,162,322.8,20,2,Regular / Growth
16628,30,5,2188.05,1205,437.61,79,1,High-Value Loyal
16629,74,2,408.63,489,204.315,58,2,Regular / Growth
16633,17,6,2883.1,1138,480.5166667,115,1,High-Value Loyal
16634,223,2,217.9,82,108.95,9,0,At-Risk / Low-Value
16637,32,4,1154.47,927,288.6175,66,2,Regular / Growth
16638,23,10,1680.72,1255,168.072,92,1,High-Value Loyal
16639,31,3,1257.51,510,419.17,48,2,Regular / Growth
16641,106,1,231.1,256,231.1,12,0,At-Risk / Low-Value
16642,5,2,688.33,479,344.165,32,2,Regular / Growth
16643,246,1,487.51,269,487.51,27,2,Regular / Growth
16644,178,2,833.78,826,416.89,62,2,Regular / Growth
16647,170,2,214.06,146,107.03,12,0,At-Risk / Low-Value
16648,43,1,290.66,281,290.66,19,2,Regular / Growth
16650,72,1,518.42,372,518.42,24,2,Regular / Growth
16652,59,7,6773.97,3283,967.71,74,1,High-Value Loyal
16653,16,2,1212.66,733,606.33,67,2,Regular / Growth
16654,141,4,601.27,282,150.3175,29,2,Regular / Growth
16655,18,6,3789.52,2363,631.5866667,208,1,High-Value Loyal
16656,22,15,8625.8,8894,575.0533333,14,1,High-Value Loyal
16657,10,4,874.43,1130,218.6075,158,1,High-Value Loyal
16658,368,1,123.24,40,123.24,8,0,At-Risk / Low-Value
16659,189,1,39.12,72,39.12,2,0,At-Risk / Low-Value
16660,16,4,1267.65,571,316.9125,16,2,Regular / Growth
16665,362,1,135.4,59,135.4,9,0,At-Risk / Low-Value
16666,19,1,118.98,233,118.98,32,0,At-Risk / Low-Value
16667,68,2,567.18,236,283.59,52,2,Regular / Growth
16668,15,6,306.72,318,51.12,9,0,At-Risk / Low-Value
16669,24,3,1348.88,881,449.6266667,141,1,High-Value Loyal
16670,17,11,4095.9,2556,372.3545455,179,1,High-Value Loyal
16671,28,3,1692.27,875,564.09,3,2,Regular / Growth
16672,2,20,8134.94,2832,406.747,22,1,High-Value Loyal
16674,55,2,304.24,181,152.12,89,2,Regular / Growth
16676,34,4,1592.12,636,398.03,75,2,Regular / Growth
16678,3,12,3109.99,2397,259.1658333,92,1,High-Value Loyal
16679,366,1,129.75,29,129.75,3,0,At-Risk / Low-Value
16680,43,1,183.7,94,183.7,10,0,At-Risk / Low-Value
16681,73,6,1770.34,1407,295.0566667,18,2,Regular / Growth
16682,5,5,1028.0,1040,205.6,15,2,Regular / Growth
16684,4,28,66653.56,50255,2380.484286,119,1,High-Value Loyal
16685,61,2,324.24,396,162.12,60,2,Regular / Growth
16686,47,7,2959.88,1977,422.84,406,1,High-Value Loyal
16688,1,4,1260.86,804,315.215,52,1,High-Value Loyal
16689,76,2,422.6,330,211.3,12,2,Regular / Growth
16690,72,2,225.58,138,112.79,10,0,At-Risk / Low-Value
16692,256,2,1276.0,152,638.0,2,2,Regular / Growth
16693,69,2,477.86,203,238.93,58,2,Regular / Growth
16696,135,4,657.9,146,164.475,7,0,At-Risk / Low-Value
16697,241,1,112.75,27,112.75,20,0,At-Risk / Low-Value
16698,227,2,1998.0,840,999.0,4,2,Regular / Growth
16700,9,13,5076.55,4024,390.5038462,159,1,High-Value Loyal
16701,9,13,5398.3,6393,415.2538462,99,1,High-Value Loyal
16705,1,20,14034.99,5476,701.7495,133,1,High-Value Loyal
16706,37,3,531.35,249,177.1166667,108,2,Regular / Growth
16708,46,1,656.63,285,656.63,27,2,Regular / Growth
16709,85,5,3029.87,851,605.974,64,1,High-Value Loyal
16710,19,10,2467.99,1823,246.799,268,1,High-Value Loyal
16711,3,5,1651.03,833,330.206,18,1,High-Value Loyal
16712,9,11,3611.31,1730,328.3009091,259,1,High-Value Loyal
16713,19,15,6910.78,4271,460.7186667,338,1,High-Value Loyal
16714,219,3,1129.06,589,376.3533333,77,2,Regular / Growth
16715,78,1,301.72,642,301.72,19,2,Regular / Growth
16716,267,2,901.2,120,450.6,1,0,At-Risk / Low-Value
16717,24,6,3843.08,1860,640.5133333,176,1,High-Value Loyal
16718,369,1,606.05,407,606.05,41,2,Regular / Growth
16719,15,7,1770.22,1175,252.8885714,107,1,High-Value Loyal
16720,26,1,152.95,180,152.95,25,0,At-Risk / Low-Value
16721,262,1,292.47,172,292.47,37,2,Regular / Growth
16722,17,13,4730.81,5001,363.9084615,96,1,High-Value Loyal
16723,91,2,576.4,398,288.2,37,2,Regular / Growth
16725,302,7,758.27,288,108.3242857,110,2,Regular / Growth
16726,26,5,1358.74,945,271.748,121,1,High-Value Loyal
16727,364,1,256.32,167,256.32,41,0,At-Risk / Low-Value
16728,46,4,1048.28,671,262.07,218,2,Regular / Growth
16729,38,21,7205.33,5722,343.1109524,234,1,High-Value Loyal
16730,52,3,743.11,994,247.7033333,75,2,Regular / Growth
16732,32,1,603.75,317,603.75,28,2,Regular / Growth
16734,52,3,646.76,345,215.5866667,44,2,Regular / Growth
16735,79,5,2247.41,1532,449.482,88,1,High-Value Loyal
16737,53,1,417.6,288,417.6,1,0,At-Risk / Low-Value
16738,298,1,3.75,3,3.75,1,0,At-Risk / Low-Value
16739,177,1,323.0,172,323.0,13,0,At-Risk / Low-Value
16742,47,1,464.9,1,464.9,1,0,At-Risk / Low-Value
16743,29,7,2213.13,2035,316.1614286,89,1,High-Value Loyal
16744,11,7,1291.91,798,184.5585714,198,1,High-Value Loyal
16745,87,17,7180.7,6719,422.3941176,148,1,High-Value Loyal
16746,5,18,6680.11,4660,371.1172222,234,1,High-Value Loyal
16747,38,2,836.06,583,418.03,34,2,Regular / Growth
16748,18,5,1515.9,880,303.18,42,1,High-Value Loyal
16750,45,5,623.93,214,124.786,74,2,Regular / Growth
16751,31,1,1764.72,1031,1764.72,24,2,Regular / Growth
16752,373,1,207.5,54,207.5,9,0,At-Risk / Low-Value
16753,58,1,223.92,189,223.92,34,2,Regular / Growth
16754,372,1,2002.4,4280,2002.4,2,2,Regular / Growth
16755,114,3,1475.43,1058,491.81,133,2,Regular / Growth
16756,215,1,239.4,106,239.4,13,0,At-Risk / Low-Value
16757,319,1,106.83,81,106.83,7,0,At-Risk / Low-Value
16758,65,1,369.34,203,369.34,22,2,Regular / Growth
16759,8,3,789.79,609,263.2633333,40,2,Regular / Growth
16761,97,1,316.62,341,316.62,13,2,Regular / Growth
16762,20,3,1207.24,480,402.4133333,51,2,Regular / Growth
16763,199,1,611.85,319,611.85,23,2,Regular / Growth
16764,4,13,2790.95,1253,214.6884615,209,1,High-Value Loyal
16765,294,1,34.0,4,34.0,1,0,At-Risk / Low-Value
16766,273,2,1145.6,536,572.8,17,2,Regular / Growth
16767,31,11,5575.56,4423,506.8690909,148,1,High-Value Loyal
16768,48,3,478.09,196,159.3633333,47,2,Regular / Growth
16769,260,1,361.54,80,361.54,33,0,At-Risk / Low-Value
16770,58,5,757.1,456,151.42,116,2,Regular / Growth
16771,33,5,2242.61,1487,448.522,200,1,High-Value Loyal
16773,57,1,171.59,171,171.59,23,0,At-Risk / Low-Value
16774,68,4,661.52,322,165.38,36,2,Regular / Growth
16775,10,11,1691.51,439,153.7736364,84,1,High-Value Loyal
16776,60,1,371.54,254,371.54,61,2,Regular / Growth
16777,80,2,222.62,62,111.31,45,0,At-Risk / Low-Value
16778,74,2,245.94,194,122.97,16,0,At-Risk / Low-Value
16779,2,22,10611.72,5301,482.3509091,161,1,High-Value Loyal
16780,100,2,422.24,270,211.12,51,2,Regular / Growth
16781,372,1,311.25,113,311.25,17,0,At-Risk / Low-Value
16782,10,13,2267.95,705,174.4576923,103,1,High-Value Loyal
16784,20,1,107.6,24,107.6,3,0,At-Risk / Low-Value
16788,123,2,594.39,304,297.195,138,2,Regular / Growth
16789,8,1,80.8,32,80.8,5,0,At-Risk / Low-Value
16790,4,6,1545.62,898,257.6033333,88,1,High-Value Loyal
16791,29,7,1705.78,757,243.6828571,218,1,High-Value Loyal
16792,282,2,110.38,44,55.19,11,0,At-Risk / Low-Value
16793,57,1,243.84,146,243.84,16,0,At-Risk / Low-Value
16794,1,10,1196.5,923,119.65,142,1,High-Value Loyal
16795,365,1,414.88,239,414.88,64,2,Regular / Growth
16796,89,1,305.62,186,305.62,18,2,Regular / Growth
16800,11,1,1162.65,524,1162.65,148,2,Regular / Growth
16801,163,4,1594.23,493,398.5575,72,2,Regular / Growth
16803,65,1,332.3,245,332.3,24,2,Regular / Growth
16804,23,3,536.99,246,178.9966667,59,2,Regular / Growth
16805,174,2,460.59,539,230.295,94,2,Regular / Growth
16806,103,4,762.16,356,190.54,68,2,Regular / Growth
16807,143,3,1121.59,778,373.8633333,57,2,Regular / Growth
16808,99,2,288.42,196,144.21,21,0,At-Risk / Low-Value
16809,23,5,914.69,652,182.938,79,2,Regular / Growth
16810,192,1,309.54,114,309.54,15,0,At-Risk / Low-Value
16811,5,2,547.07,477,273.535,26,2,Regular / Growth
16812,361,1,479.35,81,479.35,15,0,At-Risk / Low-Value
16813,8,10,1652.18,1501,165.218,248,1,High-Value Loyal
16814,14,21,6416.7,2697,305.5571429,122,1,High-Value Loyal
16816,103,4,417.06,274,104.265,28,0,At-Risk / Low-Value
16817,3,9,1604.75,822,178.3055556,73,1,High-Value Loyal
16818,11,11,3349.57,2164,304.5063636,172,1,High-Value Loyal
16820,96,1,497.61,307,497.61,26,2,Regular / Growth
16823,227,1,358.38,136,358.38,34,2,Regular / Growth
16824,16,2,460.64,236,230.32,23,2,Regular / Growth
16825,39,2,775.18,566,387.59,27,2,Regular / Growth
16826,51,1,341.7,158,341.7,22,2,Regular / Growth
16828,93,2,128.5,59,64.25,8,0,At-Risk / Low-Value
16829,157,1,197.22,99,197.22,11,0,At-Risk / Low-Value
16830,39,1,325.91,264,325.91,23,2,Regular / Growth
16832,184,3,199.15,33,66.38333333,11,0,At-Risk / Low-Value
16833,1,4,1106.53,440,276.6325,46,1,High-Value Loyal
16834,228,1,413.46,358,413.46,24,2,Regular / Growth
16835,128,2,180.85,61,90.425,10,0,At-Risk / Low-Value
16836,40,2,251.87,165,125.935,11,0,At-Risk / Low-Value
16837,31,11,3170.98,1563,288.2709091,123,1,High-Value Loyal
16838,197,2,588.85,185,294.425,24,2,Regular / Growth
16839,9,34,16594.35,8975,488.0691176,114,1,High-Value Loyal
16841,37,6,1869.82,2250,311.6366667,101,1,High-Value Loyal
16842,101,3,1264.19,693,421.3966667,45,2,Regular / Growth
16843,43,16,10196.57,10159,637.285625,226,1,High-Value Loyal
16846,50,1,214.32,135,214.32,11,0,At-Risk / Low-Value
16847,43,1,193.44,78,193.44,12,0,At-Risk / Low-Value
16848,53,1,281.42,182,281.42,14,0,At-Risk / Low-Value
16849,187,1,124.57,33,124.57,8,0,At-Risk / Low-Value
16850,334,1,332.41,249,332.41,19,2,Regular / Growth
16851,4,3,342.45,271,114.15,17,2,Regular / Growth
16852,10,2,144.91,56,72.455,9,0,At-Risk / Low-Value
16855,24,2,328.4,164,164.2,19,0,At-Risk / Low-Value
16856,15,1,35.4,12,35.4,2,0,At-Risk / Low-Value
16858,369,1,375.69,91,375.69,9,0,At-Risk / Low-Value
16859,145,2,747.81,827,373.905,50,2,Regular / Growth
16861,60,2,173.76,140,86.88,6,0,At-Risk / Low-Value
16863,31,2,502.8,409,251.4,25,2,Regular / Growth
16866,141,3,207.74,60,69.24666667,10,0,At-Risk / Low-Value
16869,23,4,817.12,583,204.28,113,2,Regular / Growth
16871,22,6,2812.34,1253,468.7233333,131,1,High-Value Loyal
16872,77,3,680.02,600,226.6733333,5,2,Regular / Growth
16873,5,6,7123.62,3840,1187.27,179,1,High-Value Loyal
16875,67,5,2095.53,1069,419.106,93,1,High-Value Loyal
16877,12,6,846.62,458,141.1033333,111,1,High-Value Loyal
16878,84,1,13.3,12,13.3,3,0,At-Risk / Low-Value
16880,31,7,1491.43,746,213.0614286,121,1,High-Value Loyal
16881,67,1,432.0,600,432.0,1,0,At-Risk / Low-Value
16882,67,3,705.12,424,235.04,39,2,Regular / Growth
16883,187,2,272.48,103,136.24,33,0,At-Risk / Low-Value
16884,38,2,429.84,320,214.92,26,2,Regular / Growth
16885,15,3,450.41,178,150.1366667,82,2,Regular / Growth
16887,35,1,192.33,156,192.33,35,0,At-Risk / Low-Value
16889,195,3,1578.67,925,526.2233333,112,2,Regular / Growth
16891,2,5,742.43,265,148.486,166,1,High-Value Loyal
16892,1,5,518.19,236,103.638,87,2,Regular / Growth
16893,367,1,145.93,62,145.93,44,0,At-Risk / Low-Value
16895,65,1,202.27,91,202.27,57,0,At-Risk / Low-Value
16897,299,2,289.78,73,144.89,37,0,At-Risk / Low-Value
16898,26,3,501.03,412,167.01,150,2,Regular / Growth
16899,8,6,1271.06,520,211.8433333,80,1,High-Value Loyal
16900,17,3,887.11,833,295.7033333,78,2,Regular / Growth
16902,116,1,1706.88,629,1706.88,43,2,Regular / Growth
16903,29,1,363.2,247,363.2,50,2,Regular / Growth
16904,4,16,3653.75,1984,228.359375,387,1,High-Value Loyal
16905,5,7,3037.6,1381,433.9428571,117,1,High-Value Loyal
16906,82,4,559.59,263,139.8975,74,2,Regular / Growth
16907,29,5,928.76,286,185.752,89,2,Regular / Growth
16909,72,1,379.14,436,379.14,18,2,Regular / Growth
16910,4,8,1508.96,884,188.62,318,1,High-Value Loyal
16912,29,11,2555.58,1025,232.3254545,88,1,High-Value Loyal
16913,290,1,113.44,82,113.44,8,0,At-Risk / Low-Value
16914,36,1,183.76,112,183.76,25,0,At-Risk / Low-Value
16915,9,6,621.68,132,103.6133333,46,2,Regular / Growth
16916,24,2,562.41,431,281.205,129,2,Regular / Growth
16917,277,1,391.52,232,391.52,9,0,At-Risk / Low-Value
16918,50,6,1068.82,721,178.1366667,97,2,Regular / Growth
16919,156,11,2592.25,1403,235.6590909,141,1,High-Value Loyal
16921,61,1,154.18,154,154.18,50,0,At-Risk / Low-Value
16923,12,19,7069.08,3344,372.0568421,313,1,High-Value Loyal
16924,21,3,829.89,467,276.63,69,2,Regular / Growth
16926,371,1,230.25,35,230.25,14,0,At-Risk / Low-Value
16927,116,3,543.05,993,181.0166667,5,2,Regular / Growth
16928,80,17,2814.7,2092,165.5705882,69,1,High-Value Loyal
16929,4,7,1295.39,929,185.0557143,51,1,High-Value Loyal
16930,26,3,378.89,339,126.2966667,47,2,Regular / Growth
16931,5,21,4554.87,3134,216.8985714,448,1,High-Value Loyal
16932,53,1,150.23,82,150.23,44,0,At-Risk / Low-Value
16933,1,2,563.23,288,281.615,42,2,Regular / Growth
16934,55,2,931.03,397,465.515,59,2,Regular / Growth
16936,26,1,261.9,171,261.9,56,2,Regular / Growth
16938,9,4,2711.68,2533,677.92,212,1,High-Value Loyal
16940,52,3,3049.88,2169,1016.626667,226,1,High-Value Loyal
16942,13,9,1904.99,805,211.6655556,159,1,High-Value Loyal
16943,212,3,816.73,145,272.2433333,23,2,Regular / Growth
16945,22,19,4345.5,2725,228.7105263,137,1,High-Value Loyal
16947,236,1,406.48,312,406.48,21,2,Regular / Growth
16948,139,3,435.02,1614,145.0066667,15,2,Regular / Growth
16949,4,6,1286.27,791,214.3783333,57,1,High-Value Loyal
16950,57,3,1178.56,644,392.8533333,39,2,Regular / Growth
16951,135,3,1277.75,1318,425.9166667,73,2,Regular / Growth
16952,109,2,167.61,92,83.805,16,0,At-Risk / Low-Value
16953,30,1,20.8,10,20.8,1,0,At-Risk / Low-Value
16954,1,9,2085.08,1054,231.6755556,40,1,High-Value Loyal
16955,185,4,518.67,266,129.6675,18,0,At-Risk / Low-Value
16956,18,1,308.74,114,308.74,16,2,Regular / Growth
16957,239,2,416.64,172,208.32,15,0,At-Risk / Low-Value
16959,87,1,117.35,49,117.35,7,0,At-Risk / Low-Value
16960,39,3,507.05,304,169.0166667,92,2,Regular / Growth
16961,116,1,234.17,125,234.17,14,0,At-Risk / Low-Value
16963,187,1,110.55,35,110.55,7,0,At-Risk / Low-Value
16965,227,1,201.19,291,201.19,26,0,At-Risk / Low-Value
16966,8,7,2154.97,1981,307.8528571,8,1,High-Value Loyal
16967,189,1,319.02,333,319.02,21,2,Regular / Growth
16968,4,2,439.43,326,219.715,31,2,Regular / Growth
16969,39,3,650.41,816,216.8033333,42,2,Regular / Growth
16971,38,1,357.21,72,357.21,40,2,Regular / Growth
16976,267,1,251.52,88,251.52,2,0,At-Risk / Low-Value
16978,78,1,344.33,166,344.33,39,2,Regular / Growth
16979,4,6,1852.0,865,308.6666667,64,1,High-Value Loyal
16980,255,2,1028.46,739,514.23,71,2,Regular / Growth
16982,61,1,384.06,182,384.06,22,2,Regular / Growth
16983,13,7,1905.87,1335,272.2671429,112,1,High-Value Loyal
16984,88,2,4459.52,2380,2229.76,354,1,High-Value Loyal
16985,17,10,5464.12,1832,546.412,62,1,High-Value Loyal
16986,30,2,1873.2,1040,936.6,3,2,Regular / Growth
16987,3,7,1616.8,401,230.9714286,74,1,High-Value Loyal
16988,5,1,126.12,43,126.12,7,0,At-Risk / Low-Value
16989,7,6,1133.25,1233,188.875,7,2,Regular / Growth
16990,219,1,179.0,100,179.0,1,0,At-Risk / Low-Value
16992,11,5,1614.31,860,322.862,84,1,High-Value Loyal
16996,30,6,1456.96,544,242.8266667,13,2,Regular / Growth
16997,288,3,702.0,360,234.0,7,2,Regular / Growth
16998,150,4,295.0,76,73.75,1,0,At-Risk / Low-Value
16999,23,2,484.82,294,242.41,21,2,Regular / Growth
17001,1,11,3989.57,2164,362.6881818,75,1,High-Value Loyal
17002,86,3,1493.73,679,497.91,41,2,Regular / Growth
17004,46,2,1312.14,771,656.07,38,2,Regular / Growth
17006,5,4,781.78,272,195.445,37,2,Regular / Growth
17007,51,6,889.93,597,148.3216667,50,2,Regular / Growth
17010,18,1,195.36,118,195.36,11,0,At-Risk / Low-Value
17011,30,1,270.9,186,270.9,15,2,Regular / Growth
17014,8,3,583.43,243,194.4766667,63,2,Regular / Growth
17015,29,3,1838.61,1978,612.87,182,1,High-Value Loyal
17017,3,20,8694.26,6673,434.713,88,1,High-Value Loyal
17018,41,2,920.1,176,460.05,15,2,Regular / Growth
17019,11,4,1258.08,820,314.52,166,1,High-Value Loyal
17022,31,1,71.0,108,71.0,7,0,At-Risk / Low-Value
17024,45,3,95.85,69,31.95,2,0,At-Risk / Low-Value
17025,61,3,357.77,235,119.2566667,8,0,At-Risk / Low-Value
17026,185,2,154.83,97,77.415,4,0,At-Risk / Low-Value
17027,79,6,877.56,416,146.26,110,2,Regular / Growth
17029,111,2,716.0,400,358.0,1,0,At-Risk / Low-Value
17030,64,1,146.87,146,146.87,11,0,At-Risk / Low-Value
17031,12,2,380.35,235,190.175,19,2,Regular / Growth
17033,86,3,1030.14,750,343.38,24,2,Regular / Growth
17034,16,3,745.52,410,248.5066667,28,2,Regular / Growth
17035,246,2,433.53,229,216.765,27,2,Regular / Growth
17037,88,1,1267.32,656,1267.32,75,2,Regular / Growth
17038,30,1,112.4,28,112.4,22,0,At-Risk / Low-Value
17040,138,1,449.73,181,449.73,15,2,Regular / Growth
17041,27,3,1071.49,927,357.1633333,59,2,Regular / Growth
17042,3,5,1036.58,990,207.316,74,1,High-Value Loyal
17043,32,4,1735.18,998,433.795,100,1,High-Value Loyal
17044,25,1,948.48,504,948.48,6,2,Regular / Growth
17045,113,3,339.44,106,113.1466667,20,0,At-Risk / Low-Value
17046,157,1,642.02,510,642.02,22,2,Regular / Growth
17047,85,3,1100.9,533,366.9666667,59,2,Regular / Growth
17048,118,3,925.35,485,308.45,41,2,Regular / Growth
17049,3,9,5655.03,2673,628.3366667,201,1,High-Value Loyal
17050,96,6,3185.64,1595,530.94,169,1,High-Value Loyal
17051,194,1,240.89,179,240.89,40,0,At-Risk / Low-Value
17052,28,1,399.09,251,399.09,72,2,Regular / Growth
17053,131,1,498.48,122,498.48,13,2,Regular / Growth
17054,28,5,1356.33,804,271.266,64,1,High-Value Loyal
17058,82,3,1179.89,592,393.2966667,51,2,Regular / Growth
17059,30,5,3080.39,1850,616.078,292,1,High-Value Loyal
17060,266,1,234.24,216,234.24,5,0,At-Risk / Low-Value
17061,74,11,5232.23,1526,475.6572727,57,1,High-Value Loyal
17062,314,4,533.33,418,133.3325,52,2,Regular / Growth
17063,21,7,1461.14,770,208.7342857,66,1,High-Value Loyal
17064,59,3,855.45,316,285.15,53,2,Regular / Growth
17068,12,21,4552.14,2164,216.7685714,116,1,High-Value Loyal
17069,28,9,2709.7,1506,301.0777778,111,1,High-Value Loyal
17070,114,1,304.24,131,304.24,62,2,Regular / Growth
17071,28,9,2429.03,1197,269.8922222,102,1,High-Value Loyal
17073,18,4,1446.09,759,361.5225,142,1,High-Value Loyal
17075,18,4,834.12,292,208.53,62,2,Regular / Growth
17076,36,3,841.08,295,280.36,17,2,Regular / Growth
17078,36,2,378.2,788,189.1,28,2,Regular / Growth
17079,78,1,118.8,24,118.8,2,0,At-Risk / Low-Value
17080,22,2,287.62,166,143.81,8,0,At-Risk / Low-Value
17081,25,2,288.91,77,144.455,55,0,At-Risk / Low-Value
17082,33,2,2003.85,1049,1001.925,75,2,Regular / Growth
17083,109,3,1405.78,772,468.5933333,24,2,Regular / Growth
17084,35,2,2747.99,1702,1373.995,146,1,High-Value Loyal
17085,123,5,1562.4,785,312.48,115,2,Regular / Growth
17086,7,6,2050.08,1859,341.68,76,1,High-Value Loyal
17088,28,4,1991.01,868,497.7525,96,1,High-Value Loyal
17090,4,7,1974.65,903,282.0928571,45,1,High-Value Loyal
17091,3,9,3827.76,1746,425.3066667,119,1,High-Value Loyal
17092,50,4,1774.03,1130,443.5075,99,1,High-Value Loyal
17094,322,1,302.0,152,302.0,14,0,At-Risk / Low-Value
17095,23,3,1324.16,618,441.3866667,69,2,Regular / Growth
17096,15,4,1022.13,339,255.5325,46,2,Regular / Growth
17097,2,8,954.42,459,119.3025,153,1,High-Value Loyal
17100,18,2,971.74,800,485.87,65,2,Regular / Growth
17101,10,4,1621.73,815,405.4325,28,2,Regular / Growth
17102,262,1,25.5,2,25.5,1,0,At-Risk / Low-Value
17105,159,2,665.78,693,332.89,80,2,Regular / Growth
17107,33,6,10797.48,4826,1799.58,269,1,High-Value Loyal
17109,29,6,881.29,588,146.8816667,107,2,Regular / Growth
17110,165,1,163.3,50,163.3,12,0,At-Risk / Low-Value
17111,47,1,231.61,282,231.61,29,2,Regular / Growth
17114,6,8,801.12,215,100.14,85,1,High-Value Loyal
17115,8,3,837.5,372,279.1666667,33,2,Regular / Growth
17117,288,1,116.2,68,116.2,9,0,At-Risk / Low-Value
17118,318,1,157.02,154,157.02,10,0,At-Risk / Low-Value
17119,3,2,606.91,334,303.455,35,2,Regular / Growth
17120,233,1,307.46,120,307.46,18,0,At-Risk / Low-Value
17122,119,1,138.32,80,138.32,7,0,At-Risk / Low-Value
17123,162,1,345.3,246,345.3,9,0,At-Risk / Low-Value
17124,185,1,294.24,129,294.24,31,0,At-Risk / Low-Value
17125,50,1,230.5,281,230.5,34,2,Regular / Growth
17126,152,5,989.45,780,197.89,187,2,Regular / Growth
17128,335,1,157.09,76,157.09,14,0,At-Risk / Low-Value
17131,5,5,2463.17,983,492.634,78,1,High-Value Loyal
17133,16,7,4892.24,2730,698.8914286,13,1,High-Value Loyal
17134,107,2,413.2,98,206.6,21,0,At-Risk / Low-Value
17135,16,7,1139.73,1224,162.8185714,34,1,High-Value Loyal
17138,276,1,380.5,126,380.5,24,2,Regular / Growth
17139,16,12,10650.77,5176,887.5641667,309,1,High-Value Loyal
17140,247,1,454.12,296,454.12,16,2,Regular / Growth
17142,239,1,579.0,81,579.0,15,2,Regular / Growth
17144,1,2,984.57,483,492.285,42,2,Regular / Growth
17146,106,3,749.78,212,249.9266667,33,2,Regular / Growth
17147,23,4,1714.59,882,428.6475,68,1,High-Value Loyal
17148,52,1,124.88,82,124.88,9,0,At-Risk / Low-Value
17152,195,3,1689.5,517,563.1666667,9,2,Regular / Growth
17153,24,1,213.78,104,213.78,14,0,At-Risk / Low-Value
17154,75,1,329.34,490,329.34,23,2,Regular / Growth
17155,18,2,251.7,242,125.85,19,0,At-Risk / Low-Value
17157,8,2,319.0,172,159.5,11,0,At-Risk / Low-Value
17158,32,3,1266.97,778,422.3233333,53,2,Regular / Growth
17159,22,3,1538.88,1111,512.96,96,1,High-Value Loyal
17160,31,6,3518.03,2856,586.3383333,111,1,High-Value Loyal
17162,29,10,1715.46,1001,171.546,81,1,High-Value Loyal
17163,22,2,293.1,66,146.55,3,0,At-Risk / Low-Value
17164,33,7,2467.35,1501,352.4785714,92,1,High-Value Loyal
17165,284,1,158.68,100,158.68,10,0,At-Risk / Low-Value
17166,39,2,206.34,78,103.17,11,0,At-Risk / Low-Value
17169,58,2,835.78,526,417.89,51,2,Regular / Growth
17171,289,1,224.91,185,224.91,16,0,At-Risk / Low-Value
17172,79,1,317.76,480,317.76,15,2,Regular / Growth
17173,5,8,3766.6,1122,470.825,36,1,High-Value Loyal
17174,218,1,59.9,41,59.9,4,0,At-Risk / Low-Value
17175,44,4,1443.69,866,360.9225,42,2,Regular / Growth
17176,202,1,306.13,170,306.13,15,0,At-Risk / Low-Value
17179,178,3,711.79,290,237.2633333,56,2,Regular / Growth
17180,56,4,783.97,670,195.9925,91,2,Regular / Growth
17181,57,2,239.92,241,119.96,23,0,At-Risk / Low-Value
17183,8,6,3347.31,1296,557.885,42,1,High-Value Loyal
17186,47,2,144.0,200,72.0,1,0,At-Risk / Low-Value
17187,227,1,203.95,144,203.95,10,0,At-Risk / Low-Value
17188,11,7,2474.23,1328,353.4614286,71,1,High-Value Loyal
17189,106,2,383.75,226,191.875,52,2,Regular / Growth
17190,59,2,444.74,161,222.37,19,2,Regular / Growth
17191,28,7,2093.68,1166,299.0971429,163,1,High-Value Loyal
17193,36,7,1699.3,1254,242.7571429,17,2,Regular / Growth
17194,274,2,262.62,119,131.31,26,0,At-Risk / Low-Value
17197,30,1,1013.01,191,1013.01,29,2,Regular / Growth
17198,24,3,692.22,357,230.74,89,2,Regular / Growth
17201,54,1,289.78,231,289.78,38,2,Regular / Growth
17203,36,6,3560.08,2846,593.3466667,116,1,High-Value Loyal
17204,175,4,1564.56,646,391.14,44,2,Regular / Growth
17205,54,1,384.08,884,384.08,13,2,Regular / Growth
17206,53,1,204.24,76,204.24,7,0,At-Risk / Low-Value
17211,27,8,2317.22,1323,289.6525,150,1,High-Value Loyal
17212,253,1,226.85,147,226.85,4,0,At-Risk / Low-Value
17213,40,7,2781.23,1176,397.3185714,85,1,High-Value Loyal
17214,60,6,1059.12,272,176.52,79,2,Regular / Growth
17217,234,1,113.5,24,113.5,9,0,At-Risk / Low-Value
17218,4,10,1951.97,955,195.197,146,1,High-Value Loyal
17219,32,1,114.23,89,114.23,24,0,At-Risk / Low-Value
17220,24,14,3187.55,1897,227.6821429,303,1,High-Value Loyal
17221,7,2,334.48,287,167.24,59,2,Regular / Growth
17222,65,1,328.65,122,328.65,27,2,Regular / Growth
17223,310,2,416.89,110,208.445,43,0,At-Risk / Low-Value
17226,309,1,393.49,406,393.49,21,2,Regular / Growth
17227,19,6,939.32,741,156.5533333,28,2,Regular / Growth
17228,16,8,1906.09,1532,238.26125,140,1,High-Value Loyal
17229,96,2,318.76,185,159.38,39,2,Regular / Growth
17230,264,8,3638.41,1651,454.80125,51,1,High-Value Loyal
17231,12,10,3124.72,1724,312.472,292,1,High-Value Loyal
17232,3,2,417.77,202,208.885,30,2,Regular / Growth
17233,35,1,190.88,131,190.88,25,0,At-Risk / Low-Value
17234,183,1,149.89,55,149.89,14,0,At-Risk / Low-Value
17235,25,2,550.06,224,275.03,24,2,Regular / Growth
17236,13,6,916.13,474,152.6883333,88,1,High-Value Loyal
17237,11,2,314.69,105,157.345,18,0,At-Risk / Low-Value
17238,3,17,3719.1,1807,218.7705882,297,1,High-Value Loyal
17239,313,1,382.5,150,382.5,15,0,At-Risk / Low-Value
17242,108,2,1135.04,611,567.52,30,2,Regular / Growth
17243,1,26,8540.05,3320,328.4634615,180,1,High-Value Loyal
17244,53,1,954.9,616,954.9,31,2,Regular / Growth
17245,205,1,171.45,75,171.45,9,0,At-Risk / Low-Value
17247,15,1,280.09,105,280.09,53,2,Regular / Growth
17248,120,1,318.65,213,318.65,68,2,Regular / Growth
17250,4,2,381.97,167,190.985,55,2,Regular / Growth
17251,363,1,269.83,108,269.83,37,0,At-Risk / Low-Value
17252,117,2,348.91,192,174.455,86,2,Regular / Growth
17253,18,1,178.26,43,178.26,18,0,At-Risk / Low-Value
17254,5,2,271.19,251,135.595,100,2,Regular / Growth
17255,41,2,291.48,227,145.74,69,2,Regular / Growth
17256,107,2,240.0,141,120.0,12,0,At-Risk / Low-Value
17259,148,2,581.23,388,290.615,104,2,Regular / Growth
17262,52,5,1253.36,367,250.672,9,2,Regular / Growth
17263,208,1,63.44,36,63.44,23,0,At-Risk / Low-Value
17265,139,2,550.01,389,275.005,106,2,Regular / Growth
17266,2,3,296.58,153,98.86,60,2,Regular / Growth
17267,127,2,317.2,158,158.6,37,0,At-Risk / Low-Value
17268,108,4,763.64,844,190.91,3,2,Regular / Growth
17272,42,4,2148.63,1778,537.1575,70,1,High-Value Loyal
17274,35,1,107.82,77,107.82,24,0,At-Risk / Low-Value
17277,228,2,1065.35,430,532.675,67,2,Regular / Growth
17278,241,1,246.04,179,246.04,15,0,At-Risk / Low-Value
17279,58,1,187.83,48,187.83,8,0,At-Risk / Low-Value
17282,130,3,1685.46,1866,561.82,79,2,Regular / Growth
17284,60,6,1647.48,1362,274.58,229,1,High-Value Loyal
17286,22,1,151.37,117,151.37,44,0,At-Risk / Low-Value
17287,26,7,1049.06,556,149.8657143,88,1,High-Value Loyal
17288,9,7,1417.63,1201,202.5185714,118,1,High-Value Loyal
17289,32,3,931.02,513,310.34,86,2,Regular / Growth
17290,4,2,513.01,397,256.505,92,2,Regular / Growth
17291,308,1,550.8,72,550.8,1,0,At-Risk / Low-Value
17293,8,9,1854.06,1135,206.0066667,93,1,High-Value Loyal
17295,29,3,547.0,293,182.3333333,53,2,Regular / Growth
17297,17,1,128.18,65,128.18,49,0,At-Risk / Low-Value
17298,101,2,498.42,387,249.21,30,2,Regular / Growth
17299,12,4,656.61,668,164.1525,50,2,Regular / Growth
17301,21,1,163.24,137,163.24,59,0,At-Risk / Low-Value
17302,15,5,1135.63,575,227.126,68,2,Regular / Growth
17303,361,1,250.04,144,250.04,53,0,At-Risk / Low-Value
17306,11,19,8631.31,11491,454.2794737,13,1,High-Value Loyal
17309,95,1,82.75,41,82.75,11,0,At-Risk / Low-Value
17311,78,2,1384.85,1005,692.425,55,2,Regular / Growth
17312,139,3,644.3,372,214.7666667,11,2,Regular / Growth
17313,31,1,2328.84,1402,2328.84,24,2,Regular / Growth
17314,25,8,2527.92,1896,315.99,120,1,High-Value Loyal
17315,2,38,6281.23,3863,165.2955263,256,1,High-Value Loyal
17317,46,3,2600.34,1146,866.78,8,2,Regular / Growth
17320,100,3,1200.62,634,400.2066667,57,2,Regular / Growth
17321,8,2,657.16,364,328.58,94,2,Regular / Growth
17323,15,7,906.52,760,129.5028571,125,1,High-Value Loyal
17324,18,4,986.48,843,246.62,43,2,Regular / Growth
17325,280,1,96.8,60,96.8,6,0,At-Risk / Low-Value
17329,14,2,523.11,142,261.555,29,2,Regular / Growth
17330,23,2,363.9,120,181.95,5,0,At-Risk / Low-Value
17331,124,1,175.2,16,175.2,1,0,At-Risk / Low-Value
17333,86,1,494.25,375,494.25,28,2,Regular / Growth
17334,302,2,307.02,315,153.51,11,0,At-Risk / Low-Value
17337,151,4,1981.06,1247,495.265,421,1,High-Value Loyal
17338,17,8,6493.54,3059,811.6925,389,1,High-Value Loyal
17339,94,2,243.36,152,121.68,9,0,At-Risk / Low-Value
17340,30,11,12353.29,5967,1123.026364,229,1,High-Value Loyal
17341,157,3,682.29,443,227.43,147,2,Regular / Growth
17343,355,1,193.64,56,193.64,17,0,At-Risk / Low-Value
17344,46,1,157.62,65,157.62,31,0,At-Risk / Low-Value
17345,15,4,519.69,341,129.9225,70,2,Regular / Growth
17346,4,15,2622.88,1617,174.8586667,299,1,High-Value Loyal
17347,86,1,228.96,216,228.96,1,0,At-Risk / Low-Value
17348,15,5,1156.6,1398,231.32,180,1,High-Value Loyal
17349,179,1,98.25,102,98.25,8,0,At-Risk / Low-Value
17350,8,4,1281.32,770,320.33,66,1,High-Value Loyal
17351,36,3,587.15,113,195.7166667,22,2,Regular / Growth
17353,129,2,1740.0,1200,870.0,5,2,Regular / Growth
17354,51,1,1393.06,1006,1393.06,15,2,Regular / Growth
17356,312,1,178.22,166,178.22,19,0,At-Risk / Low-Value
17357,24,2,384.39,152,192.195,41,2,Regular / Growth
17358,303,2,360.81,190,180.405,55,2,Regular / Growth
17359,11,1,127.86,161,127.86,13,0,At-Risk / Low-Value
17360,17,3,568.24,328,189.4133333,113,2,Regular / Growth
17361,49,3,488.2,157,162.7333333,26,2,Regular / Growth
17362,239,2,312.23,191,156.115,30,0,At-Risk / Low-Value
17364,1,11,4462.68,2692,405.6981818,288,1,High-Value Loyal
17365,13,8,4767.36,4749,595.92,278,1,High-Value Loyal
17367,238,1,167.55,149,167.55,33,0,At-Risk / Low-Value
17368,23,8,1878.87,1377,234.85875,93,1,High-Value Loyal
17370,73,4,446.18,540,111.545,31,2,Regular / Growth
17371,17,3,418.4,151,139.4666667,83,2,Regular / Growth
17372,41,8,1337.18,747,167.1475,215,1,High-Value Loyal
17373,40,4,646.92,408,161.73,47,2,Regular / Growth
17374,219,2,495.77,85,247.885,24,0,At-Risk / Low-Value
17375,199,3,400.1,367,133.3666667,63,2,Regular / Growth
17376,71,2,203.2,86,101.6,23,0,At-Risk / Low-Value
17377,24,20,4058.32,2038,202.916,190,1,High-Value Loyal
17379,11,1,389.72,623,389.72,71,2,Regular / Growth
17381,9,29,20275.61,25649,699.1589655,40,1,High-Value Loyal
17382,65,1,65.4,25,65.4,2,0,At-Risk / Low-Value
17383,4,1,193.39,148,193.39,49,2,Regular / Growth
17384,19,2,336.4,88,168.2,12,0,At-Risk / Low-Value
17385,15,1,256.11,197,256.11,42,2,Regular / Growth
17386,8,6,2686.42,1902,447.7366667,23,1,High-Value Loyal
17387,20,2,746.81,522,373.405,71,2,Regular / Growth
17388,78,4,1259.56,1068,314.89,13,2,Regular / Growth
17389,1,34,31833.68,7612,936.2847059,45,1,High-Value Loyal
17391,164,2,508.8,480,254.4,2,0,At-Risk / Low-Value
17392,307,2,417.27,277,208.635,53,2,Regular / Growth
17394,219,1,203.87,241,203.87,4,0,At-Risk / Low-Value
17396,39,8,7330.8,2005,916.35,24,1,High-Value Loyal
17397,22,2,681.41,250,340.705,88,2,Regular / Growth
17398,115,3,653.38,310,217.7933333,30,2,Regular / Growth
17400,126,5,2097.84,1088,419.568,175,1,High-Value Loyal
17402,5,13,2633.85,701,202.6038462,33,1,High-Value Loyal
17403,36,1,263.92,111,263.92,32,2,Regular / Growth
17404,4,15,31906.82,32748,2127.121333,111,1,High-Value Loyal
17405,1,3,1031.41,726,343.8033333,77,1,High-Value Loyal
17406,333,3,2184.42,780,728.14,99,2,Regular / Growth
17408,163,1,32.65,3,32.65,2,0,At-Risk / Low-Value
17409,185,2,771.85,105,385.925,13,2,Regular / Growth
17410,16,5,1214.72,616,242.944,57,2,Regular / Growth
17411,12,3,778.94,306,259.6466667,39,2,Regular / Growth
17412,3,7,1258.06,738,179.7228571,48,1,High-Value Loyal
17414,44,2,778.0,2100,389.0,5,2,Regular / Growth
17415,80,1,507.84,114,507.84,14,2,Regular / Growth
17416,30,7,6893.42,4302,984.7742857,186,1,High-Value Loyal
17418,42,2,463.46,289,231.73,29,2,Regular / Growth
17419,11,12,4226.57,1876,352.2141667,155,1,High-Value Loyal
17420,50,3,598.83,265,199.61,28,2,Regular / Growth
17422,16,6,1979.37,2253,329.895,93,1,High-Value Loyal
17423,46,2,698.41,459,349.205,26,2,Regular / Growth
17425,19,2,759.17,407,379.585,42,2,Regular / Growth
17426,8,6,5037.26,3094,839.5433333,179,1,High-Value Loyal
17427,72,1,100.8,34,100.8,2,0,At-Risk / Low-Value
17428,1,28,17256.85,9474,616.3160714,252,1,High-Value Loyal
17429,128,3,524.92,624,174.9733333,36,2,Regular / Growth
17430,33,2,265.76,190,132.88,14,0,At-Risk / Low-Value
17431,313,1,403.3,292,403.3,41,2,Regular / Growth
17432,18,2,365.76,207,182.88,44,2,Regular / Growth
17433,88,1,303.16,185,303.16,53,2,Regular / Growth
17434,2,7,2373.82,1693,339.1171429,100,1,High-Value Loyal
17436,2,2,216.3,90,108.15,7,0,At-Risk / Low-Value
17438,254,1,388.45,103,388.45,17,0,At-Risk / Low-Value
17440,157,3,186.42,246,62.14,3,0,At-Risk / Low-Value
17442,37,6,2248.56,1496,374.76,96,1,High-Value Loyal
17443,220,1,534.24,504,534.24,1,0,At-Risk / Low-Value
17444,148,3,2940.04,2119,980.0133333,132,1,High-Value Loyal
17446,177,2,120.9,198,60.45,6,0,At-Risk / Low-Value
17447,40,2,541.53,443,270.765,33,2,Regular / Growth
17449,2,7,2519.21,1121,359.8871429,178,1,High-Value Loyal
17450,8,46,194390.79,69973,4225.886739,124,1,High-Value Loyal
17451,1,7,1721.4,1203,245.9142857,83,1,High-Value Loyal
17453,18,2,486.72,219,243.36,19,2,Regular / Growth
17454,192,4,517.53,243,129.3825,57,2,Regular / Growth
17455,204,1,131.7,66,131.7,8,0,At-Risk / Low-Value
17456,365,1,249.86,222,249.86,17,0,At-Risk / Low-Value
17457,127,5,1737.7,826,347.54,14,2,Regular / Growth
17458,15,1,316.5,170,316.5,52,2,Regular / Growth
17459,43,2,657.3,537,328.65,88,2,Regular / Growth
17460,94,6,622.43,236,103.7383333,18,2,Regular / Growth
17461,23,3,735.82,770,245.2733333,104,2,Regular / Growth
17462,60,2,675.69,227,337.845,25,2,Regular / Growth
17463,16,5,1875.86,1086,375.172,162,1,High-Value Loyal
17464,158,1,289.96,220,289.96,9,0,At-Risk / Low-Value
17466,10,2,763.28,306,381.64,41,2,Regular / Growth
17468,10,2,137.0,116,68.5,5,0,At-Risk / Low-Value
17469,16,5,1870.97,787,374.194,61,1,High-Value Loyal
17470,45,5,1125.07,1675,225.014,67,1,High-Value Loyal
17472,191,3,697.54,455,232.5133333,142,2,Regular / Growth
17475,79,1,194.37,178,194.37,14,0,At-Risk / Low-Value
17480,78,1,511.82,338,511.82,29,2,Regular / Growth
17481,4,4,1255.59,1061,313.8975,69,1,High-Value Loyal
17483,65,3,414.04,191,138.0133333,18,0,At-Risk / Low-Value
17486,261,1,396.87,191,396.87,24,2,Regular / Growth
17489,59,2,376.64,428,188.32,28,2,Regular / Growth
17490,1,7,2092.32,1134,298.9028571,63,1,High-Value Loyal
17491,1,10,3558.87,2013,355.887,72,1,High-Value Loyal
17492,248,1,374.57,155,374.57,12,0,At-Risk / Low-Value
17495,8,2,497.56,229,248.78,21,2,Regular / Growth
17496,359,1,271.05,79,271.05,10,0,At-Risk / Low-Value
17498,76,1,272.22,394,272.22,17,2,Regular / Growth
17499,290,1,622.88,711,622.88,40,2,Regular / Growth
17500,17,3,1138.0,17,379.3333333,3,0,At-Risk / Low-Value
17501,221,2,288.6,160,144.3,18,0,At-Risk / Low-Value
17502,9,4,689.1,376,172.275,25,2,Regular / Growth
17503,3,2,558.96,486,279.48,36,2,Regular / Growth
17504,206,9,2997.03,1664,333.0033333,112,1,High-Value Loyal
17505,162,2,1145.84,556,572.92,48,2,Regular / Growth
17506,76,1,302.2,139,302.2,14,0,At-Risk / Low-Value
17507,262,2,605.58,359,302.79,79,2,Regular / Growth
17508,281,1,387.31,289,387.31,22,2,Regular / Growth
17509,58,8,6083.64,3512,760.455,75,1,High-Value Loyal
17510,25,1,308.48,214,308.48,20,2,Regular / Growth
17511,3,31,91062.38,64549,2937.496129,453,1,High-Value Loyal
17512,29,10,2924.99,2753,292.499,61,1,High-Value Loyal
17513,72,1,513.2,254,513.2,6,2,Regular / Growth
17514,128,1,208.65,135,208.65,40,0,At-Risk / Low-Value
17515,31,4,639.02,243,159.755,49,2,Regular / Growth
17516,15,5,764.88,414,152.976,113,2,Regular / Growth
17517,309,1,153.94,102,153.94,11,0,At-Risk / Low-Value
17519,17,6,1844.02,1236,307.3366667,60,1,High-Value Loyal
17520,54,1,546.81,365,546.81,30,2,Regular / Growth
17521,30,3,723.21,519,241.07,38,2,Regular / Growth
17522,2,5,1070.71,1034,214.142,59,1,High-Value Loyal
17523,11,4,652.74,872,163.185,25,2,Regular / Growth
17524,361,1,145.0,90,145.0,6,0,At-Risk / Low-Value
17525,360,1,422.7,82,422.7,9,0,At-Risk / Low-Value
17526,5,4,1195.9,310,298.975,17,2,Regular / Growth
17527,54,4,939.37,488,234.8425,45,2,Regular / Growth
17528,1,8,3628.5,2138,453.5625,183,1,High-Value Loyal
17530,1,10,2367.12,1514,236.712,306,1,High-Value Loyal
17531,190,1,296.7,136,296.7,14,0,At-Risk / Low-Value
17534,54,1,223.36,103,223.36,9,0,At-Risk / Low-Value
17535,280,1,164.4,136,164.4,13,0,At-Risk / Low-Value
17536,177,1,76.5,6,76.5,3,0,At-Risk / Low-Value
17537,30,2,887.67,699,443.835,74,2,Regular / Growth
17538,26,1,98.42,134,98.42,9,0,At-Risk / Low-Value
17540,25,2,578.9,194,289.45,20,2,Regular / Growth
17542,270,1,170.75,134,170.75,24,0,At-Risk / Low-Value
17545,43,3,642.32,337,214.1066667,122,2,Regular / Growth
17548,234,1,103.3,58,103.3,5,0,At-Risk / Low-Value
17549,24,2,148.86,210,74.43,5,0,At-Risk / Low-Value
17550,197,3,267.16,86,89.05333333,42,0,At-Risk / Low-Value
17551,359,1,290.34,142,290.34,39,0,At-Risk / Low-Value
17552,60,4,930.41,719,232.6025,43,2,Regular / Growth
17553,130,1,1487.6,1048,1487.6,2,2,Regular / Growth
17554,1,5,1952.45,1763,390.49,58,1,High-Value Loyal
17555,20,2,480.31,348,240.155,101,2,Regular / Growth
17556,206,1,157.9,101,157.9,6,0,At-Risk / Low-Value
17557,14,3,541.46,306,180.4866667,27,2,Regular / Growth
17560,95,4,854.95,635,213.7375,22,2,Regular / Growth
17561,19,1,165.12,144,165.12,44,0,At-Risk / Low-Value
17562,14,7,1122.38,817,160.34,48,1,High-Value Loyal
17564,24,3,454.01,146,151.3366667,38,2,Regular / Growth
17566,8,2,869.77,497,434.885,113,2,Regular / Growth
17567,7,8,4331.48,2632,541.435,110,1,High-Value Loyal
17569,332,1,344.14,159,344.14,29,2,Regular / Growth
17571,50,4,1425.67,876,356.4175,247,1,High-Value Loyal
17572,71,4,226.75,95,56.6875,7,0,At-Risk / Low-Value
17573,29,3,380.6,308,126.8666667,24,2,Regular / Growth
17574,243,1,185.65,77,185.65,8,0,At-Risk / Low-Value
17576,8,19,3564.83,1967,187.6226316,245,1,High-Value Loyal
17578,218,1,143.46,138,143.46,5,0,At-Risk / Low-Value
17579,5,3,448.9,258,149.6333333,46,2,Regular / Growth
17580,253,3,215.72,88,71.90666667,43,0,At-Risk / Low-Value
17581,1,25,11025.24,5915,441.0096,229,1,High-Value Loyal
17582,236,1,175.27,123,175.27,28,0,At-Risk / Low-Value
17584,7,2,1242.3,458,621.15,30,2,Regular / Growth
17585,109,4,1116.68,1650,279.17,176,2,Regular / Growth
17588,100,3,1240.2,676,413.4,19,2,Regular / Growth
17589,60,4,2404.17,1631,601.0425,172,1,High-Value Loyal
17590,2,3,1468.02,822,489.34,162,1,High-Value Loyal
17591,73,7,2203.67,1000,314.81,81,1,High-Value Loyal
17593,4,5,3923.86,3089,784.772,190,1,High-Value Loyal
17594,85,2,993.18,550,496.59,42,2,Regular / Growth
17595,12,2,386.69,228,193.345,68,2,Regular / Growth
17596,23,7,2806.69,4376,400.9557143,168,1,High-Value Loyal
17597,214,1,2044.37,1176,2044.37,55,2,Regular / Growth
17600,18,1,161.67,144,161.67,13,0,At-Risk / Low-Value
17601,239,1,116.01,103,116.01,9,0,At-Risk / Low-Value
17602,2,6,5054.42,4116,842.4033333,335,1,High-Value Loyal
17603,78,1,394.72,74,394.72,11,0,At-Risk / Low-Value
17604,217,2,309.36,169,154.68,57,0,At-Risk / Low-Value
17608,33,2,191.99,229,95.995,54,0,At-Risk / Low-Value
17609,41,5,1105.78,719,221.156,199,1,High-Value Loyal
17611,7,15,3961.12,2550,264.0746667,440,1,High-Value Loyal
17612,53,6,2048.45,1808,341.4083333,116,1,High-Value Loyal
17613,23,14,4544.55,2490,324.6107143,211,1,High-Value Loyal
17614,57,1,386.32,235,386.32,97,2,Regular / Growth
17615,130,3,329.6,140,109.8666667,13,0,At-Risk / Low-Value
17616,174,3,571.2,224,190.4,1,0,At-Risk / Low-Value
17618,6,3,930.28,319,310.0933333,56,2,Regular / Growth
17619,312,1,214.37,124,214.37,71,0,At-Risk / Low-Value
17620,60,1,81.44,60,81.44,4,0,At-Risk / Low-Value
17621,21,3,1379.9,514,459.9666667,24,2,Regular / Growth
17623,33,1,527.05,265,527.05,33,2,Regular / Growth
17624,15,2,843.48,554,421.74,49,2,Regular / Growth
17625,18,4,2020.4,1180,505.1,223,1,High-Value Loyal
17628,81,1,75.75,79,75.75,5,0,At-Risk / Low-Value
17629,6,8,1814.12,1629,226.765,106,1,High-Value Loyal
17630,170,2,503.6,158,251.8,24,2,Regular / Growth
17631,2,3,528.33,334,176.11,39,2,Regular / Growth
17633,31,4,1324.84,644,331.21,59,2,Regular / Growth
17634,36,9,2358.59,838,262.0655556,209,1,High-Value Loyal
17636,19,1,285.56,182,285.56,20,2,Regular / Growth
17637,31,2,547.06,280,273.53,35,2,Regular / Growth
17639,276,1,108.5,49,108.5,7,0,At-Risk / Low-Value
17640,87,1,621.66,250,621.66,5,2,Regular / Growth
17642,120,2,712.29,474,356.145,34,2,Regular / Growth
17643,373,1,101.55,71,101.55,8,0,At-Risk / Low-Value
17644,1,11,2895.64,1793,263.24,102,1,High-Value Loyal
17646,219,3,1008.39,323,336.13,46,2,Regular / Growth
17647,65,1,133.06,30,133.06,7,0,At-Risk / Low-Value
17648,61,4,1797.5,487,449.375,81,2,Regular / Growth
17649,138,1,868.49,399,868.49,52,2,Regular / Growth
17650,21,1,166.08,150,166.08,8,0,At-Risk / Low-Value
17651,12,10,3945.0,3112,394.5,149,1,High-Value Loyal
17652,25,12,4867.72,2509,405.6433333,118,1,High-Value Loyal
17653,37,4,1207.56,1409,301.89,44,2,Regular / Growth
17654,277,1,117.55,41,117.55,22,0,At-Risk / Low-Value
17655,11,7,2638.94,1116,376.9914286,66,1,High-Value Loyal
17656,73,5,1674.69,1399,334.938,67,1,High-Value Loyal
17658,26,2,595.42,616,297.71,17,2,Regular / Growth
17659,17,12,2999.46,1525,249.955,127,1,High-Value Loyal
17660,141,1,178.75,121,178.75,37,0,At-Risk / Low-Value
17663,26,7,1802.91,797,257.5585714,63,1,High-Value Loyal
17664,19,2,604.64,604,302.32,41,2,Regular / Growth
17666,4,2,728.16,596,364.08,14,2,Regular / Growth
17667,66,5,2055.51,1033,411.102,85,1,High-Value Loyal
17668,1,2,347.75,93,173.875,14,2,Regular / Growth
17669,43,7,3406.72,1916,486.6742857,45,1,High-Value Loyal
17670,228,1,205.7,110,205.7,11,0,At-Risk / Low-Value
17671,16,4,1572.71,772,393.1775,40,2,Regular / Growth
17672,50,2,3178.17,1690,1589.085,105,1,High-Value Loyal
17673,2,6,1594.97,1462,265.8283333,118,1,High-Value Loyal
17674,74,2,551.04,672,275.52,19,2,Regular / Growth
17675,1,31,20374.28,8360,657.2348387,239,1,High-Value Loyal
17676,4,6,1371.18,922,228.53,49,1,High-Value Loyal
17677,2,30,16345.38,9772,544.846,178,1,High-Value Loyal
17678,264,1,298.11,207,298.11,16,0,At-Risk / Low-Value
17679,53,2,1992.11,729,996.055,29,2,Regular / Growth
17680,24,1,184.4,96,184.4,11,0,At-Risk / Low-Value
17682,10,6,2474.33,1367,412.3883333,48,1,High-Value Loyal
17684,44,1,239.41,145,239.41,15,0,At-Risk / Low-Value
17685,17,7,3155.83,1907,450.8328571,88,1,High-Value Loyal
17686,7,7,5739.46,2478,819.9228571,205,1,High-Value Loyal
17690,30,15,4726.8,1769,315.12,186,1,High-Value Loyal
17691,358,2,290.4,134,145.2,18,0,At-Risk / Low-Value
17692,127,4,740.94,672,185.235,34,2,Regular / Growth
17693,137,1,200.47,231,200.47,16,0,At-Risk / Low-Value
17694,142,1,283.12,184,283.12,15,0,At-Risk / Low-Value
17695,132,2,765.34,779,382.67,30,2,Regular / Growth
17696,38,8,2285.71,1756,285.71375,78,1,High-Value Loyal
17697,236,1,338.95,93,338.95,19,0,At-Risk / Low-Value
17698,261,1,154.95,93,154.95,8,0,At-Risk / Low-Value
17700,17,4,2534.64,1266,633.66,116,1,High-Value Loyal
17701,253,1,417.95,109,417.95,24,2,Regular / Growth
17702,30,4,1824.37,1353,456.0925,58,1,High-Value Loyal
17703,35,3,798.74,590,266.2466667,47,2,Regular / Growth
17704,169,2,885.19,343,442.595,27,2,Regular / Growth
17705,3,9,1823.52,963,202.6133333,63,1,High-Value Loyal
17706,4,17,10504.49,3899,617.9111765,270,1,High-Value Loyal
17707,185,2,152.4,144,76.2,3,0,At-Risk / Low-Value
17708,188,2,263.33,90,131.665,28,0,At-Risk / Low-Value
17709,170,1,137.45,17,137.45,7,0,At-Risk / Low-Value
17711,11,2,385.1,246,192.55,22,2,Regular / Growth
17712,45,1,522.91,215,522.91,29,2,Regular / Growth
17714,321,1,153.0,92,153.0,10,0,At-Risk / Low-Value
17715,201,1,326.4,384,326.4,1,0,At-Risk / Low-Value
17716,23,11,5655.99,3072,514.1809091,171,1,High-Value Loyal
17718,232,1,139.35,83,139.35,6,0,At-Risk / Low-Value
17719,38,15,5396.04,2466,359.736,111,1,High-Value Loyal
17720,26,4,1195.94,576,298.985,39,2,Regular / Growth
17722,96,4,2424.04,1595,606.01,111,1,High-Value Loyal
17723,127,6,3276.4,792,546.0666667,4,2,Regular / Growth
17724,71,3,1033.0,300,344.3333333,38,2,Regular / Growth
17725,16,11,3439.08,2162,312.6436364,115,1,High-Value Loyal
17727,15,1,1060.25,645,1060.25,66,2,Regular / Growth
17728,4,3,2876.01,1469,958.67,153,1,High-Value Loyal
17730,3,13,5298.48,3576,407.5753846,127,1,High-Value Loyal
17731,79,4,1240.11,493,310.0275,54,2,Regular / Growth
17732,373,1,303.97,93,303.97,18,0,At-Risk / Low-Value
17733,39,2,692.19,463,346.095,33,2,Regular / Growth
17734,54,3,700.63,422,233.5433333,40,2,Regular / Growth
17735,2,19,13110.02,8439,690.0010526,319,1,High-Value Loyal
17736,9,3,377.44,238,125.8133333,24,2,Regular / Growth
17737,9,2,168.24,108,84.12,8,0,At-Risk / Low-Value
17738,19,4,1879.05,1029,469.7625,89,1,High-Value Loyal
17739,12,7,2791.35,861,398.7642857,29,1,High-Value Loyal
17742,113,2,355.11,89,177.555,13,0,At-Risk / Low-Value
17744,4,6,2322.4,3412,387.0666667,110,1,High-Value Loyal
17746,240,1,110.25,29,110.25,6,0,At-Risk / Low-Value
17747,113,1,71.4,12,71.4,1,0,At-Risk / Low-Value
17749,178,2,674.52,320,337.26,33,2,Regular / Growth
17750,5,9,1710.45,3747,190.05,101,1,High-Value Loyal
17752,359,1,80.64,192,80.64,1,0,At-Risk / Low-Value
17754,1,5,1664.65,1816,332.93,82,1,High-Value Loyal
17757,1,30,5593.39,3318,186.4463333,275,1,High-Value Loyal
17758,19,8,3408.2,2054,426.025,310,1,High-Value Loyal
17759,17,3,819.96,697,273.32,82,2,Regular / Growth
17760,22,2,287.59,239,143.795,25,2,Regular / Growth
17761,33,1,712.78,398,712.78,19,2,Regular / Growth
17763,263,1,15.0,12,15.0,1,0,At-Risk / Low-Value
17764,51,2,772.55,351,386.275,71,2,Regular / Growth
17765,159,3,367.63,143,122.5433333,51,0,At-Risk / Low-Value
17767,15,1,271.2,128,271.2,21,2,Regular / Growth
17768,8,3,2081.9,1122,693.9666667,77,1,High-Value Loyal
17769,13,10,3957.43,1850,395.743,200,1,High-Value Loyal
17770,199,5,1143.27,365,228.654,33,2,Regular / Growth
17771,57,2,245.81,287,122.905,51,2,Regular / Growth
17772,11,2,173.45,55,86.725,50,0,At-Risk / Low-Value
17774,97,4,1213.73,508,303.4325,123,2,Regular / Growth
17775,255,1,56.4,72,56.4,3,0,At-Risk / Low-Value
17777,25,3,647.56,501,215.8533333,141,2,Regular / Growth
17779,21,3,650.32,396,216.7733333,73,2,Regular / Growth
17781,159,2,188.02,34,94.01,12,0,At-Risk / Low-Value
17783,72,2,283.47,354,141.735,67,2,Regular / Growth
17785,53,1,131.94,67,131.94,13,0,At-Risk / Low-Value
17786,85,2,266.85,195,133.425,57,2,Regular / Growth
17787,153,4,1817.54,896,454.385,94,2,Regular / Growth
17788,74,2,1117.9,211,558.95,3,2,Regular / Growth
17789,281,1,225.9,74,225.9,14,0,At-Risk / Low-Value
17790,27,14,1964.3,835,140.3071429,121,1,High-Value Loyal
17791,30,1,106.1,46,106.1,10,0,At-Risk / Low-Value
17793,25,1,300.34,226,300.34,49,2,Regular / Growth
17795,180,2,342.83,305,171.415,43,2,Regular / Growth
17796,40,4,690.0,176,172.5,63,2,Regular / Growth
17797,22,3,780.43,498,260.1433333,102,2,Regular / Growth
17799,22,10,3039.17,1753,303.917,280,1,High-Value Loyal
17800,37,9,1187.21,732,131.9122222,51,1,High-Value Loyal
17802,82,3,1285.04,752,428.3466667,102,2,Regular / Growth
17805,74,1,512.31,478,512.31,10,2,Regular / Growth
17806,11,1,546.04,727,546.04,43,2,Regular / Growth
17809,16,12,5411.91,2057,450.9925,46,1,High-Value Loyal
17811,4,39,7761.82,4146,199.0210256,359,1,High-Value Loyal
17812,13,4,699.81,329,174.9525,113,2,Regular / Growth
17813,14,5,1698.07,752,339.614,297,1,High-Value Loyal
17816,37,4,36.56,30,9.14,16,0,At-Risk / Low-Value
17817,4,3,387.68,67,129.2266667,32,2,Regular / Growth
17819,72,7,3704.87,1031,529.2671429,36,1,High-Value Loyal
17824,51,1,298.4,408,298.4,13,2,Regular / Growth
17827,5,5,1987.33,1240,397.466,190,1,High-Value Loyal
17828,23,4,1820.09,667,455.0225,54,2,Regular / Growth
17829,299,1,889.24,496,889.24,30,2,Regular / Growth
17830,2,3,398.7,92,132.9,18,2,Regular / Growth
17831,33,1,35.4,12,35.4,2,0,At-Risk / Low-Value
17832,50,1,155.37,208,155.37,61,0,At-Risk / Low-Value
17835,3,3,342.24,344,114.08,45,2,Regular / Growth
17836,47,1,110.21,88,110.21,23,0,At-Risk / Low-Value
17837,42,8,1541.23,510,192.65375,110,1,High-Value Loyal
17838,27,5,2720.8,1831,544.16,96,1,High-Value Loyal
17839,42,1,318.15,257,318.15,50,2,Regular / Growth
17841,2,124,40519.84,22834,326.7729032,1323,1,High-Value Loyal
17843,303,1,205.48,113,205.48,36,0,At-Risk / Low-Value
17844,107,1,51.56,52,51.56,5,0,At-Risk / Low-Value
17846,85,1,2033.1,1,2033.1,1,0,At-Risk / Low-Value
17848,81,9,901.2,398,100.1333333,41,2,Regular / Growth
17849,218,4,605.8,114,151.45,14,0,At-Risk / Low-Value
17850,372,34,5391.21,1733,158.565,21,1,High-Value Loyal
17852,12,2,114.34,53,57.17,21,0,At-Risk / Low-Value
17854,185,2,311.26,84,155.63,15,0,At-Risk / Low-Value
17855,373,1,208.97,197,208.97,17,0,At-Risk / Low-Value
17856,2,4,1418.03,842,354.5075,12,1,High-Value Loyal
17857,4,23,26879.04,19256,1168.653913,19,1,High-Value Loyal
17858,6,12,5140.66,2694,428.3883333,101,1,High-Value Loyal
17859,305,1,141.92,102,141.92,23,0,At-Risk / Low-Value
17860,369,1,226.45,93,226.45,49,0,At-Risk / Low-Value
17861,3,8,2097.88,1985,262.235,172,1,High-Value Loyal
17862,324,1,330.9,100,330.9,11,0,At-Risk / Low-Value
17863,59,6,3160.0,2638,526.6666667,110,1,High-Value Loyal
17864,13,3,554.85,706,184.95,70,2,Regular / Growth
17865,31,20,10526.32,5757,526.316,191,1,High-Value Loyal
17866,143,1,329.65,174,329.65,9,0,At-Risk / Low-Value
17867,30,6,1157.87,508,192.9783333,62,2,Regular / Growth
17869,107,5,428.18,111,85.636,37,0,At-Risk / Low-Value
17870,2,12,1865.89,1351,155.4908333,214,1,High-Value Loyal
17871,205,1,155.9,182,155.9,10,0,At-Risk / Low-Value
17873,80,5,1848.96,1035,369.792,24,2,Regular / Growth
17874,185,6,683.46,221,113.91,37,2,Regular / Growth
17877,170,1,237.61,98,237.61,12,0,At-Risk / Low-Value
17878,44,1,379.45,401,379.45,26,2,Regular / Growth
17879,174,1,178.52,45,178.52,6,0,At-Risk / Low-Value
17880,365,1,458.92,314,458.92,26,2,Regular / Growth
17881,304,1,133.35,32,133.35,8,0,At-Risk / Low-Value
17883,3,4,664.34,374,166.085,133,1,High-Value Loyal
17884,4,4,695.07,817,173.7675,107,1,High-Value Loyal
17885,12,1,156.34,110,156.34,50,0,At-Risk / Low-Value
17886,32,3,869.28,469,289.76,93,2,Regular / Growth
17887,129,1,111.35,30,111.35,10,0,At-Risk / Low-Value
17888,21,8,716.0,973,89.5,60,1,High-Value Loyal
17889,212,2,201.37,77,100.685,20,0,At-Risk / Low-Value
17890,323,2,586.89,402,293.445,88,2,Regular / Growth
17891,162,1,203.86,393,203.86,34,2,Regular / Growth
17892,56,3,244.1,109,81.36666667,27,0,At-Risk / Low-Value
17893,225,1,107.21,149,107.21,15,0,At-Risk / Low-Value
17894,72,8,1118.96,404,139.87,127,2,Regular / Growth
17895,44,1,95.45,127,95.45,15,0,At-Risk / Low-Value
17896,23,1,256.32,288,256.32,2,0,At-Risk / Low-Value
17897,173,3,541.81,222,180.6033333,100,2,Regular / Growth
17898,85,2,152.06,190,76.03,27,0,At-Risk / Low-Value
17899,159,1,154.55,170,154.55,29,0,At-Risk / Low-Value
17900,190,2,112.2,73,56.1,4,0,At-Risk / Low-Value
17901,29,1,110.38,24,110.38,19,0,At-Risk / Low-Value
17904,21,1,181.07,59,181.07,33,0,At-Risk / Low-Value
17905,71,4,798.99,406,199.7475,33,2,Regular / Growth
17906,247,1,72.9,26,72.9,12,0,At-Risk / Low-Value
17908,374,1,232.03,169,232.03,51,0,At-Risk / Low-Value
17911,9,1,366.23,223,366.23,39,2,Regular / Growth
17912,310,5,310.06,184,62.012,35,0,At-Risk / Low-Value
17913,59,2,408.65,288,204.325,55,2,Regular / Growth
17914,4,1,329.36,457,329.36,72,2,Regular / Growth
17917,45,3,335.03,184,111.6766667,77,2,Regular / Growth
17919,88,1,1304.04,756,1304.04,23,2,Regular / Growth
17920,4,17,4119.5,2473,242.3235294,407,1,High-Value Loyal
17921,64,4,820.23,425,205.0575,114,2,Regular / Growth
17923,282,1,207.5,50,207.5,1,0,At-Risk / Low-Value
17924,12,7,2962.5,1160,423.2142857,26,1,High-Value Loyal
17925,373,1,244.08,72,244.08,1,0,At-Risk / Low-Value
17926,133,2,397.29,306,198.645,17,2,Regular / Growth
17928,45,2,212.54,140,106.27,23,0,At-Risk / Low-Value
17929,11,4,843.0,108,210.75,4,2,Regular / Growth
17930,36,5,1740.48,1594,348.096,26,1,High-Value Loyal
17931,134,2,408.36,249,204.18,63,2,Regular / Growth
17932,29,3,1331.57,789,443.8566667,84,2,Regular / Growth
17934,52,2,704.25,478,352.125,21,2,Regular / Growth
17935,138,2,145.79,82,72.895,28,0,At-Risk / Low-Value
17936,5,1,380.13,257,380.13,68,2,Regular / Growth
17937,9,7,4301.22,1754,614.46,19,1,High-Value Loyal
17939,160,1,99.14,40,99.14,12,0,At-Risk / Low-Value
17940,49,10,4020.04,9323,402.004,6,1,High-Value Loyal
17941,131,1,304.56,252,304.56,2,0,At-Risk / Low-Value
17942,8,1,77.5,38,77.5,2,0,At-Risk / Low-Value
17946,233,2,149.58,75,74.79,18,0,At-Risk / Low-Value
17947,37,1,176.68,168,176.68,9,0,At-Risk / Low-Value
17948,147,1,358.56,144,358.56,1,0,At-Risk / Low-Value
17949,1,45,58510.48,30546,1300.232889,29,1,High-Value Loyal
17950,72,3,482.2,366,160.7333333,63,2,Regular / Growth
17951,40,3,1008.54,616,336.18,18,2,Regular / Growth
17954,5,12,2314.13,2221,192.8441667,326,1,High-Value Loyal
17955,199,4,557.3,273,139.325,14,0,At-Risk / Low-Value
17956,249,1,12.75,1,12.75,1,0,At-Risk / Low-Value
17957,66,1,111.68,287,111.68,31,0,At-Risk / Low-Value
17958,117,1,508.46,84,508.46,7,0,At-Risk / Low-Value
17960,171,1,73.78,41,73.78,26,0,At-Risk / Low-Value
17961,21,39,1296.44,560,33.24205128,211,1,High-Value Loyal
17962,142,1,102.41,127,102.41,33,0,At-Risk / Low-Value
17964,32,2,463.21,294,231.605,84,2,Regular / Growth
17965,38,14,2599.19,1532,185.6564286,274,1,High-Value Loyal
17966,38,5,1098.43,2571,219.686,53,1,High-Value Loyal
17967,372,1,112.27,73,112.27,41,0,At-Risk / Low-Value
17968,374,1,265.1,151,265.1,74,2,Regular / Growth
17969,166,2,228.2,152,114.1,14,0,At-Risk / Low-Value
17970,211,1,562.79,513,562.79,27,2,Regular / Growth
17972,242,1,135.19,36,135.19,30,0,At-Risk / Low-Value
17973,52,1,337.04,176,337.04,15,2,Regular / Growth
17974,25,3,703.99,500,234.6633333,143,2,Regular / Growth
17975,15,13,4483.26,1565,344.8661538,189,1,High-Value Loyal
17976,372,1,321.79,93,321.79,56,2,Regular / Growth
17977,29,1,288.14,342,288.14,19,2,Regular / Growth
17978,365,1,300.92,499,300.92,12,0,At-Risk / Low-Value
17979,36,4,732.41,383,183.1025,116,2,Regular / Growth
17980,166,3,811.45,682,270.4833333,23,2,Regular / Growth
17984,145,1,152.68,98,152.68,48,0,At-Risk / Low-Value
17985,22,1,631.35,171,631.35,20,2,Regular / Growth
17986,56,1,20.8,10,20.8,1,0,At-Risk / Low-Value
17987,185,1,198.57,261,198.57,13,0,At-Risk / Low-Value
17988,12,7,201.12,43,28.73142857,37,0,At-Risk / Low-Value
17990,237,3,630.84,414,210.28,27,2,Regular / Growth
17991,225,2,93.35,25,46.675,4,0,At-Risk / Low-Value
17994,122,4,674.89,495,168.7225,63,2,Regular / Growth
17995,282,1,76.1,133,76.1,2,0,At-Risk / Low-Value
17997,74,8,1962.46,2273,245.3075,133,1,High-Value Loyal
17999,37,2,380.39,219,190.195,87,2,Regular / Growth
18001,12,2,415.13,362,207.565,56,2,Regular / Growth
18004,362,1,157.92,75,157.92,32,0,At-Risk / Low-Value
18005,4,2,226.47,86,113.235,52,2,Regular / Growth
18006,23,1,444.68,220,444.68,21,2,Regular / Growth
18008,70,9,2116.19,1581,235.1322222,24,1,High-Value Loyal
18009,235,1,247.39,125,247.39,31,0,At-Risk / Low-Value
18010,257,1,174.8,60,174.8,14,0,At-Risk / Low-Value
18011,373,1,102.79,71,102.79,28,0,At-Risk / Low-Value
18013,155,2,187.29,285,93.645,31,0,At-Risk / Low-Value
18014,28,1,162.22,66,162.22,29,0,At-Risk / Low-Value
18015,4,1,120.03,157,120.03,46,0,At-Risk / Low-Value
18016,32,5,1477.66,1027,295.532,90,1,High-Value Loyal
18017,81,3,523.0,300,174.3333333,1,0,At-Risk / Low-Value
18018,108,2,122.14,55,61.07,29,0,At-Risk / Low-Value
18019,52,1,38.45,7,38.45,5,0,At-Risk / Low-Value
18022,36,1,612.72,703,612.72,141,2,Regular / Growth
18024,153,2,389.78,184,194.89,21,0,At-Risk / Low-Value
18027,99,1,115.31,78,115.31,21,0,At-Risk / Low-Value
18030,4,2,230.65,67,115.325,8,0,At-Risk / Low-Value
18032,334,1,73.5,42,73.5,5,0,At-Risk / Low-Value
18033,65,1,93.82,252,93.82,32,0,At-Risk / Low-Value
18034,22,2,418.68,559,209.34,99,2,Regular / Growth
18035,36,3,713.89,584,237.9633333,44,2,Regular / Growth
18036,32,3,403.12,232,134.3733333,77,2,Regular / Growth
18037,154,6,70.02,20,11.67,19,0,At-Risk / Low-Value
18040,19,2,357.2,148,178.6,18,2,Regular / Growth
18041,12,21,4097.37,3758,195.1128571,285,1,High-Value Loyal
18042,54,1,165.05,33,165.05,7,0,At-Risk / Low-Value
18043,25,3,529.29,265,176.43,106,2,Regular / Growth
18044,4,10,2088.6,1033,208.86,88,1,High-Value Loyal
18045,45,1,178.34,138,178.34,43,0,At-Risk / Low-Value
18048,203,2,172.29,127,86.145,6,0,At-Risk / Low-Value
18050,359,1,74.4,40,74.4,5,0,At-Risk / Low-Value
18053,71,1,300.02,302,300.02,20,2,Regular / Growth
18055,7,10,6761.34,2452,676.134,223,1,High-Value Loyal
18056,288,1,363.65,211,363.65,19,2,Regular / Growth
18058,10,1,170.16,88,170.16,3,0,At-Risk / Low-Value
18059,23,3,306.46,258,102.1533333,17,0,At-Risk / Low-Value
18061,22,10,2119.41,955,211.941,18,1,High-Value Loyal
18062,173,3,720.52,396,240.1733333,23,2,Regular / Growth
18064,133,2,814.0,384,407.0,7,2,Regular / Growth
18065,6,14,2392.83,1027,170.9164286,110,1,High-Value Loyal
18066,75,1,318.0,108,318.0,10,0,At-Risk / Low-Value
18067,40,1,396.33,189,396.33,36,2,Regular / Growth
18068,289,1,101.7,6,101.7,1,0,At-Risk / Low-Value
18069,26,5,2009.24,1296,401.848,334,1,High-Value Loyal
18071,258,2,453.0,260,226.5,23,2,Regular / Growth
18072,186,1,247.44,288,247.44,18,0,At-Risk / Low-Value
18073,114,12,3859.82,3102,321.6516667,23,1,High-Value Loyal
18074,374,1,489.6,190,489.6,13,2,Regular / Growth
18075,23,10,2611.75,1464,261.175,97,1,High-Value Loyal
18077,8,11,2584.41,1839,234.9463636,101,1,High-Value Loyal
18078,217,2,336.13,145,168.065,27,0,At-Risk / Low-Value
18079,45,4,3613.15,7347,903.2875,99,1,High-Value Loyal
18080,19,2,1231.5,642,615.75,2,2,Regular / Growth
18081,36,3,343.45,195,114.4833333,14,0,At-Risk / Low-Value
18082,26,1,680.84,608,680.84,62,2,Regular / Growth
18084,16,1,90.48,312,90.48,1,0,At-Risk / Low-Value
18085,330,2,689.95,265,344.975,25,2,Regular / Growth
18086,274,1,101.34,106,101.34,7,0,At-Risk / Low-Value
18087,98,2,4055.72,3907,2027.86,2,2,Regular / Growth
18088,61,1,166.03,107,166.03,35,0,At-Risk / Low-Value
18092,2,11,9068.26,4252,824.3872727,28,1,High-Value Loyal
18093,93,4,2106.52,1392,526.63,31,2,Regular / Growth
18094,82,7,3017.3,2518,431.0428571,39,1,High-Value Loyal
18095,313,2,580.05,419,290.025,20,2,Regular / Growth
18096,12,3,849.06,788,283.02,157,2,Regular / Growth
18097,8,6,2662.4,1662,443.7333333,65,1,High-Value Loyal
18099,127,1,168.31,149,168.31,19,0,At-Risk / Low-Value
18101,11,2,222.4,87,111.2,37,0,At-Risk / Low-Value
18102,1,60,259657.3,64124,4327.621667,150,1,High-Value Loyal
18104,37,1,754.64,362,754.64,38,2,Regular / Growth
18105,38,1,113.48,46,113.48,18,0,At-Risk / Low-Value
18106,330,1,421.9,126,421.9,33,2,Regular / Growth
18108,254,1,271.0,84,271.0,17,0,At-Risk / Low-Value
18109,2,26,8004.92,4230,307.8815385,119,1,High-Value Loyal
18110,20,1,198.8,72,198.8,33,0,At-Risk / Low-Value
18112,12,2,352.69,255,176.345,26,2,Regular / Growth
18113,369,1,76.32,72,76.32,1,0,At-Risk / Low-Value
18114,290,1,220.1,55,220.1,28,0,At-Risk / Low-Value
18116,68,8,1403.11,837,175.38875,230,1,High-Value Loyal
18117,26,1,315.65,605,315.65,68,2,Regular / Growth
18118,11,26,5625.08,2865,216.3492308,424,1,High-Value Loyal
18119,368,1,180.7,124,180.7,29,0,At-Risk / Low-Value
18120,214,1,111.15,31,111.15,17,0,At-Risk / Low-Value
18121,149,2,653.3,438,326.65,28,2,Regular / Growth
18122,8,6,1793.06,1225,298.8433333,239,1,High-Value Loyal
18123,24,2,574.44,582,287.22,31,2,Regular / Growth
18125,30,4,1131.75,800,282.9375,164,1,High-Value Loyal
18126,61,1,200.92,135,200.92,52,0,At-Risk / Low-Value
18127,19,3,347.08,187,115.6933333,41,2,Regular / Growth
18129,243,1,112.55,48,112.55,13,0,At-Risk / Low-Value
18130,15,3,1059.39,824,353.13,58,2,Regular / Growth
18133,212,1,931.5,1350,931.5,1,2,Regular / Growth
18135,29,5,681.91,349,136.382,11,2,Regular / Growth
18136,63,3,784.33,379,261.4433333,34,2,Regular / Growth
18138,295,1,152.65,38,152.65,8,0,At-Risk / Low-Value
18139,18,6,8438.34,5557,1406.39,35,1,High-Value Loyal
18142,157,2,1019.52,1276,509.76,9,2,Regular / Growth
18143,117,2,1000.16,570,500.08,59,2,Regular / Growth
18144,8,12,2888.75,1343,240.7291667,27,1,High-Value Loyal
18145,13,4,2861.55,2625,715.3875,174,1,High-Value Loyal
18146,141,2,160.35,153,80.175,10,0,At-Risk / Low-Value
18147,46,2,179.34,203,89.67,7,0,At-Risk / Low-Value
18149,51,3,612.08,310,204.0266667,11,2,Regular / Growth
18150,32,3,566.58,332,188.86,29,2,Regular / Growth
18151,135,2,653.35,355,326.675,38,2,Regular / Growth
18154,3,2,399.19,255,199.595,15,2,Regular / Growth
18155,75,3,371.62,266,123.8733333,19,0,At-Risk / Low-Value
18156,13,2,675.64,283,337.82,100,2,Regular / Growth
18158,9,2,453.4,354,226.7,24,2,Regular / Growth
18159,301,1,530.15,139,530.15,23,2,Regular / Growth
18160,57,2,638.06,294,319.03,37,2,Regular / Growth
18161,15,5,1618.69,812,323.738,49,1,High-Value Loyal
18164,37,1,399.65,184,399.65,24,2,Regular / Growth
18165,177,1,302.46,254,302.46,10,0,At-Risk / Low-Value
18167,23,3,1384.86,382,461.62,24,2,Regular / Growth
18168,176,6,1160.04,592,193.34,97,2,Regular / Growth
18169,61,1,202.65,61,202.65,9,0,At-Risk / Low-Value
18170,33,3,980.31,409,326.77,29,2,Regular / Growth
18171,59,5,1231.31,481,246.262,43,2,Regular / Growth
18172,15,20,7561.68,3184,378.084,100,1,High-Value Loyal
18173,87,4,2106.84,1220,526.71,23,2,Regular / Growth
18174,7,1,104.0,50,104.0,1,0,At-Risk / Low-Value
18176,358,1,476.35,283,476.35,30,2,Regular / Growth
18177,31,6,1340.87,709,223.4783333,53,2,Regular / Growth
18178,129,4,1590.81,983,397.7025,80,2,Regular / Growth
18179,9,6,1793.17,1360,298.8616667,86,1,High-Value Loyal
18180,5,6,1843.75,1721,307.2916667,108,1,High-Value Loyal
18181,24,1,366.85,133,366.85,40,2,Regular / Growth
18183,227,2,632.07,371,316.035,36,2,Regular / Growth
18184,15,1,49.8,60,49.8,1,0,At-Risk / Low-Value
18185,249,1,304.25,183,304.25,17,0,At-Risk / Low-Value
18188,15,3,2001.04,1168,667.0133333,63,1,High-Value Loyal
18189,78,2,1090.24,566,545.12,65,2,Regular / Growth
18190,192,2,284.46,140,142.23,14,0,At-Risk / Low-Value
18191,262,1,207.8,140,207.8,7,0,At-Risk / Low-Value
18192,72,1,957.97,339,957.97,45,2,Regular / Growth
18193,165,1,243.76,124,243.76,16,0,At-Risk / Low-Value
18194,82,1,973.84,632,973.84,7,2,Regular / Growth
18196,95,2,686.63,431,343.315,131,2,Regular / Growth
18198,4,17,5425.56,4074,319.1505882,81,1,High-Value Loyal
18200,106,1,150.35,104,150.35,29,0,At-Risk / Low-Value
18202,200,3,1396.99,581,465.6633333,55,2,Regular / Growth
18203,157,1,160.42,43,160.42,19,0,At-Risk / Low-Value
18204,71,3,1975.35,1190,658.45,159,1,High-Value Loyal
18205,36,2,517.36,192,258.68,30,2,Regular / Growth
18209,29,1,139.1,58,139.1,8,0,At-Risk / Low-Value
18210,2,6,2621.38,1398,436.8966667,109,1,High-Value Loyal
18211,26,5,600.07,359,120.014,37,2,Regular / Growth
18212,326,1,216.07,92,216.07,30,0,At-Risk / Low-Value
18213,237,1,232.48,232,232.48,15,0,At-Risk / Low-Value
18215,89,1,299.34,118,299.34,13,0,At-Risk / Low-Value
18216,31,1,481.75,200,481.75,26,2,Regular / Growth
18217,29,2,621.75,491,310.875,27,2,Regular / Growth
18218,211,2,641.92,536,320.96,17,2,Regular / Growth
18219,3,10,2069.77,885,206.977,58,1,High-Value Loyal
18220,227,1,305.28,288,305.28,2,0,At-Risk / Low-Value
18221,22,5,1041.61,791,208.322,59,2,Regular / Growth
18222,93,1,443.0,335,443.0,19,2,Regular / Growth
18223,5,14,6484.54,2948,463.1814286,116,1,High-Value Loyal
18224,264,1,158.95,69,158.95,10,0,At-Risk / Low-Value
18225,3,12,5504.96,3242,458.7466667,150,1,High-Value Loyal
18226,44,11,5228.05,3466,475.2772727,141,1,High-Value Loyal
18227,218,1,93.75,21,93.75,5,0,At-Risk / Low-Value
18228,57,2,779.9,238,389.95,23,2,Regular / Growth
18229,12,20,7276.9,2488,363.845,66,1,High-Value Loyal
18230,9,7,2810.2,1316,401.4571429,32,1,High-Value Loyal
18231,192,5,2071.77,819,414.354,106,2,Regular / Growth
18232,82,4,592.97,302,148.2425,31,2,Regular / Growth
18233,326,1,440.0,4,440.0,1,0,At-Risk / Low-Value
18235,72,3,1796.48,1578,598.8266667,100,2,Regular / Growth
18236,30,6,882.24,403,147.04,42,2,Regular / Growth
18237,3,5,987.1,622,197.42,40,1,High-Value Loyal
18239,219,5,1561.61,795,312.322,80,2,Regular / Growth
18240,46,1,422.58,126,422.58,6,0,At-Risk / Low-Value
18241,10,17,2073.09,1051,121.9464706,60,1,High-Value Loyal
18242,72,4,2232.49,1017,558.1225,72,2,Regular / Growth
18245,7,7,2567.06,1788,366.7228571,153,1,High-Value Loyal
18246,24,2,596.1,166,298.05,3,0,At-Risk / Low-Value
18248,123,2,804.02,511,402.01,39,2,Regular / Growth
18249,17,1,95.34,128,95.34,8,0,At-Risk / Low-Value
18250,310,1,349.27,199,349.27,21,2,Regular / Growth
18251,87,1,4314.72,7824,4314.72,16,2,Regular / Growth
18252,51,2,518.27,234,259.135,90,2,Regular / Growth
18255,89,1,103.3,74,103.3,6,0,At-Risk / Low-Value
18257,39,8,2337.63,1041,292.20375,97,1,High-Value Loyal
18259,25,3,2338.6,714,779.5333333,27,2,Regular / Growth
18260,173,6,2628.35,1475,438.0583333,86,1,High-Value Loyal
18261,43,2,324.24,146,162.12,19,0,At-Risk / Low-Value
18262,140,1,149.48,182,149.48,13,0,At-Risk / Low-Value
18263,26,3,1213.16,1468,404.3866667,59,2,Regular / Growth
18265,72,2,801.51,311,400.755,44,2,Regular / Growth
18268,134,1,25.5,2,25.5,1,0,At-Risk / Low-Value
18269,366,1,168.6,76,168.6,7,0,At-Risk / Low-Value
18270,38,2,283.15,101,141.575,11,0,At-Risk / Low-Value
18272,3,6,3078.58,2050,513.0966667,99,1,High-Value Loyal
18273,2,3,204.0,80,68.0,1,0,At-Risk / Low-Value
18274,30,1,175.92,88,175.92,11,0,At-Risk / Low-Value
18276,44,1,335.86,186,335.86,14,2,Regular / Growth
18277,58,1,110.38,68,110.38,8,0,At-Risk / Low-Value
18278,74,1,173.9,66,173.9,9,0,At-Risk / Low-Value
18280,278,1,180.6,45,180.6,10,0,At-Risk / Low-Value
18281,181,1,80.82,54,80.82,7,0,At-Risk / Low-Value
18282,8,2,178.05,103,89.025,12,0,At-Risk / Low-Value
18283,4,16,2045.53,1357,127.845625,263,1,High-Value Loyal
18287,43,3,1837.28,1586,612.4266667,59,2,Regular / Growth
