CustomerID,Cluster,PC1,PC2,Segment,PC1Variance,PC2Variance
12346,1,4.088307273353201,7.729745815479481,High-Value Loyal,0.6575861087746037,0.17390319581748817
12347,1,3.1312786198078375,-0.45750146170334743,High-Value Loyal,0.6575861087746037,0.17390319581748817
12348,2,1.0574362369264911,0.7904583847143086,Regular / Growth,0.6575861087746037,0.17390319581748817
12349,2,1.3359458141147662,1.88990702503599,Regular / Growth,0.6575861087746037,0.17390319581748817
12350,0,-1.5530523113339798,1.1868019685090594,At-Risk / Low-Value,0.6575861087746037,0.17390319581748817
12352,1,1.3970629692318897,-0.31966245454707365,High-Value Loyal,0.6575861087746037,0.17390319581748817
12353,0,-3.7552541008376505,-0.5393666970973336,At-Risk / Low-Value,0.6575861087746037,0.17390319581748817
12354,2,0.2265875676571963,2.360426814470765,Regular / Growth,0.6575861087746037,0.17390319581748817
12355,2,-1.2332918569764324,1.4093117016522638,Regular / Growth,0.6575861087746037,0.17390319581748817
12356,1,1.84384553603006,1.1262966011517974,High-Value Loyal,0.6575861087746037,0.17390319581748817
12357,1,2.941962562707455,3.570034357787791,High-Value Loyal,0.6575861087746037,0.17390319581748817
12358,2,0.4875550842823234,-0.2150232062829863,Regular / Growth,0.6575861087746037,0.17390319581748817
12359,1,2.801166557935559,1.8945024469122367,High-Value Loyal,0.6575861087746037,0.17390319581748817
12360,1,1.7485559295873019,1.3276796608992099,High-Value Loyal,0.6575861087746037,0.17390319581748817
12361,0,-2.432460750235403,0.5032359908238985,At-Risk / Low-Value,0.6575861087746037,0.17390319581748817
12362,1,3.4696424958091003,-0.6960841119671701,High-Value Loyal,0.6575861087746037,0.17390319581748817
12363,2,-0.594938557436265,0.46511802638284305,Regular / Growth,0.6575861087746037,0.17390319581748817
12364,1,1.5560959237920324,-0.5155395209700914,High-Value Loyal,0.6575861087746037,0.17390319581748817
12365,2,-1.0107311660177998,0.9476809349311204,Regular / Growth,0.6575861087746037,0.17390319581748817
12367,0,-1.3249748370006411,-1.2230766321078599,At-Risk / Low-Value,0.6575861087746037,0.17390319581748817
12370,1,2.353203413799354,1.2737258378743983,High-Value Loyal,0.6575861087746037,0.17390319581748817
12371,2,1.0818243845931084,1.4151756543784981,Regular / Growth,0.6575861087746037,0.17390319581748817
12372,2,0.5641759818879825,0.705970584988759,Regular / Growth,0.6575861087746037,0.17390319581748817
12373,0,-1.5497900407739094,1.2907543571291227,At-Risk / Low-Value,0.6575861087746037,0.17390319581748817
12374,2,0.08938372839703415,1.0524230581422507,Regular / Growth,0.6575861087746037,0.17390319581748817
12375,2,-0.6808359411468661,-0.6935467603208599,Regular / Growth,0.6575861087746037,0.17390319581748817
12377,2,0.7210762918126664,2.0758677202632145,Regular / Growth,0.6575861087746037,0.17390319581748817
12378,1,2.433456683273915,3.6147043566949693,High-Value Loyal,0.6575861087746037,0.17390319581748817
12379,2,0.005128062690937169,0.7882525688481891,Regular / Growth,0.6575861087746037,0.17390319581748817
12380,1,1.8573668492195192,0.6240167440479109,High-Value Loyal,0.6575861087746037,0.17390319581748817
12381,1,1.7273048250791425,-0.6855938376261816,High-Value Loyal,0.6575861087746037,0.17390319581748817
12383,2,1.2122916979199194,0.7652512692930815,Regular / Growth,0.6575861087746037,0.17390319581748817
12384,2,-0.6053745612474956,-0.11565214820834971,Regular / Growth,0.6575861087746037,0.17390319581748817
12386,0,-1.4407303848633402,0.6062882006453867,At-Risk / Low-Value,0.6575861087746037,0.17390319581748817
12388,1,1.9648854083106886,-0.016631380673664528,High-Value Loyal,0.6575861087746037,0.17390319581748817
12390,2,-0.4186608007059351,1.1951831275513267,Regular / Growth,0.6575861087746037,0.17390319581748817
12391,2,0.00383656506562949,0.3704638582141713,Regular / Growth,0.6575861087746037,0.17390319581748817
12393,2,0.863104529554383,0.504842022282083,Regular / Growth,0.6575861087746037,0.17390319581748817
12394,2,0.4862296448930928,1.203789485476723,Regular / Growth,0.6575861087746037,0.17390319581748817
12395,1,2.3770015552884,-0.8642162786479591,High-Value Loyal,0.6575861087746037,0.17390319581748817
12397,1,1.7906135238880387,1.6292718732325424,High-Value Loyal,0.6575861087746037,0.17390319581748817
12398,2,1.40691572558375,2.223454074766007,Regular / Growth,0.6575861087746037,0.17390319581748817
12399,2,0.5877129381923832,0.356449328764027,Regular / Growth,0.6575861087746037,0.17390319581748817
12401,0,-4.019547020083954,-0.4960599550004351,At-Risk / Low-Value,0.6575861087746037,0.17390319581748817
12402,0,-2.2794233021643984,0.7349764242281857,At-Risk / Low-Value,0.6575861087746037,0.17390319581748817
12403,0,-1.574347057120168,0.708191883426834,At-Risk / Low-Value,0.6575861087746037,0.17390319581748817
12405,2,0.8419060065037862,2.7246256596972955,Regular / Growth,0.6575861087746037,0.17390319581748817
12406,1,2.2456962815448014,1.8537978397574677,High-Value Loyal,0.6575861087746037,0.17390319581748817
12407,1,1.2861155718761295,0.16407514379775265,High-Value Loyal,0.6575861087746037,0.17390319581748817
12408,1,1.9266562452643452,0.547256494469539,High-Value Loyal,0.6575861087746037,0.17390319581748817
12409,1,3.291816845475734,3.182336262582204,High-Value Loyal,0.6575861087746037,0.17390319581748817
12410,2,-0.837892793642648,1.064857626578852,Regular / Growth,0.6575861087746037,0.17390319581748817
12412,2,0.6065307671016824,0.6535761371339759,Regular / Growth,0.6575861087746037,0.17390319581748817
12413,2,-0.2610232137678125,0.014309695321078767,Regular / Growth,0.6575861087746037,0.17390319581748817
12414,2,-0.9612026462944087,0.2014497668423371,Regular / Growth,0.6575861087746037,0.17390319581748817
12415,1,7.227689490492574,2.654540894906931,High-Value Loyal,0.6575861087746037,0.17390319581748817
12417,1,2.954447981799805,-0.9490722798177059,High-Value Loyal,0.6575861087746037,0.17390319581748817
12418,2,-0.2708566886673065,1.555194925325952,Regular / Growth,0.6575861087746037,0.17390319581748817
12420,2,-0.33853539924707476,1.203278948307482,Regular / Growth,0.6575861087746037,0.17390319581748817
12421,2,0.34688710254569965,-0.842166201183928,Regular / Growth,0.6575861087746037,0.17390319581748817
12422,2,-0.10486864685470168,0.2298961523038642,Regular / Growth,0.6575861087746037,0.17390319581748817
12423,1,2.3337162590847913,-1.7747161987944957,High-Value Loyal,0.6575861087746037,0.17390319581748817
12424,2,0.5456909526863257,1.9157609689646353,Regular / Growth,0.6575861087746037,0.17390319581748817
12425,2,0.02467216570637549,1.5829348297163854,Regular / Growth,0.6575861087746037,0.17390319581748817
12426,2,-0.7097215463116483,1.5935236607749448,Regular / Growth,0.6575861087746037,0.17390319581748817
12427,2,0.2392667850912074,-0.274657604822775,Regular / Growth,0.6575861087746037,0.17390319581748817
12428,1,3.596312526318222,0.719154018775728,High-Value Loyal,0.6575861087746037,0.17390319581748817
12429,1,2.4441472776119233,0.6550327793206665,High-Value Loyal,0.6575861087746037,0.17390319581748817
12430,0,-1.634012126698077,0.07809557953928023,At-Risk / Low-Value,0.6575861087746037,0.17390319581748817
12431,1,3.190573336941867,-0.132084779699016,High-Value Loyal,0.6575861087746037,0.17390319581748817
12432,1,2.5018958460534293,1.2652703150928957,High-Value Loyal,0.6575861087746037,0.17390319581748817
12433,1,4.930292094155169,0.6960582147883815,High-Value Loyal,0.6575861087746037,0.17390319581748817
12434,2,-0.0012478212933877343,0.7315123946603997,Regular / Growth,0.6575861087746037,0.17390319581748817
12435,1,2.2789545497466137,3.329886078286096,High-Value Loyal,0.6575861087746037,0.17390319581748817
12436,2,-0.9486978794282146,1.1904471544952886,Regular / Growth,0.6575861087746037,0.17390319581748817
12437,1,3.486648517727665,-1.6902263599981728,High-Value Loyal,0.6575861087746037,0.17390319581748817
12438,1,2.033583742403093,1.4714675164270554,High-Value Loyal,0.6575861087746037,0.17390319581748817
12441,0,-2.432777044483167,0.5270437403563866,At-Risk / Low-Value,0.6575861087746037,0.17390319581748817
12442,0,-1.2116174855693347,-1.29376993941202,At-Risk / Low-Value,0.6575861087746037,0.17390319581748817
12444,1,2.5914408945946295,0.9183029799963134,High-Value Loyal,0.6575861087746037,0.17390319581748817
12445,0,-2.5384138609436713,-0.899665912952902,At-Risk / Low-Value,0.6575861087746037,0.17390319581748817
12446,2,0.3395467192431217,1.6846094268748684,Regular / Growth,0.6575861087746037,0.17390319581748817
12447,2,-1.0783356713424344,1.4456030649418636,Regular / Growth,0.6575861087746037,0.17390319581748817
12448,2,-0.7021597137128018,0.7234755949408701,Regular / Growth,0.6575861087746037,0.17390319581748817
12449,1,2.4430461478628223,1.063376771019387,High-Value Loyal,0.6575861087746037,0.17390319581748817
12450,0,-2.2945193102754553,-0.5422518983139017,At-Risk / Low-Value,0.6575861087746037,0.17390319581748817
12451,1,4.046647876236146,1.4310002311764236,High-Value Loyal,0.6575861087746037,0.17390319581748817
12452,2,-0.6735985791341541,-0.6099312091831722,Regular / Growth,0.6575861087746037,0.17390319581748817
12453,2,-0.13108755978859776,1.6861322682173614,Regular / Growth,0.6575861087746037,0.17390319581748817
12454,2,1.263999165821942,3.1908351229889713,Regular / Growth,0.6575861087746037,0.17390319581748817
12455,1,1.7895024967614308,0.46530226513310086,High-Value Loyal,0.6575861087746037,0.17390319581748817
12456,1,2.0475195904983283,1.4834537571052515,High-Value Loyal,0.6575861087746037,0.17390319581748817
12457,1,1.3136047888685871,0.09898307242124821,High-Value Loyal,0.6575861087746037,0.17390319581748817
12458,2,0.16118820307177573,0.8693213294309384,Regular / Growth,0.6575861087746037,0.17390319581748817
12461,2,-0.20957890409681765,0.7850974580729482,Regular / Growth,0.6575861087746037,0.17390319581748817
12462,2,0.7963670834717652,0.5788736931468307,Regular / Growth,0.6575861087746037,0.17390319581748817
12463,2,0.8995936900553175,0.18536527379754544,Regular / Growth,0.6575861087746037,0.17390319581748817
12464,2,-0.21593633158407574,-1.6242233234068284,Regular / Growth,0.6575861087746037,0.17390319581748817
12465,2,0.3660422180306472,0.02210599198636161,Regular / Growth,0.6575861087746037,0.17390319581748817
12468,2,-0.3773742637542321,0.9506696742982418,Regular / Growth,0.6575861087746037,0.17390319581748817
12471,1,5.13233577340383,-0.880284693549972,High-Value Loyal,0.6575861087746037,0.17390319581748817
12472,1,3.3605823580105123,0.9836709425049887,High-Value Loyal,0.6575861087746037,0.17390319581748817
12473,1,2.5850979009777704,0.8480957702019299,High-Value Loyal,0.6575861087746037,0.17390319581748817
12474,1,3.829347019774072,-0.5318929526805812,High-Value Loyal,0.6575861087746037,0.17390319581748817
12475,2,0.07789372228509506,1.3645499313117138,Regular / Growth,0.6575861087746037,0.17390319581748817
12476,1,3.339695364769929,0.053757626657793225,High-Value Loyal,0.6575861087746037,0.17390319581748817
12477,1,3.888043551121077,1.8276514400392825,High-Value Loyal,0.6575861087746037,0.17390319581748817
12478,2,0.30726327691945277,0.24891068413398257,Regular / Growth,0.6575861087746037,0.17390319581748817
12479,2,0.013514784089214023,0.38057883012936167,Regular / Growth,0.6575861087746037,0.17390319581748817
12480,1,2.28043134215713,0.929911662531977,High-Value Loyal,0.6575861087746037,0.17390319581748817
12481,1,3.133947824306795,0.15496922281504516,High-Value Loyal,0.6575861087746037,0.17390319581748817
12483,1,1.7236609819942519,-0.5450533969087922,High-Value Loyal,0.6575861087746037,0.17390319581748817
12484,1,2.8696963021031205,0.7511044932217918,High-Value Loyal,0.6575861087746037,0.17390319581748817
12488,2,0.9727164949022792,-0.11654327677539614,Regular / Growth,0.6575861087746037,0.17390319581748817
12489,0,-1.829835354269639,1.1715966732978802,At-Risk / Low-Value,0.6575861087746037,0.17390319581748817
12490,1,3.36133078870913,-0.4415182645700925,High-Value Loyal,0.6575861087746037,0.17390319581748817
12491,2,-0.5877966388727434,0.7010913449131965,Regular / Growth,0.6575861087746037,0.17390319581748817
12492,0,-1.3869387717255812,-0.6136415907387887,At-Risk / Low-Value,0.6575861087746037,0.17390319581748817
12493,2,-1.1670787747799642,0.3185653170687064,Regular / Growth,0.6575861087746037,0.17390319581748817
12494,1,1.1199651463336964,-1.1740274635081809,High-Value Loyal,0.6575861087746037,0.17390319581748817
12497,2,0.24235590063070062,2.0488916616686943,Regular / Growth,0.6575861087746037,0.17390319581748817
12498,2,-0.8172737598314058,-1.1597077970424332,Regular / Growth,0.6575861087746037,0.17390319581748817
12500,1,2.332667689647047,-0.21991480222060986,High-Value Loyal,0.6575861087746037,0.17390319581748817
12501,2,1.457849247027002,3.3261655255948552,Regular / Growth,0.6575861087746037,0.17390319581748817
12502,1,1.7799540002512464,1.1888950764438526,High-Value Loyal,0.6575861087746037,0.17390319581748817
12504,0,-1.2550827439000034,-0.47084347041366426,At-Risk / Low-Value,0.6575861087746037,0.17390319581748817
12506,0,-3.3287654682268695,-0.7589771848207372,At-Risk / Low-Value,0.6575861087746037,0.17390319581748817
12507,2,0.26455080853830343,1.0017546505581432,Regular / Growth,0.6575861087746037,0.17390319581748817
12508,2,-0.3517511317670389,-0.5458245435085008,Regular / Growth,0.6575861087746037,0.17390319581748817
12509,0,-2.7754498686275983,0.39246047635573955,At-Risk / Low-Value,0.6575861087746037,0.17390319581748817
12510,2,-0.16195358085351083,1.1686403383353887,Regular / Growth,0.6575861087746037,0.17390319581748817
12512,0,-2.0184325284793903,-1.4177405649454782,At-Risk / Low-Value,0.6575861087746037,0.17390319581748817
12513,2,-0.28762286669918435,1.4700766649703572,Regular / Growth,0.6575861087746037,0.17390319581748817
12514,2,0.036551252670961785,2.3438489375651663,Regular / Growth,0.6575861087746037,0.17390319581748817
12515,0,-1.634122972480646,1.354662653816605,At-Risk / Low-Value,0.6575861087746037,0.17390319581748817
12516,2,0.39789264068081626,1.3352747794114546,Regular / Growth,0.6575861087746037,0.17390319581748817
12517,1,2.204725525952429,0.2614140593458365,High-Value Loyal,0.6575861087746037,0.17390319581748817
12518,1,2.306238058617122,-0.9821211039087634,High-Value Loyal,0.6575861087746037,0.17390319581748817
12519,2,-1.2360957035439233,0.5265273238746786,Regular / Growth,0.6575861087746037,0.17390319581748817
12520,1,1.8021665095313169,0.7779839632222412,High-Value Loyal,0.6575861087746037,0.17390319581748817
12521,2,-0.4695949834627446,1.5029374035393157,Regular / Growth,0.6575861087746037,0.17390319581748817
12522,0,-1.706444740772294,-1.112141374324759,At-Risk / Low-Value,0.6575861087746037,0.17390319581748817
12523,1,1.6048739561687118,-1.374457287834913,High-Value Loyal,0.6575861087746037,0.17390319581748817
12524,1,3.072771975136241,-0.08600489365618263,High-Value Loyal,0.6575861087746037,0.17390319581748817
12526,1,1.5610086856177656,-0.7976572015627483,High-Value Loyal,0.6575861087746037,0.17390319581748817
12527,0,-1.1647097986380937,-0.7336360259119441,At-Risk / Low-Value,0.6575861087746037,0.17390319581748817
12528,1,1.5216377213162504,-0.6770421298078142,High-Value Loyal,0.6575861087746037,0.17390319581748817
12530,2,1.0123914882652787,0.49048199882854554,Regular / Growth,0.6575861087746037,0.17390319581748817
12531,0,-2.1531436619218844,-1.2098070959172884,At-Risk / Low-Value,0.6575861087746037,0.17390319581748817
12532,2,-1.0848033812963025,0.2758702892480077,Regular / Growth,0.6575861087746037,0.17390319581748817
12534,2,0.46737310000053983,2.1526006228256906,Regular / Growth,0.6575861087746037,0.17390319581748817
12535,2,-0.4912403201704803,0.608816283561135,Regular / Growth,0.6575861087746037,0.17390319581748817
12536,1,3.673424863467427,2.963570501454402,High-Value Loyal,0.6575861087746037,0.17390319581748817
12538,2,-0.8761224965928821,0.31150558076818075,Regular / Growth,0.6575861087746037,0.17390319581748817
12539,1,2.897199982014894,1.4135727759751344,High-Value Loyal,0.6575861087746037,0.17390319581748817
12540,1,4.4156364185273285,0.29249642704162926,High-Value Loyal,0.6575861087746037,0.17390319581748817
12541,2,0.5916183801858338,0.02589698467716222,Regular / Growth,0.6575861087746037,0.17390319581748817
12544,2,-1.0575438228844438,0.3974475894646508,Regular / Growth,0.6575861087746037,0.17390319581748817
12545,2,0.26761738301584015,0.94384816391711,Regular / Growth,0.6575861087746037,0.17390319581748817
12546,2,0.6812428959600206,0.9174284020731474,Regular / Growth,0.6575861087746037,0.17390319581748817
12547,0,-2.295086492843953,-0.38914658174553596,At-Risk / Low-Value,0.6575861087746037,0.17390319581748817
12548,0,-3.286847981601029,-0.48296712581403467,At-Risk / Low-Value,0.6575861087746037,0.17390319581748817
12550,2,0.4049332970062643,1.810586646090182,Regular / Growth,0.6575861087746037,0.17390319581748817
12551,0,-2.549876595517345,0.4696609037312826,At-Risk / Low-Value,0.6575861087746037,0.17390319581748817
12552,0,-1.1197589122632312,-0.3297451356984522,At-Risk / Low-Value,0.6575861087746037,0.17390319581748817
12553,1,2.6890791310087425,-0.713117357528633,High-Value Loyal,0.6575861087746037,0.17390319581748817
12556,2,0.12160929526677595,0.15041838393713494,Regular / Growth,0.6575861087746037,0.17390319581748817
12557,1,3.0427498751120594,1.9880369693656792,High-Value Loyal,0.6575861087746037,0.17390319581748817
12558,2,-1.0431642902167082,-0.4676973211129798,Regular / Growth,0.6575861087746037,0.17390319581748817
12559,2,-0.9807509875861539,0.8772267917989034,Regular / Growth,0.6575861087746037,0.17390319581748817
12560,1,2.012785700327324,0.20371597725777882,High-Value Loyal,0.6575861087746037,0.17390319581748817
12561,0,-1.8755553343428255,0.8084423821968113,At-Risk / Low-Value,0.6575861087746037,0.17390319581748817
12562,1,2.642502706263216,-0.17753296851534145,High-Value Loyal,0.6575861087746037,0.17390319581748817
12564,2,-1.3254027751921797,1.4083008218327009,Regular / Growth,0.6575861087746037,0.17390319581748817
12565,0,-2.7236451987203685,0.21650388399456003,At-Risk / Low-Value,0.6575861087746037,0.17390319581748817
12566,2,-1.0740518721327659,0.7425393734643082,Regular / Growth,0.6575861087746037,0.17390319581748817
12567,1,3.9213679013479683,0.7027017886093059,High-Value Loyal,0.6575861087746037,0.17390319581748817
12569,1,3.1818063285646025,-2.7769471355716058,High-Value Loyal,0.6575861087746037,0.17390319581748817
12571,2,-0.22102777122720926,0.001134736066168282,Regular / Growth,0.6575861087746037,0.17390319581748817
12572,2,0.7896278305182194,0.11358070946158934,Regular / Growth,0.6575861087746037,0.17390319581748817
12573,0,-2.2173244862690398,0.1739430864122969,At-Risk / Low-Value,0.6575861087746037,0.17390319581748817
12574,0,-2.4483304705640543,0.6533386777064685,At-Risk / Low-Value,0.6575861087746037,0.17390319581748817
12576,1,1.101627576017522,-0.29390208289446607,High-Value Loyal,0.6575861087746037,0.17390319581748817
12577,2,0.454181143303909,-0.48504409984906655,Regular / Growth,0.6575861087746037,0.17390319581748817
12578,1,2.015931089317393,1.5719688820039779,High-Value Loyal,0.6575861087746037,0.17390319581748817
12579,2,-0.6996394519556804,0.9314628837216614,Regular / Growth,0.6575861087746037,0.17390319581748817
12580,2,-1.1417313513983849,1.3289778402086818,Regular / Growth,0.6575861087746037,0.17390319581748817
12581,0,-1.6127351167430193,-0.2170973382977582,At-Risk / Low-Value,0.6575861087746037,0.17390319581748817
12582,2,-0.9746442318522255,0.6742644864028682,Regular / Growth,0.6575861087746037,0.17390319581748817
12583,1,3.882053837997981,-0.8355473654039675,High-Value Loyal,0.6575861087746037,0.17390319581748817
12584,1,1.634030345199705,-1.3900353410265045,High-Value Loyal,0.6575861087746037,0.17390319581748817
12585,2,1.1012644731790948,2.222398248138055,Regular / Growth,0.6575861087746037,0.17390319581748817
12586,0,-1.7714834327883058,-0.6049864150207894,At-Risk / Low-Value,0.6575861087746037,0.17390319581748817
12587,0,-2.3241947469207926,-1.2172479517022268,At-Risk / Low-Value,0.6575861087746037,0.17390319581748817
12588,0,-2.0561185262753003,-0.21608650975846735,At-Risk / Low-Value,0.6575861087746037,0.17390319581748817
12589,2,-0.18080998142656135,0.06518670137584395,Regular / Growth,0.6575861087746037,0.17390319581748817
12590,1,2.770811388132876,3.997583878114382,High-Value Loyal,0.6575861087746037,0.17390319581748817
12591,2,-1.1182779512831924,1.514885392480471,Regular / Growth,0.6575861087746037,0.17390319581748817
12592,2,-1.107357185978899,0.14832285670418777,Regular / Growth,0.6575861087746037,0.17390319581748817
12593,0,-1.2140752858694814,-0.4231071368656809,At-Risk / Low-Value,0.6575861087746037,0.17390319581748817
12594,1,2.0025621065153185,-0.20024999172152133,High-Value Loyal,0.6575861087746037,0.17390319581748817
12596,2,-0.24556278363588055,0.2873509298803255,Regular / Growth,0.6575861087746037,0.17390319581748817
12597,1,2.7083642868062623,0.9458351200303202,High-Value Loyal,0.6575861087746037,0.17390319581748817
12598,1,2.407537805853193,-0.5142421343052561,High-Value Loyal,0.6575861087746037,0.17390319581748817
12599,2,0.7027172563706777,-1.0834111145213559,Regular / Growth,0.6575861087746037,0.17390319581748817
12600,1,1.41788478621646,-0.6285740381249041,High-Value Loyal,0.6575861087746037,0.17390319581748817
12601,0,-0.8512409425827046,-0.5713247684101737,At-Risk / Low-Value,0.6575861087746037,0.17390319581748817
12602,0,-1.979191539342332,-0.32531438305594507,At-Risk / Low-Value,0.6575861087746037,0.17390319581748817
12603,2,-1.3409866479986723,0.9727746570552721,Regular / Growth,0.6575861087746037,0.17390319581748817
12604,0,-1.5314878876598055,-0.5445300677060991,At-Risk / Low-Value,0.6575861087746037,0.17390319581748817
12607,2,1.3350382622225787,2.2718857929405503,Regular / Growth,0.6575861087746037,0.17390319581748817
12609,2,0.5428437665502885,0.5413954774256553,Regular / Growth,0.6575861087746037,0.17390319581748817
12610,1,1.6660589393596368,0.03218845806355461,High-Value Loyal,0.6575861087746037,0.17390319581748817
12611,2,0.8564463572517935,1.9009533308747664,Regular / Growth,0.6575861087746037,0.17390319581748817
12612,2,-0.4847274702345226,1.430042043917889,Regular / Growth,0.6575861087746037,0.17390319581748817
12613,1,2.1246110122692783,0.9151494768660271,High-Value Loyal,0.6575861087746037,0.17390319581748817
12614,0,-1.846697632592009,0.987942691835652,At-Risk / Low-Value,0.6575861087746037,0.17390319581748817
12615,1,2.286175212507717,-0.3789839710469059,High-Value Loyal,0.6575861087746037,0.17390319581748817
12616,2,-0.451450775771471,0.6458976865096768,Regular / Growth,0.6575861087746037,0.17390319581748817
12617,2,-0.6532083822958592,0.256012358609003,Regular / Growth,0.6575861087746037,0.17390319581748817
12618,0,-1.8461623849680853,-0.6007793860928603,At-Risk / Low-Value,0.6575861087746037,0.17390319581748817
12619,1,2.47545510591293,-0.23333291259916678,High-Value Loyal,0.6575861087746037,0.17390319581748817
12620,1,1.421741152717679,0.1075146813484586,High-Value Loyal,0.6575861087746037,0.17390319581748817
12621,1,4.930690280502289,-0.7076647548368079,High-Value Loyal,0.6575861087746037,0.17390319581748817
12622,0,-2.4889732666459863,0.3309758741851694,At-Risk / Low-Value,0.6575861087746037,0.17390319581748817
12623,0,-1.5909084687903094,1.035224620223662,At-Risk / Low-Value,0.6575861087746037,0.17390319581748817
12624,2,-0.3586741328274566,0.5767163379308643,Regular / Growth,0.6575861087746037,0.17390319581748817
12625,2,1.406602837020957,2.5019412957356475,Regular / Growth,0.6575861087746037,0.17390319581748817
12626,1,3.429551166120077,0.4759662017053925,High-Value Loyal,0.6575861087746037,0.17390319581748817
12627,1,3.0382788477286193,0.13595426123906185,High-Value Loyal,0.6575861087746037,0.17390319581748817
12628,2,0.5902827994945712,-0.9783219909139398,Regular / Growth,0.6575861087746037,0.17390319581748817
12630,2,1.0545591524133509,0.4002053494246079,Regular / Growth,0.6575861087746037,0.17390319581748817
12631,2,-0.36800438469194063,1.1895401596605775,Regular / Growth,0.6575861087746037,0.17390319581748817
12633,1,1.4390103352757353,0.7716132281522429,High-Value Loyal,0.6575861087746037,0.17390319581748817
12635,2,1.2193079864997702,1.612660864450863,Regular / Growth,0.6575861087746037,0.17390319581748817
12637,1,2.9978430050982214,0.9606499673354869,High-Value Loyal,0.6575861087746037,0.17390319581748817
12638,2,0.18500266780381974,1.0911089553132636,Regular / Growth,0.6575861087746037,0.17390319581748817
12639,2,-1.0965578722802065,1.4736939483246596,Regular / Growth,0.6575861087746037,0.17390319581748817
12640,2,0.523283123126071,0.06149013497083333,Regular / Growth,0.6575861087746037,0.17390319581748817
12641,0,-2.3169738481155204,0.0889461831760133,At-Risk / Low-Value,0.6575861087746037,0.17390319581748817
12642,2,0.5284553495177832,-0.021361623253083235,Regular / Growth,0.6575861087746037,0.17390319581748817
12643,2,1.1469163905699744,1.1093447369131653,Regular / Growth,0.6575861087746037,0.17390319581748817
12644,2,-0.6836793632778013,1.2341362756094487,Regular / Growth,0.6575861087746037,0.17390319581748817
12645,1,1.300252355654925,0.343653170803317,High-Value Loyal,0.6575861087746037,0.17390319581748817
12646,2,1.296781569184582,0.27664408223607617,Regular / Growth,0.6575861087746037,0.17390319581748817
12647,1,2.322199576975698,-0.6083391641181092,High-Value Loyal,0.6575861087746037,0.17390319581748817
12648,0,-1.4315724340440263,0.8226451223406738,At-Risk / Low-Value,0.6575861087746037,0.17390319581748817
12649,2,-0.29015714468827625,0.05804086603936707,Regular / Growth,0.6575861087746037,0.17390319581748817
12650,2,-0.44016056378096274,-0.6398992315844819,Regular / Growth,0.6575861087746037,0.17390319581748817
12651,0,-2.9642757274743254,0.009456170277664497,At-Risk / Low-Value,0.6575861087746037,0.17390319581748817
12652,2,-0.06847152904300152,2.337485883183277,Regular / Growth,0.6575861087746037,0.17390319581748817
12653,2,0.8977636194103733,2.133420527635068,Regular / Growth,0.6575861087746037,0.17390319581748817
12654,2,-0.009073379024440432,-1.666983943838896,Regular / Growth,0.6575861087746037,0.17390319581748817
12656,1,2.4512406684148784,0.6663052976188801,High-Value Loyal,0.6575861087746037,0.17390319581748817
12657,1,1.2981343509023537,-0.15394487698031703,High-Value Loyal,0.6575861087746037,0.17390319581748817
12658,2,0.09403516244459464,0.8491711806619245,Regular / Growth,0.6575861087746037,0.17390319581748817
12659,0,-2.661776860282349,-1.1428255192376582,At-Risk / Low-Value,0.6575861087746037,0.17390319581748817
12660,0,-1.2824292534418145,-0.5008869271141685,At-Risk / Low-Value,0.6575861087746037,0.17390319581748817
12662,1,3.2132500504630124,-1.4330208271200966,High-Value Loyal,0.6575861087746037,0.17390319581748817
12664,1,1.951108999266522,-0.18896734061390902,High-Value Loyal,0.6575861087746037,0.17390319581748817
12665,0,-4.012939768053916,-0.6544001096645597,At-Risk / Low-Value,0.6575861087746037,0.17390319581748817
12667,2,-0.19799880184668198,1.204279922708336,Regular / Growth,0.6575861087746037,0.17390319581748817
12668,1,2.531826795241006,0.7652171639488448,High-Value Loyal,0.6575861087746037,0.17390319581748817
12669,2,1.4865867038835996,1.7896165748326525,Regular / Growth,0.6575861087746037,0.17390319581748817
12670,1,2.0990372393686254,0.14287532333326786,High-Value Loyal,0.6575861087746037,0.17390319581748817
12672,0,-2.378653417009329,0.7331688105015453,At-Risk / Low-Value,0.6575861087746037,0.17390319581748817
12673,2,0.3264899088455245,-0.6594352451894837,Regular / Growth,0.6575861087746037,0.17390319581748817
12674,1,1.3298866993069505,0.520275448919092,High-Value Loyal,0.6575861087746037,0.17390319581748817
12676,2,0.81031816249786,-0.6792812655817333,Regular / Growth,0.6575861087746037,0.17390319581748817
12678,1,4.239357588498872,1.4916440177167642,High-Value Loyal,0.6575861087746037,0.17390319581748817
12679,2,0.4602728381748214,0.015373503611307786,Regular / Growth,0.6575861087746037,0.17390319581748817
12680,1,0.8816314023534357,-1.6521832975616029,High-Value Loyal,0.6575861087746037,0.17390319581748817
12681,1,4.573011217657724,-0.16001255207193088,High-Value Loyal,0.6575861087746037,0.17390319581748817
12682,1,4.617506526607877,-1.2880546994636741,High-Value Loyal,0.6575861087746037,0.17390319581748817
12683,1,4.10098918386379,-0.6039623145710108,High-Value Loyal,0.6575861087746037,0.17390319581748817
12684,1,2.102719750700121,-0.6872330850680218,High-Value Loyal,0.6575861087746037,0.17390319581748817
12685,1,2.132694033415991,0.19955827145756733,High-Value Loyal,0.6575861087746037,0.17390319581748817
12686,0,-3.156684652692573,-0.17186428623046798,At-Risk / Low-Value,0.6575861087746037,0.17390319581748817
12688,1,2.595557988892892,3.8016274964867733,High-Value Loyal,0.6575861087746037,0.17390319581748817
12689,2,0.8585908727069327,0.7610966605311738,Regular / Growth,0.6575861087746037,0.17390319581748817
12690,0,-1.5703662204225477,1.1319857013153032,At-Risk / Low-Value,0.6575861087746037,0.17390319581748817
12691,2,0.24261972236506557,-0.9296951975268645,Regular / Growth,0.6575861087746037,0.17390319581748817
12693,2,-0.26906290980109265,-0.01728814859087523,Regular / Growth,0.6575861087746037,0.17390319581748817
12694,2,0.06635320478619476,0.776278558859861,Regular / Growth,0.6575861087746037,0.17390319581748817
12695,2,-0.12638632011643713,-1.5545040919614144,Regular / Growth,0.6575861087746037,0.17390319581748817
12697,2,0.4022797897120663,-0.02868637783356257,Regular / Growth,0.6575861087746037,0.17390319581748817
12700,1,3.2195478918768217,0.9232815489370615,High-Value Loyal,0.6575861087746037,0.17390319581748817
12701,2,0.2217548044881527,0.7398543442777319,Regular / Growth,0.6575861087746037,0.17390319581748817
12702,0,-1.8301013517665539,-0.4670952905775017,At-Risk / Low-Value,0.6575861087746037,0.17390319581748817
12703,2,-1.3343110677977532,0.38586719058213126,Regular / Growth,0.6575861087746037,0.17390319581748817
12704,1,1.9477622311781195,-0.9656239130365643,High-Value Loyal,0.6575861087746037,0.17390319581748817
12705,1,3.5986359149760836,0.3642800509009223,High-Value Loyal,0.6575861087746037,0.17390319581748817
12707,2,-0.7452705236873348,1.789637250278643,Regular / Growth,0.6575861087746037,0.17390319581748817
12708,1,1.9746627495978915,-0.5724373507800236,High-Value Loyal,0.6575861087746037,0.17390319581748817
12709,1,3.6241957676379735,0.027903049688444936,High-Value Loyal,0.6575861087746037,0.17390319581748817
12710,2,0.6996606241112633,0.6605800071364554,Regular / Growth,0.6575861087746037,0.17390319581748817
12712,1,2.197445370382279,-0.45052885293681316,High-Value Loyal,0.6575861087746037,0.17390319581748817
12713,2,0.9831976300137881,0.17832456150547912,Regular / Growth,0.6575861087746037,0.17390319581748817
12714,1,3.2265379925906608,0.5951106095268038,High-Value Loyal,0.6575861087746037,0.17390319581748817
12715,2,-1.235532167001146,0.7700426628203554,Regular / Growth,0.6575861087746037,0.17390319581748817
12716,2,1.176891852524008,-0.10094299085202918,Regular / Growth,0.6575861087746037,0.17390319581748817
12717,2,0.17232770998870534,1.2482148641390167,Regular / Growth,0.6575861087746037,0.17390319581748817
12718,0,-1.4346730172440225,0.22224382913765356,At-Risk / Low-Value,0.6575861087746037,0.17390319581748817
12719,2,0.3186433558282038,-0.5840068322400295,Regular / Growth,0.6575861087746037,0.17390319581748817
12720,1,3.9694651637748826,-1.8843884193840708,High-Value Loyal,0.6575861087746037,0.17390319581748817
12721,1,2.1750759020558776,0.18714914237754568,High-Value Loyal,0.6575861087746037,0.17390319581748817
12722,2,0.34843416484602724,0.03849853232177169,Regular / Growth,0.6575861087746037,0.17390319581748817
12723,2,0.7052102384441417,-1.8069954875903949,Regular / Growth,0.6575861087746037,0.17390319581748817
12724,2,0.8933912458008005,-1.0294678223497435,Regular / Growth,0.6575861087746037,0.17390319581748817
12725,2,-1.3422223848339028,1.4921858171436773,Regular / Growth,0.6575861087746037,0.17390319581748817
12726,1,2.0715915457796745,-0.022073424085654422,High-Value Loyal,0.6575861087746037,0.17390319581748817
12727,1,2.7079252990314218,0.004880715888601321,High-Value Loyal,0.6575861087746037,0.17390319581748817
12728,2,0.04767871955253504,-0.2367578879175325,Regular / Growth,0.6575861087746037,0.17390319581748817
12729,2,-0.8723903583803128,1.1025042223138524,Regular / Growth,0.6575861087746037,0.17390319581748817
12731,1,4.345917120976822,1.3206075477054762,High-Value Loyal,0.6575861087746037,0.17390319581748817
12732,0,-2.020147980852992,0.5578380146616776,At-Risk / Low-Value,0.6575861087746037,0.17390319581748817
12733,2,-1.4136675903305227,1.176656878709151,Regular / Growth,0.6575861087746037,0.17390319581748817
12734,0,-3.2097414092866607,0.04281911371681431,At-Risk / Low-Value,0.6575861087746037,0.17390319581748817
12735,2,-0.4235346475092339,1.2295274073221494,Regular / Growth,0.6575861087746037,0.17390319581748817
12736,0,-2.3615523807370757,0.8859778685454955,At-Risk / Low-Value,0.6575861087746037,0.17390319581748817
12738,0,-2.455293033283688,0.4313257424319989,At-Risk / Low-Value,0.6575861087746037,0.17390319581748817
12739,2,0.20817023236797,0.9717094349099465,Regular / Growth,0.6575861087746037,0.17390319581748817
12740,2,-0.6394184212792997,0.8398486583742056,Regular / Growth,0.6575861087746037,0.17390319581748817
12743,2,-0.18495665469674613,0.4174702609809782,Regular / Growth,0.6575861087746037,0.17390319581748817
12744,1,4.203631100678284,2.477932911646877,High-Value Loyal,0.6575861087746037,0.17390319581748817
12747,1,2.6240965859632435,-1.160304833764549,High-Value Loyal,0.6575861087746037,0.17390319581748817
12748,1,7.276825926752173,-3.452189674906683,High-Value Loyal,0.6575861087746037,0.17390319581748817
12749,1,2.913012149630848,0.11042147801693446,High-Value Loyal,0.6575861087746037,0.17390319581748817
12750,0,-1.6711000439736943,0.5977527727169691,At-Risk / Low-Value,0.6575861087746037,0.17390319581748817
12752,2,2.0688024937911846,3.5788889309549803,Regular / Growth,0.6575861087746037,0.17390319581748817
12753,1,4.54123865045889,2.4704060380682082,High-Value Loyal,0.6575861087746037,0.17390319581748817
12754,1,1.822802351841685,2.2631632570101363,High-Value Loyal,0.6575861087746037,0.17390319581748817
12755,2,0.6286328388316419,3.1278931109326,Regular / Growth,0.6575861087746037,0.17390319581748817
12756,0,-2.702346007722002,-0.4649717920457856,At-Risk / Low-Value,0.6575861087746037,0.17390319581748817
12757,1,3.578874725237191,-0.05823280303770687,High-Value Loyal,0.6575861087746037,0.17390319581748817
12758,2,1.7238793090373874,2.321568687614702,Regular / Growth,0.6575861087746037,0.17390319581748817
12759,2,1.1222988852097546,0.7212019820867198,Regular / Growth,0.6575861087746037,0.17390319581748817
12762,1,1.715910344391171,0.8219578284806832,High-Value Loyal,0.6575861087746037,0.17390319581748817
12763,2,-0.9490542324175115,0.4325114874902915,Regular / Growth,0.6575861087746037,0.17390319581748817
12764,2,0.31755095061574135,2.9587205988853436,Regular / Growth,0.6575861087746037,0.17390319581748817
12766,1,3.783567180348247,0.27272213365198705,High-Value Loyal,0.6575861087746037,0.17390319581748817
12769,2,-0.08037629241465036,2.4295329682016775,Regular / Growth,0.6575861087746037,0.17390319581748817
12770,2,0.0035168794792994978,2.6730386552790035,Regular / Growth,0.6575861087746037,0.17390319581748817
12772,2,0.38501009708445283,1.615593646606444,Regular / Growth,0.6575861087746037,0.17390319581748817
12775,1,1.1276289153260064,-0.5186868744691459,High-Value Loyal,0.6575861087746037,0.17390319581748817
12778,2,0.6125146549661896,-1.2758651032054114,Regular / Growth,0.6575861087746037,0.17390319581748817
12779,1,2.3598996303553896,0.29916984735497354,High-Value Loyal,0.6575861087746037,0.17390319581748817
12781,2,0.056419252856590975,0.7226034478185779,Regular / Growth,0.6575861087746037,0.17390319581748817
12782,1,2.069667711315259,-0.41466413251413,High-Value Loyal,0.6575861087746037,0.17390319581748817
12783,1,1.9982958752044715,-1.0544276653434315,High-Value Loyal,0.6575861087746037,0.17390319581748817
12784,2,0.10764984089050081,-0.6306832760334696,Regular / Growth,0.6575861087746037,0.17390319581748817
12785,0,-1.8526636485805763,1.1504305687873182,At-Risk / Low-Value,0.6575861087746037,0.17390319581748817
12787,2,-0.4447405764557783,-1.239173855306053,Regular / Growth,0.6575861087746037,0.17390319581748817
12789,0,-3.9630906198936975,-1.0957560469339453,At-Risk / Low-Value,0.6575861087746037,0.17390319581748817
12790,0,-1.451516297486129,0.9357174160487979,At-Risk / Low-Value,0.6575861087746037,0.17390319581748817
12791,0,-2.927723193473279,0.6988610811104035,At-Risk / Low-Value,0.6575861087746037,0.17390319581748817
12792,2,-1.1987067355403338,1.29479454677009,Regular / Growth,0.6575861087746037,0.17390319581748817
12793,2,-1.0073024637450483,0.8795408209518849,Regular / Growth,0.6575861087746037,0.17390319581748817
12794,2,0.2775050036149548,0.6517166851288186,Regular / Growth,0.6575861087746037,0.17390319581748817
12795,2,-1.1391133694761826,0.255763351386466,Regular / Growth,0.6575861087746037,0.17390319581748817
12797,0,-2.0797240329811486,0.9256981176508688,At-Risk / Low-Value,0.6575861087746037,0.17390319581748817
12798,1,2.4397699547045746,2.0025154336942643,High-Value Loyal,0.6575861087746037,0.17390319581748817
12802,2,-0.944268363729102,1.2690432879416065,Regular / Growth,0.6575861087746037,0.17390319581748817
12808,2,-0.6557486423381372,-0.740349779954939,Regular / Growth,0.6575861087746037,0.17390319581748817
12809,2,-0.9473587435704186,1.362913188184697,Regular / Growth,0.6575861087746037,0.17390319581748817
12811,2,-0.9878622323402604,0.1319547231392994,Regular / Growth,0.6575861087746037,0.17390319581748817
12812,0,-1.513168161112589,-0.007435509233302911,At-Risk / Low-Value,0.6575861087746037,0.17390319581748817
12814,0,-3.19928951449966,-0.3445292790777432,At-Risk / Low-Value,0.6575861087746037,0.17390319581748817
12815,2,0.012596116175260394,1.2606895322797744,Regular / Growth,0.6575861087746037,0.17390319581748817
12816,2,-0.87976049303581,0.3379747199638861,Regular / Growth,0.6575861087746037,0.17390319581748817
12817,0,-3.003401199547653,0.34353610126271145,At-Risk / Low-Value,0.6575861087746037,0.17390319581748817
12818,2,0.18824468564783087,2.9160025803289864,Regular / Growth,0.6575861087746037,0.17390319581748817
12820,1,1.1387958193174137,-1.2569433456440373,High-Value Loyal,0.6575861087746037,0.17390319581748817
12821,0,-3.189919434312737,-0.38489050081913034,At-Risk / Low-Value,0.6575861087746037,0.17390319581748817
12822,2,0.24671528948925955,0.8704588231862175,Regular / Growth,0.6575861087746037,0.17390319581748817
12823,2,-0.6228252193403157,0.37098098541077495,Regular / Growth,0.6575861087746037,0.17390319581748817
12824,2,-0.8449108301214413,0.7035305589636637,Regular / Growth,0.6575861087746037,0.17390319581748817
12826,1,1.704656644957474,-1.5425482354282865,High-Value Loyal,0.6575861087746037,0.17390319581748817
12827,2,-0.4585365469578657,-1.534491537098236,Regular / Growth,0.6575861087746037,0.17390319581748817
12828,1,1.044041684411962,-1.7743815943376307,High-Value Loyal,0.6575861087746037,0.17390319581748817
12829,0,-1.7070547472257647,0.27556422761538707,At-Risk / Low-Value,0.6575861087746037,0.17390319581748817
12830,1,2.644061628700903,1.533422037036753,High-Value Loyal,0.6575861087746037,0.17390319581748817
12831,0,-2.209950083467265,0.6398173546644679,At-Risk / Low-Value,0.6575861087746037,0.17390319581748817
12832,2,-0.8046502157305218,-0.4965122382103829,Regular / Growth,0.6575861087746037,0.17390319581748817
12833,2,-1.160364548441447,1.0798291569479472,Regular / Growth,0.6575861087746037,0.17390319581748817
12834,0,-1.7680636641620961,1.0219315561581759,At-Risk / Low-Value,0.6575861087746037,0.17390319581748817
12836,1,1.8102352291314052,0.9298564142043058,High-Value Loyal,0.6575861087746037,0.17390319581748817
12837,0,-2.985612802469738,-0.20088060181746537,At-Risk / Low-Value,0.6575861087746037,0.17390319581748817
12838,2,0.3511597182923051,0.1126418407688772,Regular / Growth,0.6575861087746037,0.17390319581748817
12839,1,3.491962682630442,-1.0337124689978918,High-Value Loyal,0.6575861087746037,0.17390319581748817
12840,1,1.4793631148152544,1.4087139769843176,High-Value Loyal,0.6575861087746037,0.17390319581748817
12841,1,3.4181758938933235,-2.170267029124416,High-Value Loyal,0.6575861087746037,0.17390319581748817
12842,2,0.3153460699197907,1.0516582653540387,Regular / Growth,0.6575861087746037,0.17390319581748817
12843,1,1.1328475540707958,-0.4686990052217344,High-Value Loyal,0.6575861087746037,0.17390319581748817
12844,2,-0.8716451112523876,-0.7761645800024848,Regular / Growth,0.6575861087746037,0.17390319581748817
12845,0,-1.3306980727783762,-0.6687107352197795,At-Risk / Low-Value,0.6575861087746037,0.17390319581748817
12847,2,0.8196907699606124,1.1836368301081264,Regular / Growth,0.6575861087746037,0.17390319581748817
12849,2,0.5634186122732004,0.6079036699549124,Regular / Growth,0.6575861087746037,0.17390319581748817
12851,0,-1.9221919884256813,-0.38676988864760514,At-Risk / Low-Value,0.6575861087746037,0.17390319581748817
12852,0,-1.6947633422652848,1.0655930900888702,At-Risk / Low-Value,0.6575861087746037,0.17390319581748817
12853,2,1.0380372480043332,0.39112967639623,Regular / Growth,0.6575861087746037,0.17390319581748817
12854,2,0.8339798426352526,0.6849837075900613,Regular / Growth,0.6575861087746037,0.17390319581748817
12855,0,-4.513051358795561,-1.149328772282333,At-Risk / Low-Value,0.6575861087746037,0.17390319581748817
12856,1,2.163505606379638,-0.6215262719178196,High-Value Loyal,0.6575861087746037,0.17390319581748817
12857,2,-0.081977044339473,1.4396519737869136,Regular / Growth,0.6575861087746037,0.17390319581748817
12863,2,-1.192688303207466,0.9966898332860952,Regular / Growth,0.6575861087746037,0.17390319581748817
12864,0,-2.531917473034917,0.06075297884124073,At-Risk / Low-Value,0.6575861087746037,0.17390319581748817
12865,2,1.3227171857576927,1.021583970362918,Regular / Growth,0.6575861087746037,0.17390319581748817
12866,2,-1.0215780056368613,1.670715728956846,Regular / Growth,0.6575861087746037,0.17390319581748817
12867,1,3.053399529472273,0.3663498563448709,High-Value Loyal,0.6575861087746037,0.17390319581748817
12868,2,0.8872262756331569,0.31735225014455043,Regular / Growth,0.6575861087746037,0.17390319581748817
12871,0,-1.430126223193412,-0.05656019650690859,At-Risk / Low-Value,0.6575861087746037,0.17390319581748817
12872,2,-0.5436654417184752,0.9282660770500202,Regular / Growth,0.6575861087746037,0.17390319581748817
12873,0,-2.049896033759418,1.2970137984434003,At-Risk / Low-Value,0.6575861087746037,0.17390319581748817
12875,0,-1.3756642461636588,0.33071515186532835,At-Risk / Low-Value,0.6575861087746037,0.17390319581748817
12876,2,1.587614508850419,1.7935293725179615,Regular / Growth,0.6575861087746037,0.17390319581748817
12877,1,1.9884080727533533,-2.213477074533337,High-Value Loyal,0.6575861087746037,0.17390319581748817
12878,2,-0.1445607958453092,1.2471299602413413,Regular / Growth,0.6575861087746037,0.17390319581748817
12879,2,-0.7798590303457612,-0.35477426332059825,Regular / Growth,0.6575861087746037,0.17390319581748817
12881,0,-2.6727805140820853,0.8613197781538977,At-Risk / Low-Value,0.6575861087746037,0.17390319581748817
12882,2,0.3576107881743366,0.5220626569678579,Regular / Growth,0.6575861087746037,0.17390319581748817
12883,2,-0.10665027729705129,-0.9070330867271174,Regular / Growth,0.6575861087746037,0.17390319581748817
12884,0,-2.1370630542620797,0.49948293208706257,At-Risk / Low-Value,0.6575861087746037,0.17390319581748817
12885,2,0.681502502201252,0.49437661970583713,Regular / Growth,0.6575861087746037,0.17390319581748817
12886,2,0.8869973711644329,1.2554529960513614,Regular / Growth,0.6575861087746037,0.17390319581748817
12888,0,-2.2496452145282495,0.18890783795750923,At-Risk / Low-Value,0.6575861087746037,0.17390319581748817
12890,2,-0.2452438469637786,0.234263360033026,Regular / Growth,0.6575861087746037,0.17390319581748817
12891,0,-1.5743035260811202,-0.23821779468167303,At-Risk / Low-Value,0.6575861087746037,0.17390319581748817
12893,0,-1.6447182225642807,-0.5202628202400011,At-Risk / Low-Value,0.6575861087746037,0.17390319581748817
12895,2,-0.9334085011430886,-0.40096844206714105,Regular / Growth,0.6575861087746037,0.17390319581748817
12897,0,-2.5873068875527543,-0.3127186366961231,At-Risk / Low-Value,0.6575861087746037,0.17390319581748817
12901,1,4.537021224776642,-0.23484230626195388,High-Value Loyal,0.6575861087746037,0.17390319581748817
12902,0,-2.7758127142792626,0.10479144449720407,At-Risk / Low-Value,0.6575861087746037,0.17390319581748817
12904,2,-0.05193035700154776,-0.4461633167367575,Regular / Growth,0.6575861087746037,0.17390319581748817
12906,1,2.098400605721343,0.2058901327567235,High-Value Loyal,0.6575861087746037,0.17390319581748817
12908,2,-0.9762454192031705,1.210382277302897,Regular / Growth,0.6575861087746037,0.17390319581748817
12909,1,1.6090262897549892,0.3125677890687975,High-Value Loyal,0.6575861087746037,0.17390319581748817
12910,1,1.9890224355810706,-0.16259070186698354,High-Value Loyal,0.6575861087746037,0.17390319581748817
12912,1,1.1802666591265853,-0.9092625399502119,High-Value Loyal,0.6575861087746037,0.17390319581748817
12913,1,1.9372626570608171,-0.28257438204554597,High-Value Loyal,0.6575861087746037,0.17390319581748817
12915,0,-1.576800118360612,0.016806171040403377,At-Risk / Low-Value,0.6575861087746037,0.17390319581748817
12916,2,1.3512246105592074,1.4597577686330612,Regular / Growth,0.6575861087746037,0.17390319581748817
12917,0,-1.6995396408035317,1.4965225281001429,At-Risk / Low-Value,0.6575861087746037,0.17390319581748817
12919,1,1.0729177611677922,-1.1098406452548344,High-Value Loyal,0.6575861087746037,0.17390319581748817
12920,0,-1.4539485793385472,-0.8109985140119645,At-Risk / Low-Value,0.6575861087746037,0.17390319581748817
12921,1,4.954790395932795,-0.9046220299366958,High-Value Loyal,0.6575861087746037,0.17390319581748817
12922,2,-0.8562635571514011,1.159800376912468,Regular / Growth,0.6575861087746037,0.17390319581748817
12923,0,-1.9112157337892002,-0.28079713645282695,At-Risk / Low-Value,0.6575861087746037,0.17390319581748817
12924,2,-0.05529532789164721,0.007833621241274649,Regular / Growth,0.6575861087746037,0.17390319581748817
12925,2,0.5795008735751895,-0.48268831403810936,Regular / Growth,0.6575861087746037,0.17390319581748817
12928,1,1.5451067224774893,0.22721428189758075,High-Value Loyal,0.6575861087746037,0.17390319581748817
12929,0,-3.2130900480421913,-0.04368766673871502,At-Risk / Low-Value,0.6575861087746037,0.17390319581748817
12930,2,-0.9577772950161069,-0.014621185223240398,Regular / Growth,0.6575861087746037,0.17390319581748817
12931,1,4.981671435033741,1.9963299584434195,High-Value Loyal,0.6575861087746037,0.17390319581748817
12933,2,0.4311111907279431,-0.6463334683662266,Regular / Growth,0.6575861087746037,0.17390319581748817
12935,1,2.3875174193113513,-1.2147616988442356,High-Value Loyal,0.6575861087746037,0.17390319581748817
12936,2,0.8019178302303415,-0.5367189686753102,Regular / Growth,0.6575861087746037,0.17390319581748817
12937,1,1.4428900404301106,-0.1777106080814921,High-Value Loyal,0.6575861087746037,0.17390319581748817
12938,0,-2.1719273352463886,-0.9654979457821229,At-Risk / Low-Value,0.6575861087746037,0.17390319581748817
12939,1,2.9037160666298667,1.8113359141791416,High-Value Loyal,0.6575861087746037,0.17390319581748817
12940,2,0.42151541358049005,0.644850712777433,Regular / Growth,0.6575861087746037,0.17390319581748817
12942,2,-0.33686450784701194,0.08492146089836018,Regular / Growth,0.6575861087746037,0.17390319581748817
12944,2,-0.3039174820845929,0.07292124821775449,Regular / Growth,0.6575861087746037,0.17390319581748817
12945,2,-1.2321694193737192,1.4770854237007247,Regular / Growth,0.6575861087746037,0.17390319581748817
12947,2,1.0745519591406014,0.22459289389448361,Regular / Growth,0.6575861087746037,0.17390319581748817
12948,1,1.7664358649688598,-0.6057921255241324,High-Value Loyal,0.6575861087746037,0.17390319581748817
12949,1,2.7254070081741784,0.2496987166865055,High-Value Loyal,0.6575861087746037,0.17390319581748817
12950,1,1.456196226414474,-0.12041773643516432,High-Value Loyal,0.6575861087746037,0.17390319581748817
12951,1,0.9206709543157163,-1.3595168614884112,High-Value Loyal,0.6575861087746037,0.17390319581748817
12952,1,1.337881969523998,-0.6282514531990507,High-Value Loyal,0.6575861087746037,0.17390319581748817
12953,2,-1.0753495777047926,-0.26592175714357214,Regular / Growth,0.6575861087746037,0.17390319581748817
12955,1,3.418296311912889,-1.1294674579690003,High-Value Loyal,0.6575861087746037,0.17390319581748817
12956,0,-3.019503729616999,-0.19304878130670922,At-Risk / Low-Value,0.6575861087746037,0.17390319581748817
12957,1,3.050179048030717,-0.23067009896831753,High-Value Loyal,0.6575861087746037,0.17390319581748817
12962,0,-1.1078847055997179,-1.472268592165676,At-Risk / Low-Value,0.6575861087746037,0.17390319581748817
12963,1,1.7439140916827902,-1.1872058369125942,High-Value Loyal,0.6575861087746037,0.17390319581748817
12965,2,0.17904212300939318,1.5196662171245772,Regular / Growth,0.6575861087746037,0.17390319581748817
12966,0,-1.8708901105151778,-1.0279726165593994,At-Risk / Low-Value,0.6575861087746037,0.17390319581748817
12967,2,-0.024031629094397523,2.147966245815707,Regular / Growth,0.6575861087746037,0.17390319581748817
12968,0,-2.774546191040554,-0.22538620404604168,At-Risk / Low-Value,0.6575861087746037,0.17390319581748817
12970,2,0.22092269055064312,-2.0068926237501574,Regular / Growth,0.6575861087746037,0.17390319581748817
12971,1,4.623631268869215,-2.8385926974206384,High-Value Loyal,0.6575861087746037,0.17390319581748817
12974,0,-3.0876851899793363,-0.04472243282462124,At-Risk / Low-Value,0.6575861087746037,0.17390319581748817
12976,2,-0.37663433115592526,1.9678619065226663,Regular / Growth,0.6575861087746037,0.17390319581748817
12977,0,-4.259278032878994,-1.597054113164054,At-Risk / Low-Value,0.6575861087746037,0.17390319581748817
12980,1,1.3427134972483092,1.4233983176477571,High-Value Loyal,0.6575861087746037,0.17390319581748817
12981,2,-1.0139823796027259,-0.49395338645648573,Regular / Growth,0.6575861087746037,0.17390319581748817
12982,2,-1.0688603288305827,1.2642840222021487,Regular / Growth,0.6575861087746037,0.17390319581748817
12984,0,-3.0504295004765782,-1.3682268244721472,At-Risk / Low-Value,0.6575861087746037,0.17390319581748817
12985,1,1.85959974127568,-0.24025991881950312,High-Value Loyal,0.6575861087746037,0.17390319581748817
12987,2,-0.653393463691112,0.254993030720455,Regular / Growth,0.6575861087746037,0.17390319581748817
12988,2,-0.8430552238666028,1.4947527349614076,Regular / Growth,0.6575861087746037,0.17390319581748817
12989,1,3.2884815038238004,-0.8856398756780066,High-Value Loyal,0.6575861087746037,0.17390319581748817
12990,0,-1.1354116140780497,-0.9250554521649692,At-Risk / Low-Value,0.6575861087746037,0.17390319581748817
12991,2,-0.20915408591368298,-0.2733312251194805,Regular / Growth,0.6575861087746037,0.17390319581748817
12993,2,-0.583010269614044,-1.4686863875981258,Regular / Growth,0.6575861087746037,0.17390319581748817
12994,2,0.9201094671397186,-0.7666531630292304,Regular / Growth,0.6575861087746037,0.17390319581748817
12995,0,-2.3683072051779415,0.1928856661575665,At-Risk / Low-Value,0.6575861087746037,0.17390319581748817
12997,2,0.84184395457612,-0.2567428857256257,Regular / Growth,0.6575861087746037,0.17390319581748817
12999,2,-0.9081335780271224,-0.0759763400419347,Regular / Growth,0.6575861087746037,0.17390319581748817
13000,2,-0.540406581348404,-0.14923556437717722,Regular / Growth,0.6575861087746037,0.17390319581748817
13001,1,4.205187618813078,-0.22475059398945618,High-Value Loyal,0.6575861087746037,0.17390319581748817
13002,0,-3.007674005659087,0.05743697916165222,At-Risk / Low-Value,0.6575861087746037,0.17390319581748817
13003,0,-2.665765795672149,-1.5413580701512308,At-Risk / Low-Value,0.6575861087746037,0.17390319581748817
13004,1,3.7291111778859096,-0.9481960160447056,High-Value Loyal,0.6575861087746037,0.17390319581748817
13005,2,-1.0893291337510536,0.5010030676068146,Regular / Growth,0.6575861087746037,0.17390319581748817
13006,0,-3.184525510980063,-1.0668820002932782,At-Risk / Low-Value,0.6575861087746037,0.17390319581748817
13008,0,-1.9715172257591147,0.7967518392056737,At-Risk / Low-Value,0.6575861087746037,0.17390319581748817
13011,0,-4.565579442022123,-0.9224583806769545,At-Risk / Low-Value,0.6575861087746037,0.17390319581748817
13012,1,1.5579991593578124,-1.2739977411893262,High-Value Loyal,0.6575861087746037,0.17390319581748817
13013,1,3.5097206101667737,-1.4417685267037128,High-Value Loyal,0.6575861087746037,0.17390319581748817
13014,1,2.1780253152315443,-0.7152233115161084,High-Value Loyal,0.6575861087746037,0.17390319581748817
13015,1,2.2146073631843977,0.8707792544299042,High-Value Loyal,0.6575861087746037,0.17390319581748817
13016,2,0.06722156529712386,0.13254442054428517,Regular / Growth,0.6575861087746037,0.17390319581748817
13017,0,-2.3672369935477966,-0.8487993811195312,At-Risk / Low-Value,0.6575861087746037,0.17390319581748817
13018,1,4.029096570222714,-1.2231435535222785,High-Value Loyal,0.6575861087746037,0.17390319581748817
13021,1,2.427108608308765,-1.2061922284512339,High-Value Loyal,0.6575861087746037,0.17390319581748817
13023,2,-0.2578267622622797,0.43332036370734067,Regular / Growth,0.6575861087746037,0.17390319581748817
13026,1,1.4377438498999513,-1.718884698858926,High-Value Loyal,0.6575861087746037,0.17390319581748817
13027,1,2.348573070098586,2.075627899260103,High-Value Loyal,0.6575861087746037,0.17390319581748817
13028,2,0.3337611496797741,0.06751659155473366,Regular / Growth,0.6575861087746037,0.17390319581748817
13029,2,-0.3782281800380819,0.23893767307116862,Regular / Growth,0.6575861087746037,0.17390319581748817
13030,2,0.5386645249773508,-0.18237062309173005,Regular / Growth,0.6575861087746037,0.17390319581748817
13032,2,0.3394813978364675,0.764136292553085,Regular / Growth,0.6575861087746037,0.17390319581748817
13033,0,-2.4809839301555017,0.5830031418211785,At-Risk / Low-Value,0.6575861087746037,0.17390319581748817
13034,2,-0.1820746888822516,0.31754977644064736,Regular / Growth,0.6575861087746037,0.17390319581748817
13035,2,0.0675907250580642,0.8989419299070426,Regular / Growth,0.6575861087746037,0.17390319581748817
13037,2,-0.01986384949793906,0.4832976756356749,Regular / Growth,0.6575861087746037,0.17390319581748817
13038,2,-0.142307945663784,0.31049813547171856,Regular / Growth,0.6575861087746037,0.17390319581748817
13040,2,0.25887767350679475,-0.33370146029689657,Regular / Growth,0.6575861087746037,0.17390319581748817
13043,2,-1.1763204557556246,1.6394534589023937,Regular / Growth,0.6575861087746037,0.17390319581748817
13044,2,-0.6251806455219338,1.7544622519167812,Regular / Growth,0.6575861087746037,0.17390319581748817
13045,2,-1.3015165850420651,0.6334176155868221,Regular / Growth,0.6575861087746037,0.17390319581748817
13046,2,-0.22393753394985763,0.04255273882938316,Regular / Growth,0.6575861087746037,0.17390319581748817
13047,1,2.1982252657636474,-0.361527905211017,High-Value Loyal,0.6575861087746037,0.17390319581748817
13048,1,1.6619686929104505,0.021437769621686937,High-Value Loyal,0.6575861087746037,0.17390319581748817
13049,2,-0.6443405564517428,0.4210206418517324,Regular / Growth,0.6575861087746037,0.17390319581748817
13050,1,3.566659211647134,-0.7608350553046116,High-Value Loyal,0.6575861087746037,0.17390319581748817
13052,2,-1.3713476754427947,1.0837347721549113,Regular / Growth,0.6575861087746037,0.17390319581748817
13055,2,0.8069963487099587,0.6374901402293232,Regular / Growth,0.6575861087746037,0.17390319581748817
13058,0,-2.0248945038474018,-1.5486982818815276,At-Risk / Low-Value,0.6575861087746037,0.17390319581748817
13059,0,-2.826066803296775,0.33639572230779724,At-Risk / Low-Value,0.6575861087746037,0.17390319581748817
13060,0,-1.778701020924386,0.9799186801023987,At-Risk / Low-Value,0.6575861087746037,0.17390319581748817
13061,0,-1.839307235947293,0.24787952102105815,At-Risk / Low-Value,0.6575861087746037,0.17390319581748817
13062,2,-1.3643207854727029,1.1002158397036532,Regular / Growth,0.6575861087746037,0.17390319581748817
13064,2,0.829599763255808,-0.6004892162423173,Regular / Growth,0.6575861087746037,0.17390319581748817
13065,0,-2.3884197682832244,0.6623180682670402,At-Risk / Low-Value,0.6575861087746037,0.17390319581748817
13066,2,-0.19944397620060514,-0.3719987348239747,Regular / Growth,0.6575861087746037,0.17390319581748817
13067,0,-2.7842227628592866,-0.6458281313092755,At-Risk / Low-Value,0.6575861087746037,0.17390319581748817
13068,0,-1.573007070421796,-0.9213150033172425,At-Risk / Low-Value,0.6575861087746037,0.17390319581748817
13069,1,4.09275779005143,-2.3866215986091435,High-Value Loyal,0.6575861087746037,0.17390319581748817
13070,0,-2.1582917758236184,0.5622353464229584,At-Risk / Low-Value,0.6575861087746037,0.17390319581748817
13072,0,-2.680626487161438,0.39124303329568966,At-Risk / Low-Value,0.6575861087746037,0.17390319581748817
13075,2,-0.13679052668873284,1.9934177810262363,Regular / Growth,0.6575861087746037,0.17390319581748817
13077,1,1.3634132119331193,-1.8314924750224246,High-Value Loyal,0.6575861087746037,0.17390319581748817
13078,1,4.385147347120106,-1.0432048028615761,High-Value Loyal,0.6575861087746037,0.17390319581748817
13079,0,-1.9573413200254806,-3.1035156473311463,At-Risk / Low-Value,0.6575861087746037,0.17390319581748817
13080,0,-3.33521642195532,-0.908659442527577,At-Risk / Low-Value,0.6575861087746037,0.17390319581748817
13081,1,5.642862604083786,1.614461682644829,High-Value Loyal,0.6575861087746037,0.17390319581748817
13082,1,2.165833682212318,0.5886267478710223,High-Value Loyal,0.6575861087746037,0.17390319581748817
13083,2,-0.7645220400189134,-1.490022331371678,Regular / Growth,0.6575861087746037,0.17390319581748817
13085,0,-1.2296456727227278,0.2655567908675967,At-Risk / Low-Value,0.6575861087746037,0.17390319581748817
13089,1,7.135175185717419,-1.315523250878089,High-Value Loyal,0.6575861087746037,0.17390319581748817
13090,1,3.4832732251392677,-0.20513918174153095,High-Value Loyal,0.6575861087746037,0.17390319581748817
13091,2,-0.6006482283997377,0.3218804559751643,Regular / Growth,0.6575861087746037,0.17390319581748817
13092,0,-0.7633781860848615,-1.1548669401556901,At-Risk / Low-Value,0.6575861087746037,0.17390319581748817
13093,1,2.7136695643594484,1.883987527243907,High-Value Loyal,0.6575861087746037,0.17390319581748817
13094,1,0.8747653772172942,-1.1764567033621756,High-Value Loyal,0.6575861087746037,0.17390319581748817
13095,0,-2.861245594585373,-1.0023798974267049,At-Risk / Low-Value,0.6575861087746037,0.17390319581748817
13097,1,3.1225166287641906,0.3279267774048031,High-Value Loyal,0.6575861087746037,0.17390319581748817
13098,1,5.765284581019227,-0.47613693439396454,High-Value Loyal,0.6575861087746037,0.17390319581748817
13099,0,-2.3292219823584253,0.3568448217617867,At-Risk / Low-Value,0.6575861087746037,0.17390319581748817
13101,0,-2.886297012763174,-0.22583338295897015,At-Risk / Low-Value,0.6575861087746037,0.17390319581748817
13102,1,4.026342028163754,-1.9807351530135693,High-Value Loyal,0.6575861087746037,0.17390319581748817
13103,0,-1.8829899570400144,-0.02085325547304774,At-Risk / Low-Value,0.6575861087746037,0.17390319581748817
13104,2,0.7012956038872101,-1.6324480363105134,Regular / Growth,0.6575861087746037,0.17390319581748817
13106,0,-4.14017639081892,-0.8359335192551977,At-Risk / Low-Value,0.6575861087746037,0.17390319581748817
13107,2,1.1585757826125955,0.3062573313915918,Regular / Growth,0.6575861087746037,0.17390319581748817
13108,0,-1.5932378640364417,1.3735807217660074,At-Risk / Low-Value,0.6575861087746037,0.17390319581748817
13109,2,0.11507959179185162,0.595439443644374,Regular / Growth,0.6575861087746037,0.17390319581748817
13110,1,1.101472561553334,-0.8061544267371378,High-Value Loyal,0.6575861087746037,0.17390319581748817
13113,1,4.295636288341442,-1.2938122013935236,High-Value Loyal,0.6575861087746037,0.17390319581748817
13115,1,2.0143451614514096,0.22852356711303692,High-Value Loyal,0.6575861087746037,0.17390319581748817
13116,2,-0.7090175054716986,1.3013322568396468,Regular / Growth,0.6575861087746037,0.17390319581748817
13117,1,0.9939849193873159,-1.4736379070272982,High-Value Loyal,0.6575861087746037,0.17390319581748817
13118,2,0.8409612850636561,-0.699564405455464,Regular / Growth,0.6575861087746037,0.17390319581748817
13120,0,-5.1316313119158945,-1.6021332607491778,At-Risk / Low-Value,0.6575861087746037,0.17390319581748817
13121,2,-1.1927777812819884,0.920098063851768,Regular / Growth,0.6575861087746037,0.17390319581748817
13122,2,0.2772832404559706,0.9444787731195518,Regular / Growth,0.6575861087746037,0.17390319581748817
13124,1,2.3090105941560344,1.9442999476042377,High-Value Loyal,0.6575861087746037,0.17390319581748817
13126,1,2.4249152621352406,-1.1665068337324396,High-Value Loyal,0.6575861087746037,0.17390319581748817
13127,0,-1.6308036948944298,0.3206648508155624,At-Risk / Low-Value,0.6575861087746037,0.17390319581748817
13130,0,-3.8641206767427416,-1.1380605296910318,At-Risk / Low-Value,0.6575861087746037,0.17390319581748817
13131,2,0.4288375555044112,0.0024743406054802785,Regular / Growth,0.6575861087746037,0.17390319581748817
13132,0,-4.0060085211295124,-0.5768191059219254,At-Risk / Low-Value,0.6575861087746037,0.17390319581748817
13133,0,-3.369038361144815,-1.0639872662967327,At-Risk / Low-Value,0.6575861087746037,0.17390319581748817
13134,2,1.2584117426329797,0.6993131686898286,Regular / Growth,0.6575861087746037,0.17390319581748817
13135,2,0.6242833828778607,3.7942721302963602,Regular / Growth,0.6575861087746037,0.17390319581748817
13136,1,1.7556222065650036,0.6345845757733027,High-Value Loyal,0.6575861087746037,0.17390319581748817
13137,1,3.072795337917118,-0.3516632026743061,High-Value Loyal,0.6575861087746037,0.17390319581748817
13138,2,0.43573537446356353,-1.1063603352565698,Regular / Growth,0.6575861087746037,0.17390319581748817
13139,1,2.9388862126113087,0.41006092132873156,High-Value Loyal,0.6575861087746037,0.17390319581748817
13140,2,-0.8795340434802928,-0.47719825366171115,Regular / Growth,0.6575861087746037,0.17390319581748817
13141,1,1.7074329644661799,0.7119023038866724,High-Value Loyal,0.6575861087746037,0.17390319581748817
13142,2,-0.7825600486496472,-0.014723346663650994,Regular / Growth,0.6575861087746037,0.17390319581748817
13144,0,-3.757581641187079,-0.08870074035985565,At-Risk / Low-Value,0.6575861087746037,0.17390319581748817
13145,0,-1.1021371705298286,-0.7883358450546223,At-Risk / Low-Value,0.6575861087746037,0.17390319581748817
13146,0,-1.3909268444571121,-0.23680430589658139,At-Risk / Low-Value,0.6575861087746037,0.17390319581748817
13147,0,-1.0772347076639643,-1.116008635960111,At-Risk / Low-Value,0.6575861087746037,0.17390319581748817
13148,1,2.7484290573876597,-0.5389593755508474,High-Value Loyal,0.6575861087746037,0.17390319581748817
13149,1,1.6056571475355643,-0.06274195152166186,High-Value Loyal,0.6575861087746037,0.17390319581748817
13151,2,0.24328987702009383,2.579273559044417,Regular / Growth,0.6575861087746037,0.17390319581748817
13153,2,-0.14592518601000204,0.11666769236670811,Regular / Growth,0.6575861087746037,0.17390319581748817
13155,2,0.6028322409271627,-0.3946023528629303,Regular / Growth,0.6575861087746037,0.17390319581748817
13157,1,1.3609018729308648,0.4846430127017166,High-Value Loyal,0.6575861087746037,0.17390319581748817
13158,2,0.6432841874661882,0.3039377390855755,Regular / Growth,0.6575861087746037,0.17390319581748817
13159,1,1.6504312113350406,-0.43751893366241396,High-Value Loyal,0.6575861087746037,0.17390319581748817
13160,0,-2.8717598286776154,-1.3090391037901672,At-Risk / Low-Value,0.6575861087746037,0.17390319581748817
13161,0,-3.331274016573642,-0.11089436718042518,At-Risk / Low-Value,0.6575861087746037,0.17390319581748817
13162,2,1.2105913403024342,0.8303130634448849,Regular / Growth,0.6575861087746037,0.17390319581748817
13165,2,0.7152761281477971,0.8590732960328185,Regular / Growth,0.6575861087746037,0.17390319581748817
13166,2,-1.0352598108549547,1.3552088862336504,Regular / Growth,0.6575861087746037,0.17390319581748817
13167,2,0.6240332531833875,-0.7775074829939681,Regular / Growth,0.6575861087746037,0.17390319581748817
13168,2,1.069546594916358,-0.04172812308583084,Regular / Growth,0.6575861087746037,0.17390319581748817
13169,2,-0.6533178086340671,0.5224145529416311,Regular / Growth,0.6575861087746037,0.17390319581748817
13170,0,-1.821555118625556,-1.0580925398077357,At-Risk / Low-Value,0.6575861087746037,0.17390319581748817
13171,2,-0.3860442246382284,-0.9777504067498899,Regular / Growth,0.6575861087746037,0.17390319581748817
13173,2,-0.15996327477757122,-1.3415206327283784,Regular / Growth,0.6575861087746037,0.17390319581748817
13174,1,2.367165802384729,0.8698008517869286,High-Value Loyal,0.6575861087746037,0.17390319581748817
13176,2,-0.061114023982977876,0.8146129733246701,Regular / Growth,0.6575861087746037,0.17390319581748817
13177,0,-1.5919782981154413,0.30447068888545736,At-Risk / Low-Value,0.6575861087746037,0.17390319581748817
13178,1,3.0058083276689813,0.12114201860172336,High-Value Loyal,0.6575861087746037,0.17390319581748817
13182,0,-2.058489203354421,-0.6614610875863939,At-Risk / Low-Value,0.6575861087746037,0.17390319581748817
13183,1,2.550845109868468,-0.4416164113946923,High-Value Loyal,0.6575861087746037,0.17390319581748817
13184,1,1.9905651856362054,-1.3679423747471973,High-Value Loyal,0.6575861087746037,0.17390319581748817
13185,0,-4.489955755062679,-0.6592633551252451,At-Risk / Low-Value,0.6575861087746037,0.17390319581748817
13186,2,1.1155405471260067,0.6471036169076594,Regular / Growth,0.6575861087746037,0.17390319581748817
13187,0,-1.8353794930319833,0.7421633285620224,At-Risk / Low-Value,0.6575861087746037,0.17390319581748817
13188,0,-2.9983939192631546,-1.380371472792583,At-Risk / Low-Value,0.6575861087746037,0.17390319581748817
13189,2,-0.4648473531915181,-0.9876900050115136,Regular / Growth,0.6575861087746037,0.17390319581748817
13192,2,0.2906146787609299,0.9352175441024123,Regular / Growth,0.6575861087746037,0.17390319581748817
13193,0,-2.4633438926503954,-0.7871589175934545,At-Risk / Low-Value,0.6575861087746037,0.17390319581748817
13194,0,-3.9581649516396973,-1.0779064946604042,At-Risk / Low-Value,0.6575861087746037,0.17390319581748817
13196,1,1.785440651127305,-0.0945380983689391,High-Value Loyal,0.6575861087746037,0.17390319581748817
13198,1,2.8798209969533217,0.012260177448297329,High-Value Loyal,0.6575861087746037,0.17390319581748817
13199,1,3.9875611233871364,-1.7507415877106458,High-Value Loyal,0.6575861087746037,0.17390319581748817
13200,2,0.4865703354885142,-0.70291625528773,Regular / Growth,0.6575861087746037,0.17390319581748817
13203,2,0.8792036320925992,-0.9229582234885048,Regular / Growth,0.6575861087746037,0.17390319581748817
13207,0,-1.5665409520625595,-1.2201830244203793,At-Risk / Low-Value,0.6575861087746037,0.17390319581748817
13208,1,1.0732390898092588,-0.4856654872750565,High-Value Loyal,0.6575861087746037,0.17390319581748817
13209,1,3.3665580012751413,0.6402449209369883,High-Value Loyal,0.6575861087746037,0.17390319581748817
13210,2,-0.9793633515921853,0.7924214025080311,Regular / Growth,0.6575861087746037,0.17390319581748817
13211,2,0.985843104370919,-0.25846812593640967,Regular / Growth,0.6575861087746037,0.17390319581748817
13212,2,0.5946762815203629,-0.4932150931943511,Regular / Growth,0.6575861087746037,0.17390319581748817
13213,1,1.2771664507583793,0.06899514928941013,High-Value Loyal,0.6575861087746037,0.17390319581748817
13216,0,-1.7733696203532965,1.2187975481861821,At-Risk / Low-Value,0.6575861087746037,0.17390319581748817
13217,0,-1.4355127916761274,-0.024909682186841354,At-Risk / Low-Value,0.6575861087746037,0.17390319581748817
13218,0,-3.357488908825758,-0.9867008937569666,At-Risk / Low-Value,0.6575861087746037,0.17390319581748817
13220,2,-0.5117693592818612,-0.2514366075054759,Regular / Growth,0.6575861087746037,0.17390319581748817
13221,2,-0.2628880503559283,1.1477376029704074,Regular / Growth,0.6575861087746037,0.17390319581748817
13223,0,-2.738612287476718,-0.6659174671735302,At-Risk / Low-Value,0.6575861087746037,0.17390319581748817
13224,2,1.6172956605516293,1.7335790659622885,Regular / Growth,0.6575861087746037,0.17390319581748817
13225,1,2.9779172588600424,0.20262238101300684,High-Value Loyal,0.6575861087746037,0.17390319581748817
13226,0,-2.7588787897153204,-0.1547709244012325,At-Risk / Low-Value,0.6575861087746037,0.17390319581748817
13227,0,-2.110850586466362,0.7015994019675025,At-Risk / Low-Value,0.6575861087746037,0.17390319581748817
13228,0,-1.8245787267591276,0.810804541954048,At-Risk / Low-Value,0.6575861087746037,0.17390319581748817
13229,0,-2.635339385348957,0.19600880653499145,At-Risk / Low-Value,0.6575861087746037,0.17390319581748817
13230,1,3.0849275737322466,-1.8534951298059554,High-Value Loyal,0.6575861087746037,0.17390319581748817
13232,1,1.5488746003496001,-1.2198143322710098,High-Value Loyal,0.6575861087746037,0.17390319581748817
13233,2,0.10060837041282442,0.4531492969840611,Regular / Growth,0.6575861087746037,0.17390319581748817
13235,2,0.11519351301599483,2.2625698895923825,Regular / Growth,0.6575861087746037,0.17390319581748817
13236,2,0.12808639184689002,0.17858141608809974,Regular / Growth,0.6575861087746037,0.17390319581748817
13238,2,-0.11029560780931276,-0.9906171822227201,Regular / Growth,0.6575861087746037,0.17390319581748817
13239,2,-1.278186206570838,1.1373878208371837,Regular / Growth,0.6575861087746037,0.17390319581748817
13240,2,-0.17114350071041692,-0.41664805134761734,Regular / Growth,0.6575861087746037,0.17390319581748817
13242,0,-1.7798608701589653,-0.912863125454892,At-Risk / Low-Value,0.6575861087746037,0.17390319581748817
13243,2,-0.5337363775957076,1.5733215476374314,Regular / Growth,0.6575861087746037,0.17390319581748817
13244,0,-2.4888024487407585,-0.555674007193275,At-Risk / Low-Value,0.6575861087746037,0.17390319581748817
13245,2,-1.1087115492292137,0.6926295113579628,Regular / Growth,0.6575861087746037,0.17390319581748817
13246,1,1.919576700147097,-0.37395295881881435,High-Value Loyal,0.6575861087746037,0.17390319581748817
13247,2,-0.3948388638593814,-1.3151284567066315,Regular / Growth,0.6575861087746037,0.17390319581748817
13248,2,-0.8332790508751478,0.30360334035198044,Regular / Growth,0.6575861087746037,0.17390319581748817
13249,2,-0.27289310287010665,0.14706343622760257,Regular / Growth,0.6575861087746037,0.17390319581748817
13253,2,0.4379347512263769,1.3813785450389078,Regular / Growth,0.6575861087746037,0.17390319581748817
13255,2,-0.7737673309749907,-0.9107107456905553,Regular / Growth,0.6575861087746037,0.17390319581748817
13258,2,0.013327639624616215,-0.7882786741401991,Regular / Growth,0.6575861087746037,0.17390319581748817
13259,2,-0.9403349020062869,0.2412232462522597,Regular / Growth,0.6575861087746037,0.17390319581748817
13260,2,-1.1262397478770112,1.087683405177565,Regular / Growth,0.6575861087746037,0.17390319581748817
13261,2,-0.9534112696822943,1.3979290858685425,Regular / Growth,0.6575861087746037,0.17390319581748817
13262,0,-2.2289121807315246,0.5486156892111431,At-Risk / Low-Value,0.6575861087746037,0.17390319581748817
13263,1,4.671493854706728,-2.4376317842591932,High-Value Loyal,0.6575861087746037,0.17390319581748817
13265,1,1.5594765498407392,0.41728855428418693,High-Value Loyal,0.6575861087746037,0.17390319581748817
13266,1,2.9080216659315252,-0.743623259858962,High-Value Loyal,0.6575861087746037,0.17390319581748817
13267,1,3.113743455711435,-1.7715190600627333,High-Value Loyal,0.6575861087746037,0.17390319581748817
13268,1,2.973697177774967,-0.7079836446727376,High-Value Loyal,0.6575861087746037,0.17390319581748817
13269,1,3.8222938053161553,-1.5067190751979835,High-Value Loyal,0.6575861087746037,0.17390319581748817
13270,0,-1.9191710180192298,1.9817483081522802,At-Risk / Low-Value,0.6575861087746037,0.17390319581748817
13271,2,-0.824835840569538,-0.2233737025291774,Regular / Growth,0.6575861087746037,0.17390319581748817
13272,0,-1.504046932220584,-0.8929563751137601,At-Risk / Low-Value,0.6575861087746037,0.17390319581748817
13273,0,-2.130384633953023,-0.18660781992943112,At-Risk / Low-Value,0.6575861087746037,0.17390319581748817
13276,2,-0.6444943667556887,0.22452681391339538,Regular / Growth,0.6575861087746037,0.17390319581748817
13277,0,-1.5282519611609753,-2.064935640739819,At-Risk / Low-Value,0.6575861087746037,0.17390319581748817
13278,2,-0.003018990740745291,0.9324133579607105,Regular / Growth,0.6575861087746037,0.17390319581748817
13279,0,-2.4967277327615762,-0.3836173615249004,At-Risk / Low-Value,0.6575861087746037,0.17390319581748817
13280,2,0.14159308532698475,0.32236470064851985,Regular / Growth,0.6575861087746037,0.17390319581748817
13282,2,0.38459624225176176,-0.06694174965491363,Regular / Growth,0.6575861087746037,0.17390319581748817
13283,0,-2.790598578565712,-1.7562226485051047,At-Risk / Low-Value,0.6575861087746037,0.17390319581748817
13284,0,-2.3327902972136068,0.6108551310796786,At-Risk / Low-Value,0.6575861087746037,0.17390319581748817
13285,1,2.3040842870122376,0.6520109420144019,High-Value Loyal,0.6575861087746037,0.17390319581748817
13291,2,-0.9688918017735073,0.9620489226427483,Regular / Growth,0.6575861087746037,0.17390319581748817
13292,2,-0.29361713398842876,0.07439121065623383,Regular / Growth,0.6575861087746037,0.17390319581748817
13294,2,-0.05993107738321613,1.1539657204431553,Regular / Growth,0.6575861087746037,0.17390319581748817
13295,0,-2.4747297889098414,0.648337926817952,At-Risk / Low-Value,0.6575861087746037,0.17390319581748817
13296,0,-3.151541279848497,-0.611351873268311,At-Risk / Low-Value,0.6575861087746037,0.17390319581748817
13297,1,1.6699923728193224,-0.038964422671600926,High-Value Loyal,0.6575861087746037,0.17390319581748817
13298,0,-1.2037459170073745,-0.7622410151387362,At-Risk / Low-Value,0.6575861087746037,0.17390319581748817
13299,0,-3.2420235937064867,0.10112680264447857,At-Risk / Low-Value,0.6575861087746037,0.17390319581748817
13300,2,-1.2604953392938618,1.0498027151647613,Regular / Growth,0.6575861087746037,0.17390319581748817
13301,2,-0.11119743467357511,-0.45999445839326447,Regular / Growth,0.6575861087746037,0.17390319581748817
13302,0,-4.720901626744282,-1.0711179006846279,At-Risk / Low-Value,0.6575861087746037,0.17390319581748817
13304,0,-1.5307302347113834,1.1282116855567887,At-Risk / Low-Value,0.6575861087746037,0.17390319581748817
13305,1,1.9445826371478647,-1.6218658949464924,High-Value Loyal,0.6575861087746037,0.17390319581748817
13307,0,-5.851754162000634,-2.7024139482831484,At-Risk / Low-Value,0.6575861087746037,0.17390319581748817
13308,2,1.0259726687748125,0.30968672093045346,Regular / Growth,0.6575861087746037,0.17390319581748817
13309,1,1.7504605318331647,-0.773560701641146,High-Value Loyal,0.6575861087746037,0.17390319581748817
13310,2,0.7932779051501391,0.12226898306953937,Regular / Growth,0.6575861087746037,0.17390319581748817
13311,2,0.12392293107923825,-0.7415537582235189,Regular / Growth,0.6575861087746037,0.17390319581748817
13313,1,1.152513614381232,-0.2972289650870958,High-Value Loyal,0.6575861087746037,0.17390319581748817
13314,2,0.9451957137248534,-1.2055359703622461,Regular / Growth,0.6575861087746037,0.17390319581748817
13316,1,2.8351615445323284,1.7815163505326532,High-Value Loyal,0.6575861087746037,0.17390319581748817
13317,1,1.5612000290634682,0.2659051381112236,High-Value Loyal,0.6575861087746037,0.17390319581748817
13318,2,0.20143866979567454,-1.5632437948863231,Regular / Growth,0.6575861087746037,0.17390319581748817
13319,1,4.387981593046935,-1.0982007532023161,High-Value Loyal,0.6575861087746037,0.17390319581748817
13320,2,1.0921117150034223,0.5025031477480629,Regular / Growth,0.6575861087746037,0.17390319581748817
13321,2,-0.787008572396819,0.3559548400448935,Regular / Growth,0.6575861087746037,0.17390319581748817
13322,0,-1.3485103197293382,-0.5965104722325862,At-Risk / Low-Value,0.6575861087746037,0.17390319581748817
13323,2,-0.2239735577064136,-1.783804630352855,Regular / Growth,0.6575861087746037,0.17390319581748817
13324,1,2.7560561131568315,0.7266793146081624,High-Value Loyal,0.6575861087746037,0.17390319581748817
13325,2,-0.7270836116199582,1.4408498026351704,Regular / Growth,0.6575861087746037,0.17390319581748817
13327,1,2.136028121858322,0.1970181766369651,High-Value Loyal,0.6575861087746037,0.17390319581748817
13328,2,-0.03051700807230603,2.7774376164640495,Regular / Growth,0.6575861087746037,0.17390319581748817
13329,2,-0.1037159885500486,0.38475657388196643,Regular / Growth,0.6575861087746037,0.17390319581748817
13330,2,0.4113874736261205,0.6606727493082392,Regular / Growth,0.6575861087746037,0.17390319581748817
13332,2,-0.765624534356237,-0.01622394205963674,Regular / Growth,0.6575861087746037,0.17390319581748817
13334,1,2.2506610715845135,1.8090106289898702,High-Value Loyal,0.6575861087746037,0.17390319581748817
13336,2,0.20969953915350872,1.595404603912733,Regular / Growth,0.6575861087746037,0.17390319581748817
13338,2,-0.965243751750679,1.3365741213811335,Regular / Growth,0.6575861087746037,0.17390319581748817
13339,2,-0.11642885612088903,2.0173298000373836,Regular / Growth,0.6575861087746037,0.17390319581748817
13340,1,3.601144564138505,1.7063816585165035,High-Value Loyal,0.6575861087746037,0.17390319581748817
13341,2,-0.37637079208494495,2.017649532125886,Regular / Growth,0.6575861087746037,0.17390319581748817
13343,0,-1.471815082899243,0.9822937587233851,At-Risk / Low-Value,0.6575861087746037,0.17390319581748817
13344,1,1.6023026574284558,1.3497856189123139,High-Value Loyal,0.6575861087746037,0.17390319581748817
13345,2,-1.4733057301679522,1.2837175472708944,Regular / Growth,0.6575861087746037,0.17390319581748817
13347,0,-1.4259464909923376,0.6461503166529935,At-Risk / Low-Value,0.6575861087746037,0.17390319581748817
13348,0,-1.6675851187964001,0.13941972676024958,At-Risk / Low-Value,0.6575861087746037,0.17390319581748817
13349,2,-1.008050576360574,-0.45050347911191035,Regular / Growth,0.6575861087746037,0.17390319581748817
13350,2,0.3390777244179974,0.2644824875836637,Regular / Growth,0.6575861087746037,0.17390319581748817
13351,2,-1.3040917559179281,0.6382022680384195,Regular / Growth,0.6575861087746037,0.17390319581748817
13352,2,-0.7449310747109084,0.736750579237771,Regular / Growth,0.6575861087746037,0.17390319581748817
13354,2,0.2012613531881482,1.4972288494039456,Regular / Growth,0.6575861087746037,0.17390319581748817
13355,2,-0.3922690818501445,1.5759780424673195,Regular / Growth,0.6575861087746037,0.17390319581748817
13356,2,-0.08295092263536667,1.5352194329075415,Regular / Growth,0.6575861087746037,0.17390319581748817
13357,2,-0.2959131039297665,1.7205450622808032,Regular / Growth,0.6575861087746037,0.17390319581748817
13358,2,-0.9898804272590767,1.4291171298458127,Regular / Growth,0.6575861087746037,0.17390319581748817
13359,2,-0.933062448784439,0.8106609604169814,Regular / Growth,0.6575861087746037,0.17390319581748817
13362,1,2.4053395407751075,0.4126691530200601,High-Value Loyal,0.6575861087746037,0.17390319581748817
13363,2,0.7312480769795643,0.3916338485860756,Regular / Growth,0.6575861087746037,0.17390319581748817
13364,0,-2.466660278851235,-0.4507800459951248,At-Risk / Low-Value,0.6575861087746037,0.17390319581748817
13365,1,1.7718930477701207,1.514111342387536,High-Value Loyal,0.6575861087746037,0.17390319581748817
13366,0,-3.4538167031029596,-1.3776361164906963,At-Risk / Low-Value,0.6575861087746037,0.17390319581748817
13368,2,-0.691042993092058,0.9088601874002197,Regular / Growth,0.6575861087746037,0.17390319581748817
13369,0,-1.8190673230532988,1.1513076715633093,At-Risk / Low-Value,0.6575861087746037,0.17390319581748817
13370,2,-0.4618999929070721,2.1474208953770955,Regular / Growth,0.6575861087746037,0.17390319581748817
13372,2,-1.1361239385334398,0.7858291888450053,Regular / Growth,0.6575861087746037,0.17390319581748817
13373,1,2.0983913401288397,1.6458679012343098,High-Value Loyal,0.6575861087746037,0.17390319581748817
13375,2,-0.03470140789004398,1.6264579036362274,Regular / Growth,0.6575861087746037,0.17390319581748817
13376,2,0.229286751670364,0.5174565300500177,Regular / Growth,0.6575861087746037,0.17390319581748817
13379,2,0.3651285989162708,-0.6528645818916813,Regular / Growth,0.6575861087746037,0.17390319581748817
13381,1,2.2464718328248368,0.5581556527377934,High-Value Loyal,0.6575861087746037,0.17390319581748817
13382,0,-2.0387127279054433,0.6803122607645188,At-Risk / Low-Value,0.6575861087746037,0.17390319581748817
13384,1,2.605112275792478,0.45684844844402284,High-Value Loyal,0.6575861087746037,0.17390319581748817
13385,2,-0.8185527073285246,1.7139241996288705,Regular / Growth,0.6575861087746037,0.17390319581748817
13388,2,-0.4534443201762233,0.7021199438750285,Regular / Growth,0.6575861087746037,0.17390319581748817
13389,2,0.5172374834578135,-0.6290687254416826,Regular / Growth,0.6575861087746037,0.17390319581748817
13390,2,-0.8775902388728269,1.1617499156425872,Regular / Growth,0.6575861087746037,0.17390319581748817
13391,0,-4.898896345490043,-1.0440689319393657,At-Risk / Low-Value,0.6575861087746037,0.17390319581748817
13394,1,2.7721643931611335,-1.2426080601840974,High-Value Loyal,0.6575861087746037,0.17390319581748817
13395,2,-1.242801185885223,0.9246657886922639,Regular / Growth,0.6575861087746037,0.17390319581748817
13396,2,0.7806650454665491,0.9093730587882174,Regular / Growth,0.6575861087746037,0.17390319581748817
13397,2,0.455512555122939,0.13668888660859072,Regular / Growth,0.6575861087746037,0.17390319581748817
13398,2,-0.921157459788915,1.3405061337027804,Regular / Growth,0.6575861087746037,0.17390319581748817
13402,2,-0.3633146812359151,0.6483645781587134,Regular / Growth,0.6575861087746037,0.17390319581748817
13403,0,-3.150279017681326,-1.6124113266380484,At-Risk / Low-Value,0.6575861087746037,0.17390319581748817
13404,0,-0.9813993801656966,-2.093414799446137,At-Risk / Low-Value,0.6575861087746037,0.17390319581748817
13405,2,-0.7512144347134986,-0.2895970731394055,Regular / Growth,0.6575861087746037,0.17390319581748817
13408,1,5.942151741471014,-1.5573980263193152,High-Value Loyal,0.6575861087746037,0.17390319581748817
13410,2,0.213498049332476,-0.7231454184514946,Regular / Growth,0.6575861087746037,0.17390319581748817
13411,0,-2.012107463966059,0.18351785837852386,At-Risk / Low-Value,0.6575861087746037,0.17390319581748817
13414,2,0.5774879270273423,1.1113733239791856,Regular / Growth,0.6575861087746037,0.17390319581748817
13416,2,-0.7921831594614303,0.3142324115641163,Regular / Growth,0.6575861087746037,0.17390319581748817
13417,2,-0.06902480727431698,-0.6518200742679793,Regular / Growth,0.6575861087746037,0.17390319581748817
13418,1,3.643908791382792,-0.8692043466612631,High-Value Loyal,0.6575861087746037,0.17390319581748817
13419,0,-1.424264572314593,0.13529704531358083,At-Risk / Low-Value,0.6575861087746037,0.17390319581748817
13420,0,-2.49523071103496,-0.8135017627328811,At-Risk / Low-Value,0.6575861087746037,0.17390319581748817
13421,2,1.427885733447335,1.3773081012354016,Regular / Growth,0.6575861087746037,0.17390319581748817
13422,2,1.8380902147529152,2.842355661804782,Regular / Growth,0.6575861087746037,0.17390319581748817
13425,2,1.0042989760731067,1.1086353306942305,Regular / Growth,0.6575861087746037,0.17390319581748817
13426,1,3.104975664126185,-1.3335944657495504,High-Value Loyal,0.6575861087746037,0.17390319581748817
13427,2,-0.014271786418163212,-0.7033694650956767,Regular / Growth,0.6575861087746037,0.17390319581748817
13428,2,-0.7752467853766638,-0.8143230145096463,Regular / Growth,0.6575861087746037,0.17390319581748817
13429,1,1.1620255274457052,-0.679385996138372,High-Value Loyal,0.6575861087746037,0.17390319581748817
13430,2,0.44117742690053785,0.007717052972720026,Regular / Growth,0.6575861087746037,0.17390319581748817
13431,2,0.5884284785437586,1.175277069624047,Regular / Growth,0.6575861087746037,0.17390319581748817
13434,2,-0.9503984784439768,0.2879613216479928,Regular / Growth,0.6575861087746037,0.17390319581748817
13435,1,2.6724277608028273,-0.29964001098684173,High-Value Loyal,0.6575861087746037,0.17390319581748817
13436,0,-1.3367609071095097,-1.3433249872495288,At-Risk / Low-Value,0.6575861087746037,0.17390319581748817
13437,1,2.456713457522722,-0.12954690903293822,High-Value Loyal,0.6575861087746037,0.17390319581748817
13439,2,-1.1672487941971852,0.8908120277257326,Regular / Growth,0.6575861087746037,0.17390319581748817
13441,0,-1.444958492084794,0.581575467500533,At-Risk / Low-Value,0.6575861087746037,0.17390319581748817
13447,2,0.7747246726660953,0.050395766717401494,Regular / Growth,0.6575861087746037,0.17390319581748817
13448,1,2.4976503618198906,0.23149503899390284,High-Value Loyal,0.6575861087746037,0.17390319581748817
13449,2,-0.9930708560967213,0.017592093410424066,Regular / Growth,0.6575861087746037,0.17390319581748817
13450,1,1.5032259588848467,-0.08905414370433072,High-Value Loyal,0.6575861087746037,0.17390319581748817
13451,1,2.61099452459471,0.42389535547652724,High-Value Loyal,0.6575861087746037,0.17390319581748817
13452,0,-3.339891729725534,0.5739204907239349,At-Risk / Low-Value,0.6575861087746037,0.17390319581748817
13453,0,-1.549488853820921,0.08136042975778755,At-Risk / Low-Value,0.6575861087746037,0.17390319581748817
13455,2,0.4288522986708244,0.5325622276036255,Regular / Growth,0.6575861087746037,0.17390319581748817
13456,1,1.249876778211528,-0.5038974890992377,High-Value Loyal,0.6575861087746037,0.17390319581748817
13458,1,4.230738154195768,-0.17756055766433235,High-Value Loyal,0.6575861087746037,0.17390319581748817
13460,0,-1.419255254156356,-1.2657929384954913,At-Risk / Low-Value,0.6575861087746037,0.17390319581748817
13461,2,0.6214435202043218,0.6547865253608388,Regular / Growth,0.6575861087746037,0.17390319581748817
13462,0,-2.749824738349245,0.18034780436188957,At-Risk / Low-Value,0.6575861087746037,0.17390319581748817
13464,2,-0.04728252169683723,1.286151606464548,Regular / Growth,0.6575861087746037,0.17390319581748817
13466,2,-1.4032225492770278,0.9103344819669019,Regular / Growth,0.6575861087746037,0.17390319581748817
13467,2,1.0564833947928858,0.23682931351018963,Regular / Growth,0.6575861087746037,0.17390319581748817
13468,1,3.841368316450467,-2.649384920948904,High-Value Loyal,0.6575861087746037,0.17390319581748817
13470,0,-2.4191609064473276,-0.9424212717272047,At-Risk / Low-Value,0.6575861087746037,0.17390319581748817
13471,1,2.842457680177638,-0.4860676822944702,High-Value Loyal,0.6575861087746037,0.17390319581748817
13473,2,-0.8525341720638816,-0.09345360311818435,Regular / Growth,0.6575861087746037,0.17390319581748817
13474,0,-1.5147763258312823,0.5581519426783592,At-Risk / Low-Value,0.6575861087746037,0.17390319581748817
13475,2,0.7396940062890127,0.7945976324666602,Regular / Growth,0.6575861087746037,0.17390319581748817
13476,2,0.2604240608009075,1.491077968574067,Regular / Growth,0.6575861087746037,0.17390319581748817
13477,1,1.1245033196554706,-0.4087472529249057,High-Value Loyal,0.6575861087746037,0.17390319581748817
13479,0,-1.7760033411856488,-0.01813009988927276,At-Risk / Low-Value,0.6575861087746037,0.17390319581748817
13481,1,1.4668926893407541,0.1431873939152012,High-Value Loyal,0.6575861087746037,0.17390319581748817
13482,0,-2.2906542347352423,0.40356883172039715,At-Risk / Low-Value,0.6575861087746037,0.17390319581748817
13483,0,-2.139106701696175,-0.36637917539553644,At-Risk / Low-Value,0.6575861087746037,0.17390319581748817
13484,0,-2.3088595288563196,0.9196678865345684,At-Risk / Low-Value,0.6575861087746037,0.17390319581748817
13485,2,-1.0189932765970653,1.4165219748552809,Regular / Growth,0.6575861087746037,0.17390319581748817
13486,2,0.6182759004126672,0.5302544195859238,Regular / Growth,0.6575861087746037,0.17390319581748817
13487,2,-0.5136425591795682,-0.34178903512938963,Regular / Growth,0.6575861087746037,0.17390319581748817
13488,1,3.9426230993595097,0.16067637494197365,High-Value Loyal,0.6575861087746037,0.17390319581748817
13489,0,-0.8641633731796016,-0.6594961193648403,At-Risk / Low-Value,0.6575861087746037,0.17390319581748817
13491,1,1.0177187028816617,-1.241741928076082,High-Value Loyal,0.6575861087746037,0.17390319581748817
13492,2,0.20723086772266222,0.8740522504681736,Regular / Growth,0.6575861087746037,0.17390319581748817
13493,2,-1.1837683149261575,1.016688718416137,Regular / Growth,0.6575861087746037,0.17390319581748817
13494,0,-1.647496813680345,1.1091512365249787,At-Risk / Low-Value,0.6575861087746037,0.17390319581748817
13495,1,1.469852301895425,-0.37065685989170943,High-Value Loyal,0.6575861087746037,0.17390319581748817
13496,2,0.06722748872142721,-0.2859803868342472,Regular / Growth,0.6575861087746037,0.17390319581748817
13497,0,-1.5681802522436745,0.27955664800294205,At-Risk / Low-Value,0.6575861087746037,0.17390319581748817
13499,2,0.9789914094390161,-0.6288711504174253,Regular / Growth,0.6575861087746037,0.17390319581748817
13500,2,0.8463586694290369,0.08506564838626171,Regular / Growth,0.6575861087746037,0.17390319581748817
13501,2,0.3311233536356979,2.6925772487146706,Regular / Growth,0.6575861087746037,0.17390319581748817
13502,0,-0.9267874061362598,-1.533533124331727,At-Risk / Low-Value,0.6575861087746037,0.17390319581748817
13503,0,-1.478851793973756,0.1441631200116378,At-Risk / Low-Value,0.6575861087746037,0.17390319581748817
13504,2,-1.2317886087095717,0.3951787252616795,Regular / Growth,0.6575861087746037,0.17390319581748817
13505,1,2.549543438297631,1.642881830648558,High-Value Loyal,0.6575861087746037,0.17390319581748817
13506,2,-1.0272384865750919,0.6665016794682074,Regular / Growth,0.6575861087746037,0.17390319581748817
13507,1,2.5393381723021156,-0.19285207776268973,High-Value Loyal,0.6575861087746037,0.17390319581748817
13508,0,-3.2171129284495574,-0.26439216396495174,At-Risk / Low-Value,0.6575861087746037,0.17390319581748817
13509,1,0.9092416433665139,-1.566301094490127,High-Value Loyal,0.6575861087746037,0.17390319581748817
13510,1,2.202451310571819,-0.8115589574395191,High-Value Loyal,0.6575861087746037,0.17390319581748817
13512,0,-1.8956160075322421,0.7863769485289945,At-Risk / Low-Value,0.6575861087746037,0.17390319581748817
13513,0,-2.1188158933608,0.27138440213634374,At-Risk / Low-Value,0.6575861087746037,0.17390319581748817
13514,0,-2.858714582450558,-0.31452127088058685,At-Risk / Low-Value,0.6575861087746037,0.17390319581748817
13515,2,0.3569590699308992,-0.12789643713500531,Regular / Growth,0.6575861087746037,0.17390319581748817
13516,2,1.0566776781010965,0.2977261314201684,Regular / Growth,0.6575861087746037,0.17390319581748817
13517,1,1.6535085346341685,1.1488394940389108,High-Value Loyal,0.6575861087746037,0.17390319581748817
13518,2,-0.2610566562820997,1.3674406800200847,Regular / Growth,0.6575861087746037,0.17390319581748817
13519,0,-3.0177823125513417,-0.6023147672181034,At-Risk / Low-Value,0.6575861087746037,0.17390319581748817
13520,1,1.8714985845613867,0.8019575876543056,High-Value Loyal,0.6575861087746037,0.17390319581748817
13521,1,2.005364129317511,-1.0897487623722157,High-Value Loyal,0.6575861087746037,0.17390319581748817
13522,0,-2.7065534348841824,-0.8803455393458302,At-Risk / Low-Value,0.6575861087746037,0.17390319581748817
13523,1,2.4929696124761866,0.8747396676160101,High-Value Loyal,0.6575861087746037,0.17390319581748817
13524,2,-0.340165257993024,-0.9771480326061162,Regular / Growth,0.6575861087746037,0.17390319581748817
13525,2,-0.5468619717477969,-0.11565870745740874,Regular / Growth,0.6575861087746037,0.17390319581748817
13527,1,2.0396631599976,-0.21493580053019437,High-Value Loyal,0.6575861087746037,0.17390319581748817
13529,0,-1.7221292588479586,-0.4274942382971161,At-Risk / Low-Value,0.6575861087746037,0.17390319581748817
13531,0,-1.2438009211784582,0.514306147005855,At-Risk / Low-Value,0.6575861087746037,0.17390319581748817
13532,2,-1.0880991302369623,-0.30881705930393255,Regular / Growth,0.6575861087746037,0.17390319581748817
13533,0,-1.1846281327173778,-0.76098735307841,At-Risk / Low-Value,0.6575861087746037,0.17390319581748817
13534,1,3.6862698500758464,-1.996590188147754,High-Value Loyal,0.6575861087746037,0.17390319581748817
13536,1,2.9512449670210423,-0.8714072299872739,High-Value Loyal,0.6575861087746037,0.17390319581748817
13538,2,-0.19644534188204862,-0.7898281462516388,Regular / Growth,0.6575861087746037,0.17390319581748817
13539,2,-0.361413912296226,-0.0817049207014745,Regular / Growth,0.6575861087746037,0.17390319581748817
13544,2,-0.9460909962980686,-0.8614793161079273,Regular / Growth,0.6575861087746037,0.17390319581748817
13546,2,0.36226568169183165,-0.9011858285870271,Regular / Growth,0.6575861087746037,0.17390319581748817
13548,2,0.18800046925905795,0.5568990150443679,Regular / Growth,0.6575861087746037,0.17390319581748817
13549,2,0.42869198693636634,-1.325317985248839,Regular / Growth,0.6575861087746037,0.17390319581748817
13551,0,-4.001315778334344,-0.3674650899967311,At-Risk / Low-Value,0.6575861087746037,0.17390319581748817
13552,1,2.0899560367848338,-0.17086357469870764,High-Value Loyal,0.6575861087746037,0.17390319581748817
13555,1,2.385175610945406,1.5966444065705412,High-Value Loyal,0.6575861087746037,0.17390319581748817
13557,2,-0.031044841472341492,-0.010227039344448964,Regular / Growth,0.6575861087746037,0.17390319581748817
13558,2,0.6602929130343135,-1.6330122509861913,Regular / Growth,0.6575861087746037,0.17390319581748817
13560,0,-1.4070196943052249,-1.1570611562202795,At-Risk / Low-Value,0.6575861087746037,0.17390319581748817
13561,0,-2.520074716111297,0.05025493418068571,At-Risk / Low-Value,0.6575861087746037,0.17390319581748817
13562,2,0.9157320272149198,1.0870238696606795,Regular / Growth,0.6575861087746037,0.17390319581748817
13563,2,-0.22472292775715247,0.6282105254089742,Regular / Growth,0.6575861087746037,0.17390319581748817
13564,2,0.7992048496214237,1.2375905189736924,Regular / Growth,0.6575861087746037,0.17390319581748817
13565,0,-1.014731178339448,-1.226101830212644,At-Risk / Low-Value,0.6575861087746037,0.17390319581748817
13566,2,0.7207512626633812,0.4829565811633175,Regular / Growth,0.6575861087746037,0.17390319581748817
13568,0,-1.9554522347364358,0.18396249961415526,At-Risk / Low-Value,0.6575861087746037,0.17390319581748817
13569,2,-0.4896148206504401,-0.94622894933692,Regular / Growth,0.6575861087746037,0.17390319581748817
13570,0,-1.6753944080889644,0.6874809841674381,At-Risk / Low-Value,0.6575861087746037,0.17390319581748817
13571,1,2.2939140767121167,-1.4505867113350983,High-Value Loyal,0.6575861087746037,0.17390319581748817
13572,2,0.24855441230618508,2.6116296543572943,Regular / Growth,0.6575861087746037,0.17390319581748817
13573,2,-1.0186111708073926,-0.5725058395608303,Regular / Growth,0.6575861087746037,0.17390319581748817
13575,2,0.2672103749386569,-1.141113522270612,Regular / Growth,0.6575861087746037,0.17390319581748817
13576,1,3.246375949470803,-0.8192981582842096,High-Value Loyal,0.6575861087746037,0.17390319581748817
13577,1,1.2376305035720745,0.13723038913487684,High-Value Loyal,0.6575861087746037,0.17390319581748817
13579,2,-0.6321576043976701,-0.569911016942133,Regular / Growth,0.6575861087746037,0.17390319581748817
13581,0,-3.208426555579734,-0.07478887390778438,At-Risk / Low-Value,0.6575861087746037,0.17390319581748817
13583,2,0.1352433384850689,1.8825130157043535,Regular / Growth,0.6575861087746037,0.17390319581748817
13584,0,-2.690937915563179,0.09994099159772253,At-Risk / Low-Value,0.6575861087746037,0.17390319581748817
13587,2,-0.858304525543282,1.392400433012408,Regular / Growth,0.6575861087746037,0.17390319581748817
13588,1,2.417563502552563,-0.7202241729088209,High-Value Loyal,0.6575861087746037,0.17390319581748817
13589,2,-0.9140607474634211,-0.8362891908531236,Regular / Growth,0.6575861087746037,0.17390319581748817
13590,1,1.927795744728884,-0.513472959189251,High-Value Loyal,0.6575861087746037,0.17390319581748817
13591,2,0.47129030008538175,0.43384773127073556,Regular / Growth,0.6575861087746037,0.17390319581748817
13592,0,-1.6455754974114334,-1.9079599938971243,At-Risk / Low-Value,0.6575861087746037,0.17390319581748817
13593,2,1.111394137295074,0.5745553511975242,Regular / Growth,0.6575861087746037,0.17390319581748817
13594,2,-0.6520617894872537,0.6902860419274909,Regular / Growth,0.6575861087746037,0.17390319581748817
13596,2,0.7974917572973089,-0.5566672275335928,Regular / Growth,0.6575861087746037,0.17390319581748817
13598,0,-1.9362699077021805,-0.5187354310385751,At-Risk / Low-Value,0.6575861087746037,0.17390319581748817
13599,1,3.8124977389974952,-2.051418576042687,High-Value Loyal,0.6575861087746037,0.17390319581748817
13600,0,-1.6827077836672386,0.7747915524929374,At-Risk / Low-Value,0.6575861087746037,0.17390319581748817
13601,2,0.37557606835087454,0.3090141252862881,Regular / Growth,0.6575861087746037,0.17390319581748817
13602,2,-0.7816169601770037,0.8352827048245448,Regular / Growth,0.6575861087746037,0.17390319581748817
13603,0,-1.4557623853975246,-0.6134807216299015,At-Risk / Low-Value,0.6575861087746037,0.17390319581748817
13606,2,-0.7782184951096589,-1.4213131636068865,Regular / Growth,0.6575861087746037,0.17390319581748817
13607,2,0.21199351180979673,1.0675470010462635,Regular / Growth,0.6575861087746037,0.17390319581748817
13610,1,1.2834466120340453,-1.5172131332666614,High-Value Loyal,0.6575861087746037,0.17390319581748817
13611,2,0.6414330426810272,0.6258679700261653,Regular / Growth,0.6575861087746037,0.17390319581748817
13614,1,1.4458237485004777,-0.02899951675536283,High-Value Loyal,0.6575861087746037,0.17390319581748817
13615,2,-1.2918889268869567,1.4196945396480334,Regular / Growth,0.6575861087746037,0.17390319581748817
13617,2,-0.3692985304994378,-0.5479559699978193,Regular / Growth,0.6575861087746037,0.17390319581748817
13618,0,-1.9411673472253557,0.30217074887166995,At-Risk / Low-Value,0.6575861087746037,0.17390319581748817
13621,0,-1.4556150145935431,0.3539686387316808,At-Risk / Low-Value,0.6575861087746037,0.17390319581748817
13623,2,0.2519770653981809,-1.1009844399715631,Regular / Growth,0.6575861087746037,0.17390319581748817
13626,0,-1.6581792098255643,0.8213558075671042,At-Risk / Low-Value,0.6575861087746037,0.17390319581748817
13627,1,1.3138376670332075,0.15591398215946284,High-Value Loyal,0.6575861087746037,0.17390319581748817
13629,1,2.9219778087308295,0.48584047300801747,High-Value Loyal,0.6575861087746037,0.17390319581748817
13630,1,1.9170323684113555,-1.0011227697706357,High-Value Loyal,0.6575861087746037,0.17390319581748817
13631,2,0.5491864345263022,-0.058946668522977426,Regular / Growth,0.6575861087746037,0.17390319581748817
13632,1,1.7743277224365361,0.055117157856039045,High-Value Loyal,0.6575861087746037,0.17390319581748817
13634,1,1.4148421361794061,-0.2220787562973856,High-Value Loyal,0.6575861087746037,0.17390319581748817
13635,2,0.6136151685817011,1.8742720284992127,Regular / Growth,0.6575861087746037,0.17390319581748817
13636,2,0.5799603424249813,-0.6666209226913088,Regular / Growth,0.6575861087746037,0.17390319581748817
13637,2,0.31765809793272387,-0.04333864863360888,Regular / Growth,0.6575861087746037,0.17390319581748817
13638,0,-2.1848386604002625,-1.1078271219234856,At-Risk / Low-Value,0.6575861087746037,0.17390319581748817
13639,2,0.4599496304553472,1.907931369556737,Regular / Growth,0.6575861087746037,0.17390319581748817
13642,2,-1.1952925541603912,0.8822166659717886,Regular / Growth,0.6575861087746037,0.17390319581748817
13643,2,-0.46995834448895035,-0.6946651463598579,Regular / Growth,0.6575861087746037,0.17390319581748817
13644,1,2.3310312968643525,0.4821872563378254,High-Value Loyal,0.6575861087746037,0.17390319581748817
13645,0,-2.0298515938708204,0.5347641593581233,At-Risk / Low-Value,0.6575861087746037,0.17390319581748817
13647,1,1.4821288993854642,-0.23204650838174345,High-Value Loyal,0.6575861087746037,0.17390319581748817
13649,0,-1.5384989957563044,0.21237942514217956,At-Risk / Low-Value,0.6575861087746037,0.17390319581748817
13650,1,1.5731234387807165,-0.49856029338226476,High-Value Loyal,0.6575861087746037,0.17390319581748817
13651,0,-3.052386760343935,-2.046054496029008,At-Risk / Low-Value,0.6575861087746037,0.17390319581748817
13652,2,0.5411955117018726,0.29736651684522086,Regular / Growth,0.6575861087746037,0.17390319581748817
13654,1,2.219700378243649,0.3261340621831247,High-Value Loyal,0.6575861087746037,0.17390319581748817
13655,2,0.2400841928384111,1.0395886867949558,Regular / Growth,0.6575861087746037,0.17390319581748817
13656,2,-0.6628043231907691,0.20453651185666005,Regular / Growth,0.6575861087746037,0.17390319581748817
13657,2,-0.7249983733972183,-0.8794978542289712,Regular / Growth,0.6575861087746037,0.17390319581748817
13658,1,2.047026114982573,-0.04512285152585057,High-Value Loyal,0.6575861087746037,0.17390319581748817
13659,2,0.8506471912286876,1.8407422442710155,Regular / Growth,0.6575861087746037,0.17390319581748817
13662,2,0.2085597219776805,0.3049282880182055,Regular / Growth,0.6575861087746037,0.17390319581748817
13663,0,-2.2376224018021182,0.29670300920660864,At-Risk / Low-Value,0.6575861087746037,0.17390319581748817
13666,0,-2.953708431679728,-2.4975234619088638,At-Risk / Low-Value,0.6575861087746037,0.17390319581748817
13667,2,-1.0194911428989522,0.6653000014194245,Regular / Growth,0.6575861087746037,0.17390319581748817
13668,1,4.037581605214819,-1.5651096643269675,High-Value Loyal,0.6575861087746037,0.17390319581748817
13669,0,-1.6635113565443869,-0.8432220817297518,At-Risk / Low-Value,0.6575861087746037,0.17390319581748817
13670,2,-0.9311215169064573,0.6733922275742008,Regular / Growth,0.6575861087746037,0.17390319581748817
13672,0,-2.941897337057303,-0.3865872928633176,At-Risk / Low-Value,0.6575861087746037,0.17390319581748817
13673,2,-0.6697389957110104,-0.7637991906591188,Regular / Growth,0.6575861087746037,0.17390319581748817
13675,2,-0.8142492381253849,0.4349052119823378,Regular / Growth,0.6575861087746037,0.17390319581748817
13678,2,-1.163897864942324,0.6469767896244665,Regular / Growth,0.6575861087746037,0.17390319581748817
13680,1,3.136228207014815,-0.026394308740638407,High-Value Loyal,0.6575861087746037,0.17390319581748817
13681,2,0.28944635849367034,-0.8030761498067369,Regular / Growth,0.6575861087746037,0.17390319581748817
13682,0,-4.359861397903585,-1.0502184572112518,At-Risk / Low-Value,0.6575861087746037,0.17390319581748817
13684,0,-3.223905225455415,-0.772820217902445,At-Risk / Low-Value,0.6575861087746037,0.17390319581748817
13685,1,2.6073646626511815,-0.5605364061760805,High-Value Loyal,0.6575861087746037,0.17390319581748817
13686,0,-3.2646237713026447,-0.7315049419338641,At-Risk / Low-Value,0.6575861087746037,0.17390319581748817
13689,2,-0.38611333540904824,1.7563582014092864,Regular / Growth,0.6575861087746037,0.17390319581748817
13690,0,-2.2826604563837183,-0.2632309031622913,At-Risk / Low-Value,0.6575861087746037,0.17390319581748817
13692,2,1.1875229729511843,0.45398566758713266,Regular / Growth,0.6575861087746037,0.17390319581748817
13694,1,7.091409896475536,-0.0201316451675288,High-Value Loyal,0.6575861087746037,0.17390319581748817
13695,1,1.8129793579698816,-1.1937729963290142,High-Value Loyal,0.6575861087746037,0.17390319581748817
13697,0,-1.863284109377433,-0.49561704285737046,At-Risk / Low-Value,0.6575861087746037,0.17390319581748817
13699,0,-1.897851277350358,0.7316641035734186,At-Risk / Low-Value,0.6575861087746037,0.17390319581748817
13700,1,2.2201639742343646,-0.805917009934676,High-Value Loyal,0.6575861087746037,0.17390319581748817
13703,0,-4.323473851070883,-0.2500807116194283,At-Risk / Low-Value,0.6575861087746037,0.17390319581748817
13704,1,2.3602927930040414,-1.2607285640655275,High-Value Loyal,0.6575861087746037,0.17390319581748817
13705,2,0.19290766312687244,-0.8493804436316676,Regular / Growth,0.6575861087746037,0.17390319581748817
13706,0,-1.5153936562609902,1.1541702461378824,At-Risk / Low-Value,0.6575861087746037,0.17390319581748817
13707,2,-0.29211010340362237,1.182856127470015,Regular / Growth,0.6575861087746037,0.17390319581748817
13708,2,-1.13563099481907,0.9459821834421591,Regular / Growth,0.6575861087746037,0.17390319581748817
13709,1,3.8336441745710603,-0.7586475979922649,High-Value Loyal,0.6575861087746037,0.17390319581748817
13710,0,-1.8109794283783043,-0.366011495661999,At-Risk / Low-Value,0.6575861087746037,0.17390319581748817
13711,0,-2.0031800667936683,-0.15827383516228577,At-Risk / Low-Value,0.6575861087746037,0.17390319581748817
13712,0,-1.7809035486317006,0.762928292550011,At-Risk / Low-Value,0.6575861087746037,0.17390319581748817
13715,2,0.3524445821278577,0.2596479970053651,Regular / Growth,0.6575861087746037,0.17390319581748817
13716,0,-2.2792345434840673,0.13703503494224695,At-Risk / Low-Value,0.6575861087746037,0.17390319581748817
13717,1,1.5540108835646447,-0.4502924428543915,High-Value Loyal,0.6575861087746037,0.17390319581748817
13718,0,-1.8658297251731881,0.12728335583382722,At-Risk / Low-Value,0.6575861087746037,0.17390319581748817
13719,2,0.8608086658955209,-0.9157167390033771,Regular / Growth,0.6575861087746037,0.17390319581748817
13720,2,-0.00676444766002007,-0.07241893783143677,Regular / Growth,0.6575861087746037,0.17390319581748817
13721,2,-0.35850527736397764,0.8209047908897376,Regular / Growth,0.6575861087746037,0.17390319581748817
13722,2,1.3858824855769278,1.6133970215121143,Regular / Growth,0.6575861087746037,0.17390319581748817
13723,0,-2.7447795011544938,0.4022106656114571,At-Risk / Low-Value,0.6575861087746037,0.17390319581748817
13725,1,1.4428811693378922,-0.4303992933056106,High-Value Loyal,0.6575861087746037,0.17390319581748817
13726,2,0.6962653500007072,0.8306219395051628,Regular / Growth,0.6575861087746037,0.17390319581748817
13727,0,-1.0784302373211556,-0.6834088653989097,At-Risk / Low-Value,0.6575861087746037,0.17390319581748817
13728,2,0.4217504516947753,-0.8563131246737562,Regular / Growth,0.6575861087746037,0.17390319581748817
13730,2,-0.15845074289544667,0.8759232007449608,Regular / Growth,0.6575861087746037,0.17390319581748817
13731,2,-0.6512860681521903,0.7962413852855912,Regular / Growth,0.6575861087746037,0.17390319581748817
13732,2,-0.1379466570502844,0.6852350191001515,Regular / Growth,0.6575861087746037,0.17390319581748817
13735,1,2.1304139859639375,0.6983928346267494,High-Value Loyal,0.6575861087746037,0.17390319581748817
13736,2,1.0771993222944127,-0.5064165316799005,Regular / Growth,0.6575861087746037,0.17390319581748817
13737,2,-1.4119065228600636,0.9587427236583251,Regular / Growth,0.6575861087746037,0.17390319581748817
13739,0,-2.2314300402924054,-0.4556876278176524,At-Risk / Low-Value,0.6575861087746037,0.17390319581748817
13740,2,-1.086586865975413,1.1894582368096311,Regular / Growth,0.6575861087746037,0.17390319581748817
13741,2,-0.4173468411398709,-0.12443029663345044,Regular / Growth,0.6575861087746037,0.17390319581748817
13742,1,2.483206483071787,-0.9733914576957127,High-Value Loyal,0.6575861087746037,0.17390319581748817
13743,1,1.132882224185491,-1.5009761811325386,High-Value Loyal,0.6575861087746037,0.17390319581748817
13744,2,0.6375003222744746,1.1799525980385683,Regular / Growth,0.6575861087746037,0.17390319581748817
13745,2,-1.0373056199545871,0.8696314053395665,Regular / Growth,0.6575861087746037,0.17390319581748817
13747,0,-4.608906876325737,-0.44061557017792125,At-Risk / Low-Value,0.6575861087746037,0.17390319581748817
13748,2,-0.04607797978071688,-0.2686379703561095,Regular / Growth,0.6575861087746037,0.17390319581748817
13750,2,0.5242229269752294,0.11833071557446828,Regular / Growth,0.6575861087746037,0.17390319581748817
13751,0,-1.9338936347772164,1.0337291816480896,At-Risk / Low-Value,0.6575861087746037,0.17390319581748817
13752,2,0.667500520239471,-0.18308407568113283,Regular / Growth,0.6575861087746037,0.17390319581748817
13753,2,-0.31590656753092866,2.0648454205209448,Regular / Growth,0.6575861087746037,0.17390319581748817
13754,0,-1.6799967876010762,-0.14593463728253828,At-Risk / Low-Value,0.6575861087746037,0.17390319581748817
13755,1,2.520629396592291,-1.4892280703505227,High-Value Loyal,0.6575861087746037,0.17390319581748817
13756,1,3.308467900067205,-1.2286914744634156,High-Value Loyal,0.6575861087746037,0.17390319581748817
13758,1,2.4495152508796316,-0.21038938557098152,High-Value Loyal,0.6575861087746037,0.17390319581748817
13759,2,-0.2821069666315622,0.14096115868882003,Regular / Growth,0.6575861087746037,0.17390319581748817
13760,2,-0.9375275704451193,-0.629421261791435,Regular / Growth,0.6575861087746037,0.17390319581748817
13761,2,0.6565778530331351,0.8482660806255198,Regular / Growth,0.6575861087746037,0.17390319581748817
13762,0,-1.7212320355199076,1.0231247733588096,At-Risk / Low-Value,0.6575861087746037,0.17390319581748817
13763,2,0.5433310329903325,2.429553544495209,Regular / Growth,0.6575861087746037,0.17390319581748817
13764,2,1.343668995876372,0.7981582516098628,Regular / Growth,0.6575861087746037,0.17390319581748817
13767,1,4.661777634974496,-1.3045920658121202,High-Value Loyal,0.6575861087746037,0.17390319581748817
13769,1,2.447148035802697,-1.4939198621345107,High-Value Loyal,0.6575861087746037,0.17390319581748817
13771,1,1.8202938348829425,1.0152034237177738,High-Value Loyal,0.6575861087746037,0.17390319581748817
13772,2,0.9888440102377659,0.14289780001718413,Regular / Growth,0.6575861087746037,0.17390319581748817
13774,2,-1.1395651968056302,0.6669222378261129,Regular / Growth,0.6575861087746037,0.17390319581748817
13777,1,5.115220751295811,-0.7819514748642602,High-Value Loyal,0.6575861087746037,0.17390319581748817
13778,0,-2.3669650408154204,0.004400281635901298,At-Risk / Low-Value,0.6575861087746037,0.17390319581748817
13780,2,-0.0982148370299603,-1.134244731824703,Regular / Growth,0.6575861087746037,0.17390319581748817
13781,0,-2.918976837983003,-0.09880966786109725,At-Risk / Low-Value,0.6575861087746037,0.17390319581748817
13782,2,0.8183475016825622,-1.449718625572955,Regular / Growth,0.6575861087746037,0.17390319581748817
13784,1,1.5999265975448569,-1.069685267148221,High-Value Loyal,0.6575861087746037,0.17390319581748817
13786,0,-2.3108677894379603,0.8631813380719804,At-Risk / Low-Value,0.6575861087746037,0.17390319581748817
13787,2,-1.0267828244614492,-0.3273906103034229,Regular / Growth,0.6575861087746037,0.17390319581748817
13790,2,0.24674599728089391,-0.3815627559137972,Regular / Growth,0.6575861087746037,0.17390319581748817
13791,2,0.16233733863550057,1.7692495028509672,Regular / Growth,0.6575861087746037,0.17390319581748817
13792,0,-2.0172382734645384,-0.9602482589484669,At-Risk / Low-Value,0.6575861087746037,0.17390319581748817
13798,1,6.1211957680808515,-1.2227308848448348,High-Value Loyal,0.6575861087746037,0.17390319581748817
13799,2,-0.32186577445555364,0.7110066701174473,Regular / Growth,0.6575861087746037,0.17390319581748817
13800,2,-0.7328384740863805,1.7529429130791654,Regular / Growth,0.6575861087746037,0.17390319581748817
13801,2,-1.1722182125535408,0.5065668210201477,Regular / Growth,0.6575861087746037,0.17390319581748817
13802,1,2.0073660631250596,2.4180609505086736,High-Value Loyal,0.6575861087746037,0.17390319581748817
13803,0,-1.826754577636139,0.8615877518747581,At-Risk / Low-Value,0.6575861087746037,0.17390319581748817
13804,1,2.0523442330996406,-0.09848127555903609,High-Value Loyal,0.6575861087746037,0.17390319581748817
13805,2,0.24629156763602952,0.897326362833535,Regular / Growth,0.6575861087746037,0.17390319581748817
13806,0,-2.0093209084264236,0.17668945248616405,At-Risk / Low-Value,0.6575861087746037,0.17390319581748817
13807,0,-3.3389782311802056,-0.022823247964620628,At-Risk / Low-Value,0.6575861087746037,0.17390319581748817
13808,1,1.636118825179245,-0.6842942673404503,High-Value Loyal,0.6575861087746037,0.17390319581748817
13809,0,-2.966992305042955,0.2055522915512445,At-Risk / Low-Value,0.6575861087746037,0.17390319581748817
13810,2,0.543440926054777,0.41862859320842055,Regular / Growth,0.6575861087746037,0.17390319581748817
13811,0,-1.4073303697395283,0.44087148829189166,At-Risk / Low-Value,0.6575861087746037,0.17390319581748817
13812,2,-0.33023132460099014,-0.5326805766106139,Regular / Growth,0.6575861087746037,0.17390319581748817
13813,2,0.7935957582994821,0.0697281503556075,Regular / Growth,0.6575861087746037,0.17390319581748817
13814,2,0.7175584673833585,1.5700486420421407,Regular / Growth,0.6575861087746037,0.17390319581748817
13815,1,2.648509048739205,1.0915320258364032,High-Value Loyal,0.6575861087746037,0.17390319581748817
13816,2,-0.33327346499540456,-0.1460909310080834,Regular / Growth,0.6575861087746037,0.17390319581748817
13817,2,-0.8585378277404758,-0.5136360332303896,Regular / Growth,0.6575861087746037,0.17390319581748817
13819,2,0.14941853820374373,1.1897285160030355,Regular / Growth,0.6575861087746037,0.17390319581748817
13821,2,-1.0086853977967236,0.06357626342509978,Regular / Growth,0.6575861087746037,0.17390319581748817
13822,2,0.7795511168981077,-0.5487380924616894,Regular / Growth,0.6575861087746037,0.17390319581748817
13823,2,0.45835464454528796,0.3406040064741896,Regular / Growth,0.6575861087746037,0.17390319581748817
13824,2,0.9830359014282795,-0.03545279002632917,Regular / Growth,0.6575861087746037,0.17390319581748817
13826,0,-2.355936386064553,0.29330739461941757,At-Risk / Low-Value,0.6575861087746037,0.17390319581748817
13827,2,-0.6037576712210982,-0.8232278229280592,Regular / Growth,0.6575861087746037,0.17390319581748817
13828,0,-1.203410945616902,-0.33205185924112557,At-Risk / Low-Value,0.6575861087746037,0.17390319581748817
13831,1,1.5471081740719388,-0.33128712608330646,High-Value Loyal,0.6575861087746037,0.17390319581748817
13832,0,-3.6023931680494576,-2.0163264274735058,At-Risk / Low-Value,0.6575861087746037,0.17390319581748817
13833,2,-1.2949832208408043,0.9936950141478611,Regular / Growth,0.6575861087746037,0.17390319581748817
13835,2,0.38493583358627437,-0.661352770901003,Regular / Growth,0.6575861087746037,0.17390319581748817
13837,0,-1.714511015552996,-0.10900826628253042,At-Risk / Low-Value,0.6575861087746037,0.17390319581748817
13838,2,0.7193561458443901,-1.5303129477854591,Regular / Growth,0.6575861087746037,0.17390319581748817
13841,0,-3.625891281614513,-0.3136535764580236,At-Risk / Low-Value,0.6575861087746037,0.17390319581748817
13842,1,2.2985465992189824,0.08678512174205338,High-Value Loyal,0.6575861087746037,0.17390319581748817
13844,2,-0.674570414186693,-0.06430086770789009,Regular / Growth,0.6575861087746037,0.17390319581748817
13845,0,-1.4818742341909636,0.5068089611076264,At-Risk / Low-Value,0.6575861087746037,0.17390319581748817
13846,2,0.39997334125831885,-0.24060203987516646,Regular / Growth,0.6575861087746037,0.17390319581748817
13848,2,0.23520696077133915,1.0176709034616591,Regular / Growth,0.6575861087746037,0.17390319581748817
13849,2,1.2244423637336215,1.2777165415190965,Regular / Growth,0.6575861087746037,0.17390319581748817
13850,2,1.045433252363342,2.57203618611888,Regular / Growth,0.6575861087746037,0.17390319581748817
13851,1,1.6258067613338836,1.6196070320366844,High-Value Loyal,0.6575861087746037,0.17390319581748817
13853,2,0.05345880080404381,1.8035232544805935,Regular / Growth,0.6575861087746037,0.17390319581748817
13854,1,3.1815272353755835,-1.1233167294897042,High-Value Loyal,0.6575861087746037,0.17390319581748817
13856,0,-1.1835780919244747,-0.23065968323950567,At-Risk / Low-Value,0.6575861087746037,0.17390319581748817
13858,0,-1.9884546079763112,-0.03226870181322449,At-Risk / Low-Value,0.6575861087746037,0.17390319581748817
13859,0,-1.9603166566192263,0.5995088223149042,At-Risk / Low-Value,0.6575861087746037,0.17390319581748817
13860,1,1.4935255360267807,-1.5751929896733383,High-Value Loyal,0.6575861087746037,0.17390319581748817
13862,1,2.0258157511847124,-0.6503558059177188,High-Value Loyal,0.6575861087746037,0.17390319581748817
13863,0,-1.4731508869501122,1.003149681569201,At-Risk / Low-Value,0.6575861087746037,0.17390319581748817
13865,2,-0.6974097563341869,-0.9125798966093465,Regular / Growth,0.6575861087746037,0.17390319581748817
13866,0,-2.6045580067104392,-0.3549773318584799,At-Risk / Low-Value,0.6575861087746037,0.17390319581748817
13867,2,0.5339846944757142,0.03236823639394945,Regular / Growth,0.6575861087746037,0.17390319581748817
13868,1,2.093184353472922,1.4108135172792435,High-Value Loyal,0.6575861087746037,0.17390319581748817
13869,1,2.103249200574387,1.4245970794249334,High-Value Loyal,0.6575861087746037,0.17390319581748817
13870,1,2.5334547498816535,-1.1770765747050145,High-Value Loyal,0.6575861087746037,0.17390319581748817
13871,1,3.238893931009719,-0.09944502339499152,High-Value Loyal,0.6575861087746037,0.17390319581748817
13873,0,-1.2887569441973687,-0.51411341457247,At-Risk / Low-Value,0.6575861087746037,0.17390319581748817
13874,2,-1.2122887245348413,1.752328640832931,Regular / Growth,0.6575861087746037,0.17390319581748817
13875,1,1.3947847660454393,0.22025990322863986,High-Value Loyal,0.6575861087746037,0.17390319581748817
13876,0,-2.8644577589916587,-0.6375757735389787,At-Risk / Low-Value,0.6575861087746037,0.17390319581748817
13877,0,-2.8429454213576664,-0.4353071252801842,At-Risk / Low-Value,0.6575861087746037,0.17390319581748817
13878,2,0.46802330446361995,1.9696728325703445,Regular / Growth,0.6575861087746037,0.17390319581748817
13880,1,2.4831021228427987,-0.9027793962398538,High-Value Loyal,0.6575861087746037,0.17390319581748817
13881,1,4.640803969383281,-0.16192874367946772,High-Value Loyal,0.6575861087746037,0.17390319581748817
13882,1,1.4355682981416977,-1.294820154606351,High-Value Loyal,0.6575861087746037,0.17390319581748817
13883,1,2.217278633183687,0.026505356873271612,High-Value Loyal,0.6575861087746037,0.17390319581748817
13884,2,0.47614845248170806,-1.5510256586627984,Regular / Growth,0.6575861087746037,0.17390319581748817
13885,2,-1.0007032158978477,0.5106936338048853,Regular / Growth,0.6575861087746037,0.17390319581748817
13886,0,-1.6399128290356257,0.21210412749032823,At-Risk / Low-Value,0.6575861087746037,0.17390319581748817
13887,0,-1.48307876697478,1.033230699603197,At-Risk / Low-Value,0.6575861087746037,0.17390319581748817
13888,2,-0.5435497696145979,0.5150877783659921,Regular / Growth,0.6575861087746037,0.17390319581748817
13889,2,-1.2413813161434806,0.9162744894800515,Regular / Growth,0.6575861087746037,0.17390319581748817
13890,1,2.11257842326783,-2.1153531085082755,High-Value Loyal,0.6575861087746037,0.17390319581748817
13892,2,0.20847161949649307,-0.8265678745426558,Regular / Growth,0.6575861087746037,0.17390319581748817
13893,2,-0.7614642627460315,2.1265018929617416,Regular / Growth,0.6575861087746037,0.17390319581748817
13894,2,-0.24116897535538717,-0.6845243214993091,Regular / Growth,0.6575861087746037,0.17390319581748817
13895,1,1.9116555527218624,0.6702931592827617,High-Value Loyal,0.6575861087746037,0.17390319581748817
13897,2,-1.1824840397133893,0.37338006689030223,Regular / Growth,0.6575861087746037,0.17390319581748817
13898,0,-2.429585474106101,0.36806307927695786,At-Risk / Low-Value,0.6575861087746037,0.17390319581748817
13899,2,-0.835851236030899,-0.7540251776380155,Regular / Growth,0.6575861087746037,0.17390319581748817
13900,2,-0.2419394917295146,0.4131644180498628,Regular / Growth,0.6575861087746037,0.17390319581748817
13901,1,2.0195875330047266,0.8400635094427541,High-Value Loyal,0.6575861087746037,0.17390319581748817
13904,2,-0.8075858344402982,-0.5375533672619321,Regular / Growth,0.6575861087746037,0.17390319581748817
13908,1,1.6509851065962156,0.9952783899389218,High-Value Loyal,0.6575861087746037,0.17390319581748817
13911,1,2.147708125004049,-0.1677539603946551,High-Value Loyal,0.6575861087746037,0.17390319581748817
13914,2,0.052194290557679705,-0.2890039016160236,Regular / Growth,0.6575861087746037,0.17390319581748817
13917,0,-1.3063286142757415,-0.6471287153445094,At-Risk / Low-Value,0.6575861087746037,0.17390319581748817
13918,2,0.6686910130784582,1.0753990838239227,Regular / Growth,0.6575861087746037,0.17390319581748817
13919,2,-0.674232643011632,-0.16295598141878317,Regular / Growth,0.6575861087746037,0.17390319581748817
13922,0,-2.665241541602364,0.49970209939915916,At-Risk / Low-Value,0.6575861087746037,0.17390319581748817
13923,2,-1.0745808939868413,0.5195427588398487,Regular / Growth,0.6575861087746037,0.17390319581748817
13924,1,2.225712343757755,-1.1865404927290408,High-Value Loyal,0.6575861087746037,0.17390319581748817
13925,2,-0.37113188823779697,-0.35912356008531343,Regular / Growth,0.6575861087746037,0.17390319581748817
13926,0,-1.6416429895580666,-0.3256188174450556,At-Risk / Low-Value,0.6575861087746037,0.17390319581748817
13927,2,-1.088182601036755,0.6553248175543347,Regular / Growth,0.6575861087746037,0.17390319581748817
13928,2,-0.5864774806999173,-1.6786573452800724,Regular / Growth,0.6575861087746037,0.17390319581748817
13929,2,-1.0692580690096765,1.0525824358605376,Regular / Growth,0.6575861087746037,0.17390319581748817
13930,0,-1.1260790144822894,-0.33709121577356893,At-Risk / Low-Value,0.6575861087746037,0.17390319581748817
13931,2,0.5962289005033652,1.287440931437599,Regular / Growth,0.6575861087746037,0.17390319581748817
13932,0,-1.9761288318951564,0.9898532718809138,At-Risk / Low-Value,0.6575861087746037,0.17390319581748817
13933,2,-0.7522135910253837,0.5057801117861168,Regular / Growth,0.6575861087746037,0.17390319581748817
13934,2,-0.2564318448059152,2.247104345688737,Regular / Growth,0.6575861087746037,0.17390319581748817
13936,2,-1.0067669098156555,1.1190594435603696,Regular / Growth,0.6575861087746037,0.17390319581748817
13937,0,-2.382761467519722,0.12793586325573564,At-Risk / Low-Value,0.6575861087746037,0.17390319581748817
13938,0,-2.9287888134093816,-1.3956059410229076,At-Risk / Low-Value,0.6575861087746037,0.17390319581748817
13939,2,0.2652854360044922,-0.6432317463586913,Regular / Growth,0.6575861087746037,0.17390319581748817
13940,2,0.4561431811591535,-0.7811256126432078,Regular / Growth,0.6575861087746037,0.17390319581748817
13941,1,2.2310212249006685,1.1120986814313145,High-Value Loyal,0.6575861087746037,0.17390319581748817
13946,2,-0.71787998492259,-0.15618859202412727,Regular / Growth,0.6575861087746037,0.17390319581748817
13947,0,-3.145612367526466,-0.9238346600311169,At-Risk / Low-Value,0.6575861087746037,0.17390319581748817
13948,0,-3.627450080156391,-0.09043465063191455,At-Risk / Low-Value,0.6575861087746037,0.17390319581748817
13949,1,2.6525764320157754,-0.7459861366953168,High-Value Loyal,0.6575861087746037,0.17390319581748817
13950,2,0.23486906145046318,-1.1076931459006076,Regular / Growth,0.6575861087746037,0.17390319581748817
13951,2,-0.3209166485487093,0.30693617110530147,Regular / Growth,0.6575861087746037,0.17390319581748817
13952,2,1.6899142267225014,2.684402326521703,Regular / Growth,0.6575861087746037,0.17390319581748817
13953,1,1.8942099073668184,-0.14179338244476972,High-Value Loyal,0.6575861087746037,0.17390319581748817
13954,2,-0.2633577574265863,-1.342527710789891,Regular / Growth,0.6575861087746037,0.17390319581748817
13955,0,-1.3154542212414493,-0.08024285191798221,At-Risk / Low-Value,0.6575861087746037,0.17390319581748817
13956,1,1.273941466995833,-1.3992978329222534,High-Value Loyal,0.6575861087746037,0.17390319581748817
13959,2,-0.06793723053270226,-0.21350651548256733,Regular / Growth,0.6575861087746037,0.17390319581748817
13960,0,-1.531872091344506,-1.193030515764104,At-Risk / Low-Value,0.6575861087746037,0.17390319581748817
13962,0,-1.9555715672937308,-1.5457960658560148,At-Risk / Low-Value,0.6575861087746037,0.17390319581748817
13963,2,-0.47446826609673715,0.12221279683553656,Regular / Growth,0.6575861087746037,0.17390319581748817
13967,0,-3.690060080538913,-0.6892281203779255,At-Risk / Low-Value,0.6575861087746037,0.17390319581748817
13969,1,4.2640648113308615,-0.657404955578205,High-Value Loyal,0.6575861087746037,0.17390319581748817
13971,1,2.2927841279950623,-0.39238983751227513,High-Value Loyal,0.6575861087746037,0.17390319581748817
13972,0,-1.7637132580207449,-0.9044422835227333,At-Risk / Low-Value,0.6575861087746037,0.17390319581748817
13973,0,-2.0726154899515454,0.8721387397188377,At-Risk / Low-Value,0.6575861087746037,0.17390319581748817
13974,2,-0.7020015671771017,0.6669206395367712,Regular / Growth,0.6575861087746037,0.17390319581748817
13975,1,2.2819529943297288,0.04923561845201481,High-Value Loyal,0.6575861087746037,0.17390319581748817
13976,0,-1.6660309146912562,1.099882005770982,At-Risk / Low-Value,0.6575861087746037,0.17390319581748817
13978,0,-1.2274525798410556,-1.431818343483213,At-Risk / Low-Value,0.6575861087746037,0.17390319581748817
13979,2,0.36088660112358106,1.6799818524942627,Regular / Growth,0.6575861087746037,0.17390319581748817
13980,0,-1.7764735760310184,-0.0212363184084601,At-Risk / Low-Value,0.6575861087746037,0.17390319581748817
13982,1,1.4044052189474565,0.44845385200589005,High-Value Loyal,0.6575861087746037,0.17390319581748817
13983,1,1.953301316830112,-0.8968311902035692,High-Value Loyal,0.6575861087746037,0.17390319581748817
13984,2,0.18858117274174807,-0.7419183223967715,Regular / Growth,0.6575861087746037,0.17390319581748817
13985,1,3.649157384314937,-0.8089369764465624,High-Value Loyal,0.6575861087746037,0.17390319581748817
13986,2,-0.7670563439323542,0.06538318350429631,Regular / Growth,0.6575861087746037,0.17390319581748817
13988,1,2.9163587567509395,0.5055292612692568,High-Value Loyal,0.6575861087746037,0.17390319581748817
13989,2,0.721605556322434,1.2408443671903013,Regular / Growth,0.6575861087746037,0.17390319581748817
13990,0,-1.5561032647262598,0.956984639911105,At-Risk / Low-Value,0.6575861087746037,0.17390319581748817
13991,1,0.9498866703311357,-1.4342018808652783,High-Value Loyal,0.6575861087746037,0.17390319581748817
13992,0,-2.9726776670584742,-1.3756721907598617,At-Risk / Low-Value,0.6575861087746037,0.17390319581748817
13993,1,1.8522706467141772,-0.030728366127692024,High-Value Loyal,0.6575861087746037,0.17390319581748817
13994,1,2.203332171783634,-0.8115172974595304,High-Value Loyal,0.6575861087746037,0.17390319581748817
13995,1,1.2157931558707942,-0.5685443711332,High-Value Loyal,0.6575861087746037,0.17390319581748817
13999,1,2.783920176186191,-0.8320838950909824,High-Value Loyal,0.6575861087746037,0.17390319581748817
14000,2,-0.5450688000096163,1.84364443845159,Regular / Growth,0.6575861087746037,0.17390319581748817
14001,2,1.0990498165007752,1.0331424793777426,Regular / Growth,0.6575861087746037,0.17390319581748817
14002,2,-0.1596266623479217,0.532861061181638,Regular / Growth,0.6575861087746037,0.17390319581748817
14004,1,2.576982521651712,0.7114663908612695,High-Value Loyal,0.6575861087746037,0.17390319581748817
14005,1,2.23282396877966,0.15392535512947378,High-Value Loyal,0.6575861087746037,0.17390319581748817
14006,2,-0.012223111134914443,0.5780330403352364,Regular / Growth,0.6575861087746037,0.17390319581748817
14009,2,-0.37472030141551854,0.9123204861481203,Regular / Growth,0.6575861087746037,0.17390319581748817
14012,0,-1.7586854627515007,1.1268405109357993,At-Risk / Low-Value,0.6575861087746037,0.17390319581748817
14013,2,-0.5768664202807184,-0.252534767881005,Regular / Growth,0.6575861087746037,0.17390319581748817
14014,2,-0.022562115330405624,1.1776846933328626,Regular / Growth,0.6575861087746037,0.17390319581748817
14015,2,-0.05034359006399178,1.6119522551557386,Regular / Growth,0.6575861087746037,0.17390319581748817
14016,1,2.240902141437399,1.946473759170613,High-Value Loyal,0.6575861087746037,0.17390319581748817
14019,2,0.8576715478893524,0.6526914239688315,Regular / Growth,0.6575861087746037,0.17390319581748817
14020,2,0.14539488992360747,-0.12928056541460647,Regular / Growth,0.6575861087746037,0.17390319581748817
14021,2,-0.834987483892915,0.13511380711383233,Regular / Growth,0.6575861087746037,0.17390319581748817
14022,2,-0.7731148311994182,1.408389008734872,Regular / Growth,0.6575861087746037,0.17390319581748817
14023,2,0.10001759773333742,-0.5744939135516887,Regular / Growth,0.6575861087746037,0.17390319581748817
14024,0,-1.5077002427592612,-0.12535083392556925,At-Risk / Low-Value,0.6575861087746037,0.17390319581748817
14027,0,-2.8424326322308895,-0.7712556416361044,At-Risk / Low-Value,0.6575861087746037,0.17390319581748817
14029,2,-0.9950974230016612,0.01871181210049691,Regular / Growth,0.6575861087746037,0.17390319581748817
14030,1,2.3078706839674075,-0.631294743806271,High-Value Loyal,0.6575861087746037,0.17390319581748817
14031,1,4.5129452579791804,0.038783311763416095,High-Value Loyal,0.6575861087746037,0.17390319581748817
14032,1,2.5910516802327255,-1.5010873828886182,High-Value Loyal,0.6575861087746037,0.17390319581748817
14034,2,0.3662921942225943,-0.6136114872394438,Regular / Growth,0.6575861087746037,0.17390319581748817
14035,2,0.9247095893760355,-0.2866110187640793,Regular / Growth,0.6575861087746037,0.17390319581748817
14036,2,-0.6440746682667108,1.8175304164327712,Regular / Growth,0.6575861087746037,0.17390319581748817
14037,0,-2.4595600766338594,-0.9645876905462587,At-Risk / Low-Value,0.6575861087746037,0.17390319581748817
14038,2,0.9838892633952322,0.9221756777029823,Regular / Growth,0.6575861087746037,0.17390319581748817
14039,0,-2.2682673879797606,-0.5814083438542242,At-Risk / Low-Value,0.6575861087746037,0.17390319581748817
14040,1,2.3947591519799536,-0.4362734236862583,High-Value Loyal,0.6575861087746037,0.17390319581748817
14041,0,-2.390851439848155,0.122556762600557,At-Risk / Low-Value,0.6575861087746037,0.17390319581748817
14044,2,0.47105411976750133,-1.002360339468272,Regular / Growth,0.6575861087746037,0.17390319581748817
14045,2,-0.15339085416864578,0.8027084680776442,Regular / Growth,0.6575861087746037,0.17390319581748817
14046,0,-1.921837112664082,0.40833761916201405,At-Risk / Low-Value,0.6575861087746037,0.17390319581748817
14047,2,0.6657457970205384,-0.8564727953010377,Regular / Growth,0.6575861087746037,0.17390319581748817
14048,2,-0.7008578234387398,1.3538634520172108,Regular / Growth,0.6575861087746037,0.17390319581748817
14049,1,3.4528294622441287,1.3291520629295295,High-Value Loyal,0.6575861087746037,0.17390319581748817
14050,2,0.37688936515956445,0.30444908740618715,Regular / Growth,0.6575861087746037,0.17390319581748817
14051,1,4.343387612962868,-0.9185906147389019,High-Value Loyal,0.6575861087746037,0.17390319581748817
14052,2,-1.0987946539657856,-0.46714371194536314,Regular / Growth,0.6575861087746037,0.17390319581748817
14053,0,-2.195106104174814,-0.2447089552132523,At-Risk / Low-Value,0.6575861087746037,0.17390319581748817
14054,0,-2.9572033019610124,-0.8800560663686527,At-Risk / Low-Value,0.6575861087746037,0.17390319581748817
14055,2,-0.8250926682525254,1.6213071831832397,Regular / Growth,0.6575861087746037,0.17390319581748817
14056,1,4.510343235704789,-1.7016899302151838,High-Value Loyal,0.6575861087746037,0.17390319581748817
14057,1,3.4897314778356763,-0.4719894838522134,High-Value Loyal,0.6575861087746037,0.17390319581748817
14059,0,-2.3973843949251687,0.47813830982113387,At-Risk / Low-Value,0.6575861087746037,0.17390319581748817
14060,1,3.6061979165233096,-1.1854636916659795,High-Value Loyal,0.6575861087746037,0.17390319581748817
14062,1,3.707412227071921,0.3413005210060853,High-Value Loyal,0.6575861087746037,0.17390319581748817
14064,1,1.3016437239702323,-0.30022832319919945,High-Value Loyal,0.6575861087746037,0.17390319581748817
14066,0,-2.9462075831283023,0.19312520637274658,At-Risk / Low-Value,0.6575861087746037,0.17390319581748817
14067,2,-0.5455962583470015,-0.22106858317851227,Regular / Growth,0.6575861087746037,0.17390319581748817
14068,0,-1.9984662772318877,0.8520340555733925,At-Risk / Low-Value,0.6575861087746037,0.17390319581748817
14071,1,2.17575233645236,-1.7573871925407873,High-Value Loyal,0.6575861087746037,0.17390319581748817
14073,0,-1.8994586804788565,-0.6070771882071634,At-Risk / Low-Value,0.6575861087746037,0.17390319581748817
14075,2,0.8630026808054334,-0.6613450614316181,Regular / Growth,0.6575861087746037,0.17390319581748817
14076,0,-2.1733023027937493,-0.41014601076163015,At-Risk / Low-Value,0.6575861087746037,0.17390319581748817
14077,2,-0.42509954415639895,-1.358294637040145,Regular / Growth,0.6575861087746037,0.17390319581748817
14078,2,0.14604449280388182,-0.4595313248105863,Regular / Growth,0.6575861087746037,0.17390319581748817
14079,2,-1.2195261023164754,0.9967480495317153,Regular / Growth,0.6575861087746037,0.17390319581748817
14080,0,-3.5711177968488963,-1.9079448403896395,At-Risk / Low-Value,0.6575861087746037,0.17390319581748817
14081,2,0.3098307991686453,1.3742490345542058,Regular / Growth,0.6575861087746037,0.17390319581748817
14082,0,-2.1081245514975437,0.5233556023671857,At-Risk / Low-Value,0.6575861087746037,0.17390319581748817
14083,1,1.5991352826984913,-2.319844571302384,High-Value Loyal,0.6575861087746037,0.17390319581748817
14085,1,3.722864777324019,-1.8477154175251957,High-Value Loyal,0.6575861087746037,0.17390319581748817
14087,2,-0.4550399412069072,-1.2314286841456867,Regular / Growth,0.6575861087746037,0.17390319581748817
14088,1,5.928543858391045,1.9018038255644463,High-Value Loyal,0.6575861087746037,0.17390319581748817
14089,0,-1.983732199428571,-0.32165288157739086,At-Risk / Low-Value,0.6575861087746037,0.17390319581748817
14090,0,-3.8828160346457654,-0.35589880376310884,At-Risk / Low-Value,0.6575861087746037,0.17390319581748817
14092,1,2.9098372107083295,-1.1089049265735476,High-Value Loyal,0.6575861087746037,0.17390319581748817
14093,2,0.23800993475275511,0.14754318924160797,Regular / Growth,0.6575861087746037,0.17390319581748817
14096,1,6.8373708255709325,1.4242190702451498,High-Value Loyal,0.6575861087746037,0.17390319581748817
14098,0,-1.8667473852603818,-0.6192289209635968,At-Risk / Low-Value,0.6575861087746037,0.17390319581748817
14099,1,2.650971546710722,-0.8007438175584101,High-Value Loyal,0.6575861087746037,0.17390319581748817
14100,0,-2.084407444299998,0.1429496311987724,At-Risk / Low-Value,0.6575861087746037,0.17390319581748817
14101,1,2.3118423767270566,1.6202199251170113,High-Value Loyal,0.6575861087746037,0.17390319581748817
14102,1,1.0542997193808954,-1.2066808018973965,High-Value Loyal,0.6575861087746037,0.17390319581748817
14104,0,-2.0564249983407468,-0.5530389493774891,At-Risk / Low-Value,0.6575861087746037,0.17390319581748817
14105,2,0.5771840740443793,2.5692123099190374,Regular / Growth,0.6575861087746037,0.17390319581748817
14107,1,1.7881133671146427,0.2085053884619223,High-Value Loyal,0.6575861087746037,0.17390319581748817
14108,2,-0.13812608076533717,0.02000465384635936,Regular / Growth,0.6575861087746037,0.17390319581748817
14109,0,-2.380703334132182,-0.3446822581384281,At-Risk / Low-Value,0.6575861087746037,0.17390319581748817
14110,1,3.27212849000969,-0.7360112619682789,High-Value Loyal,0.6575861087746037,0.17390319581748817
14111,2,-0.16016111593029533,-1.0054450966824964,Regular / Growth,0.6575861087746037,0.17390319581748817
14112,1,2.236875550548334,-0.0737120511556706,High-Value Loyal,0.6575861087746037,0.17390319581748817
14113,1,1.37396589663526,-0.4037661338904833,High-Value Loyal,0.6575861087746037,0.17390319581748817
14114,0,-1.721498224623994,0.348398737138975,At-Risk / Low-Value,0.6575861087746037,0.17390319581748817
14116,1,1.1068399165236225,-0.49083793323780406,High-Value Loyal,0.6575861087746037,0.17390319581748817
14117,0,-3.3128318619828887,-0.5459176835057126,At-Risk / Low-Value,0.6575861087746037,0.17390319581748817
14121,1,2.6762757585161503,0.04478676679955874,High-Value Loyal,0.6575861087746037,0.17390319581748817
14124,2,-0.7974771661872613,1.1563113395582294,Regular / Growth,0.6575861087746037,0.17390319581748817
14125,1,2.377819362115676,0.7541192145140022,High-Value Loyal,0.6575861087746037,0.17390319581748817
14126,2,0.1052426272519612,-0.7997327560780616,Regular / Growth,0.6575861087746037,0.17390319581748817
14127,2,-0.3113956019871272,0.18359505123588254,Regular / Growth,0.6575861087746037,0.17390319581748817
14128,2,-0.03824294447052754,0.3840060265199034,Regular / Growth,0.6575861087746037,0.17390319581748817
14129,1,1.0965277853656108,-1.4891267867151643,High-Value Loyal,0.6575861087746037,0.17390319581748817
14130,2,-0.7035008012922059,1.5459444890144376,Regular / Growth,0.6575861087746037,0.17390319581748817
14132,1,3.141506834834281,-1.287261693102127,High-Value Loyal,0.6575861087746037,0.17390319581748817
14133,2,-0.5784818156330419,0.06472126586231647,Regular / Growth,0.6575861087746037,0.17390319581748817
14135,1,3.4324707876523783,-1.4418575172605625,High-Value Loyal,0.6575861087746037,0.17390319581748817
14138,2,1.0264820884537111,-0.39710780144052515,Regular / Growth,0.6575861087746037,0.17390319581748817
14139,2,-0.4606336127074357,0.7149618052286937,Regular / Growth,0.6575861087746037,0.17390319581748817
14140,2,1.1279866499373925,-0.21754467733364094,Regular / Growth,0.6575861087746037,0.17390319581748817
14141,2,0.6202515360120455,-1.315856255647966,Regular / Growth,0.6575861087746037,0.17390319581748817
14142,2,-1.4042857159806155,1.2150799262857397,Regular / Growth,0.6575861087746037,0.17390319581748817
14143,0,-3.143261861571446,-0.4174255460863963,At-Risk / Low-Value,0.6575861087746037,0.17390319581748817
14145,2,0.9362316361404319,1.3556903636382294,Regular / Growth,0.6575861087746037,0.17390319581748817
14146,1,2.9933849430861645,0.45724201166409406,High-Value Loyal,0.6575861087746037,0.17390319581748817
14147,0,-1.6446235767565753,0.14665659974889572,At-Risk / Low-Value,0.6575861087746037,0.17390319581748817
14148,0,-3.486016043582092,0.11885177004971119,At-Risk / Low-Value,0.6575861087746037,0.17390319581748817
14149,2,-1.0351270004453064,1.3457429004963943,Regular / Growth,0.6575861087746037,0.17390319581748817
14150,2,-0.12805399431330833,0.22496003900943035,Regular / Growth,0.6575861087746037,0.17390319581748817
14152,2,0.030298561988772416,0.451729219251314,Regular / Growth,0.6575861087746037,0.17390319581748817
14154,2,0.27150424070057755,1.7114119797187597,Regular / Growth,0.6575861087746037,0.17390319581748817
14155,0,-3.391839484637671,-0.12119576089817928,At-Risk / Low-Value,0.6575861087746037,0.17390319581748817
14156,1,7.60666406794148,0.7510930582112243,High-Value Loyal,0.6575861087746037,0.17390319581748817
14157,2,-0.32343109647342044,-0.5656140969103972,Regular / Growth,0.6575861087746037,0.17390319581748817
14158,2,0.03832358051450249,0.8896805769040215,Regular / Growth,0.6575861087746037,0.17390319581748817
14159,1,3.5563732288301724,-0.27836455079358885,High-Value Loyal,0.6575861087746037,0.17390319581748817
14161,2,0.30853350376087746,0.8709959265876518,Regular / Growth,0.6575861087746037,0.17390319581748817
14162,0,-1.5563372547704728,-0.1421262540482962,At-Risk / Low-Value,0.6575861087746037,0.17390319581748817
14163,2,1.1076488307325736,1.0723390596808962,Regular / Growth,0.6575861087746037,0.17390319581748817
14164,2,0.7687586135108487,1.5310167460344044,Regular / Growth,0.6575861087746037,0.17390319581748817
14165,0,-2.6927621384810734,-0.08956566986154059,At-Risk / Low-Value,0.6575861087746037,0.17390319581748817
14167,2,-0.6143542234884813,-0.9786832027138338,Regular / Growth,0.6575861087746037,0.17390319581748817
14171,2,-0.8541050491397898,0.7357674209035329,Regular / Growth,0.6575861087746037,0.17390319581748817
14173,2,-0.4905553430924681,-1.7072623143323764,Regular / Growth,0.6575861087746037,0.17390319581748817
14174,0,-1.8751761550612989,-0.7823722488656645,At-Risk / Low-Value,0.6575861087746037,0.17390319581748817
14175,1,2.0605982424888594,1.6003332886114299,High-Value Loyal,0.6575861087746037,0.17390319581748817
14176,2,-0.9302154501709573,-0.10353418906687886,Regular / Growth,0.6575861087746037,0.17390319581748817
14177,2,-0.5923836647946537,-0.6739744672151262,Regular / Growth,0.6575861087746037,0.17390319581748817
14178,1,2.0994301776741255,-1.1112547937256174,High-Value Loyal,0.6575861087746037,0.17390319581748817
14179,2,0.3633015185995424,0.21575213524696676,Regular / Growth,0.6575861087746037,0.17390319581748817
14180,1,2.6785541206558454,-1.7827292234388572,High-Value Loyal,0.6575861087746037,0.17390319581748817
14184,2,-0.9867218535409971,0.8381609254475896,Regular / Growth,0.6575861087746037,0.17390319581748817
14185,0,-3.691434732895736,0.4267542765158726,At-Risk / Low-Value,0.6575861087746037,0.17390319581748817
14188,1,1.3120051108267798,-0.07965574425817118,High-Value Loyal,0.6575861087746037,0.17390319581748817
14189,1,3.65375844019547,-1.479859629440609,High-Value Loyal,0.6575861087746037,0.17390319581748817
14191,1,3.5427063709761653,-1.2572252844076335,High-Value Loyal,0.6575861087746037,0.17390319581748817
14193,2,0.04253145407582311,0.7277813265043955,Regular / Growth,0.6575861087746037,0.17390319581748817
14194,1,4.552265510686847,-0.723520580923294,High-Value Loyal,0.6575861087746037,0.17390319581748817
14195,2,-0.4276479228202007,1.4771099208025649,Regular / Growth,0.6575861087746037,0.17390319581748817
14196,0,-1.7550313966313118,0.77899470978697,At-Risk / Low-Value,0.6575861087746037,0.17390319581748817
14198,2,0.0620168510460038,-0.9978352342906265,Regular / Growth,0.6575861087746037,0.17390319581748817
14199,0,-3.2551631950867588,0.32997410106956887,At-Risk / Low-Value,0.6575861087746037,0.17390319581748817
14201,2,0.10991723857883155,-1.1839538291868779,Regular / Growth,0.6575861087746037,0.17390319581748817
14204,0,-1.1943222606115333,-1.6901980802412868,At-Risk / Low-Value,0.6575861087746037,0.17390319581748817
14205,2,-0.54382958382823,-0.5190007927292812,Regular / Growth,0.6575861087746037,0.17390319581748817
14206,2,-1.335573660318901,1.0828175891179315,Regular / Growth,0.6575861087746037,0.17390319581748817
14208,0,-2.2775933858735673,-0.16589246326643045,At-Risk / Low-Value,0.6575861087746037,0.17390319581748817
14209,1,1.537619554758138,-0.5402008598747676,High-Value Loyal,0.6575861087746037,0.17390319581748817
14210,2,1.055035107721945,0.2601654478977934,Regular / Growth,0.6575861087746037,0.17390319581748817
14211,1,1.6630349006290537,-0.4027952894915281,High-Value Loyal,0.6575861087746037,0.17390319581748817
14212,2,0.07161552067192924,2.1290886444185433,Regular / Growth,0.6575861087746037,0.17390319581748817
14214,2,0.7890791360603543,-0.6604868310283373,Regular / Growth,0.6575861087746037,0.17390319581748817
14215,1,1.8394897252370472,-0.6354653514955096,High-Value Loyal,0.6575861087746037,0.17390319581748817
14216,1,1.553867339080041,-0.5453265705662939,High-Value Loyal,0.6575861087746037,0.17390319581748817
14217,1,2.102337299726342,-2.6853267719207854,High-Value Loyal,0.6575861087746037,0.17390319581748817
14218,0,-1.8295374125468444,-0.34379109060251595,At-Risk / Low-Value,0.6575861087746037,0.17390319581748817
14219,0,-2.2486736735010555,-1.9483037932098555,At-Risk / Low-Value,0.6575861087746037,0.17390319581748817
14220,2,-0.845403568647766,0.9078587616573157,Regular / Growth,0.6575861087746037,0.17390319581748817
14221,1,2.379650189125217,-0.0031173012660888626,High-Value Loyal,0.6575861087746037,0.17390319581748817
14222,2,-0.1537874829987272,1.7863271429761896,Regular / Growth,0.6575861087746037,0.17390319581748817
14223,2,0.31972863018476433,0.4670640248627091,Regular / Growth,0.6575861087746037,0.17390319581748817
14224,2,0.5062461991554533,0.1035770504173078,Regular / Growth,0.6575861087746037,0.17390319581748817
14226,1,1.6296301140756362,0.2141444167999386,High-Value Loyal,0.6575861087746037,0.17390319581748817
14227,1,2.4013430917120817,-0.38731143558118575,High-Value Loyal,0.6575861087746037,0.17390319581748817
14229,2,0.6337070266009067,0.7493994163003802,Regular / Growth,0.6575861087746037,0.17390319581748817
14231,2,-0.04199690570844705,0.6451274914275933,Regular / Growth,0.6575861087746037,0.17390319581748817
14232,1,1.7005883530203951,0.3098563224527405,High-Value Loyal,0.6575861087746037,0.17390319581748817
14233,2,0.668020400678358,0.2719531292527574,Regular / Growth,0.6575861087746037,0.17390319581748817
14234,2,0.9284108388244617,-0.7997783143606266,Regular / Growth,0.6575861087746037,0.17390319581748817
14235,1,1.8432077895231285,1.0075892887121163,High-Value Loyal,0.6575861087746037,0.17390319581748817
14236,2,-0.859176403032956,0.21172879459313873,Regular / Growth,0.6575861087746037,0.17390319581748817
14237,0,-2.9581971074167104,0.3606573453391686,At-Risk / Low-Value,0.6575861087746037,0.17390319581748817
14238,0,-2.6720004623784104,0.30663848641136027,At-Risk / Low-Value,0.6575861087746037,0.17390319581748817
14239,1,1.6932874064053673,-0.733022576900386,High-Value Loyal,0.6575861087746037,0.17390319581748817
14240,2,0.2616881935910448,0.4389279480215752,Regular / Growth,0.6575861087746037,0.17390319581748817
14241,0,-2.0714058089690233,0.4916187226965799,At-Risk / Low-Value,0.6575861087746037,0.17390319581748817
14242,0,-1.923009397110831,-0.03412042275653749,At-Risk / Low-Value,0.6575861087746037,0.17390319581748817
14243,1,2.2282503628424,-1.0974588788559019,High-Value Loyal,0.6575861087746037,0.17390319581748817
14245,2,0.9887319958865051,1.9552851495954817,Regular / Growth,0.6575861087746037,0.17390319581748817
14246,2,0.7521233673171603,0.9926979700853493,Regular / Growth,0.6575861087746037,0.17390319581748817
14247,0,-2.699121537043646,0.04869709783716825,At-Risk / Low-Value,0.6575861087746037,0.17390319581748817
14248,0,-2.1152702236362915,1.0669276108317147,At-Risk / Low-Value,0.6575861087746037,0.17390319581748817
14250,1,1.8921836027778147,0.20318860409526995,High-Value Loyal,0.6575861087746037,0.17390319581748817
14251,1,2.2760227203443777,-0.39073806935578254,High-Value Loyal,0.6575861087746037,0.17390319581748817
14256,2,-0.0595282015098428,1.3819079178875422,Regular / Growth,0.6575861087746037,0.17390319581748817
14257,1,1.9226596591435932,0.8991853057250005,High-Value Loyal,0.6575861087746037,0.17390319581748817
14258,1,3.914323988152619,0.9554751958617475,High-Value Loyal,0.6575861087746037,0.17390319581748817
14259,0,-2.953784521209427,-0.26950792006796365,At-Risk / Low-Value,0.6575861087746037,0.17390319581748817
14261,2,0.46539496221444754,0.9187489439346885,Regular / Growth,0.6575861087746037,0.17390319581748817
14262,1,2.289743980672787,-0.7687058965477167,High-Value Loyal,0.6575861087746037,0.17390319581748817
14264,0,-1.831915483538768,-0.0722541129585021,At-Risk / Low-Value,0.6575861087746037,0.17390319581748817
14265,2,-0.5953728106760741,0.38422307923605076,Regular / Growth,0.6575861087746037,0.17390319581748817
14267,2,0.2528723032785651,1.1830035238536374,Regular / Growth,0.6575861087746037,0.17390319581748817
14270,2,-1.073955234267064,1.6061389184697255,Regular / Growth,0.6575861087746037,0.17390319581748817
14271,0,-2.808715149529847,-0.160638988082914,At-Risk / Low-Value,0.6575861087746037,0.17390319581748817
14272,2,-0.4309808067714761,0.07220306083686338,Regular / Growth,0.6575861087746037,0.17390319581748817
14273,2,-0.5479216751255055,-0.8145940468029679,Regular / Growth,0.6575861087746037,0.17390319581748817
14276,2,0.49808327215057985,0.6476425182431617,Regular / Growth,0.6575861087746037,0.17390319581748817
14277,1,2.7981509867866126,1.3441838560594128,High-Value Loyal,0.6575861087746037,0.17390319581748817
14280,0,-2.887409186039286,-0.06263570839393963,At-Risk / Low-Value,0.6575861087746037,0.17390319581748817
14282,1,2.9373859594871066,-1.5972509969739745,High-Value Loyal,0.6575861087746037,0.17390319581748817
14284,2,-0.5500167279837743,-0.04542368662070935,Regular / Growth,0.6575861087746037,0.17390319581748817
14285,2,0.8198580766400901,0.230020285024016,Regular / Growth,0.6575861087746037,0.17390319581748817
14286,1,3.0903682610988796,1.6981722696752202,High-Value Loyal,0.6575861087746037,0.17390319581748817
14287,0,-1.3812566489391969,-2.3236369552462834,At-Risk / Low-Value,0.6575861087746037,0.17390319581748817
14288,2,-1.3064308666372364,1.2957820754043248,Regular / Growth,0.6575861087746037,0.17390319581748817
14289,2,0.44162758782955663,-1.5506733244695217,Regular / Growth,0.6575861087746037,0.17390319581748817
14290,1,1.875775163243826,-0.15970187846631395,High-Value Loyal,0.6575861087746037,0.17390319581748817
14291,1,3.2674728407573705,-1.2385612147453928,High-Value Loyal,0.6575861087746037,0.17390319581748817
14292,1,2.69996786386835,-0.25416381476921046,High-Value Loyal,0.6575861087746037,0.17390319581748817
14293,1,1.1902258114187052,-1.141732811327212,High-Value Loyal,0.6575861087746037,0.17390319581748817
14295,0,-2.328199084844949,-0.4105870532542477,At-Risk / Low-Value,0.6575861087746037,0.17390319581748817
14297,2,1.0508255054823286,-0.24753443508136386,Regular / Growth,0.6575861087746037,0.17390319581748817
14298,1,7.030777062871645,0.10808674695532587,High-Value Loyal,0.6575861087746037,0.17390319581748817
14299,1,2.759516494673103,-0.4730570498702913,High-Value Loyal,0.6575861087746037,0.17390319581748817
14300,0,-3.7069447281534655,-2.205181348009081,At-Risk / Low-Value,0.6575861087746037,0.17390319581748817
14301,2,-0.5051354264069958,1.605145709187878,Regular / Growth,0.6575861087746037,0.17390319581748817
14304,0,-1.486549859089076,1.1696645979631057,At-Risk / Low-Value,0.6575861087746037,0.17390319581748817
14305,2,1.3323330682717225,1.0634158261384585,Regular / Growth,0.6575861087746037,0.17390319581748817
14306,2,1.1165503216267212,1.6626999489984886,Regular / Growth,0.6575861087746037,0.17390319581748817
14307,1,2.097094994466885,0.7242566307742215,High-Value Loyal,0.6575861087746037,0.17390319581748817
14309,1,2.159055841860262,-1.0483694512293658,High-Value Loyal,0.6575861087746037,0.17390319581748817
14311,0,-1.604513033257988,0.9725825435301221,At-Risk / Low-Value,0.6575861087746037,0.17390319581748817
14312,1,1.247605127205772,-0.22773741601608893,High-Value Loyal,0.6575861087746037,0.17390319581748817
14314,0,-2.2356137142425836,-0.27471729983817567,At-Risk / Low-Value,0.6575861087746037,0.17390319581748817
14315,1,1.5564742437983368,0.22834891242949168,High-Value Loyal,0.6575861087746037,0.17390319581748817
14317,2,-0.6457583326008173,1.0129502809578974,Regular / Growth,0.6575861087746037,0.17390319581748817
14320,2,-0.8566027708208684,0.5338647652651959,Regular / Growth,0.6575861087746037,0.17390319581748817
14321,1,1.9569695048577682,-0.5308134774427327,High-Value Loyal,0.6575861087746037,0.17390319581748817
14323,2,-0.4701587792777889,0.5518809996309352,Regular / Growth,0.6575861087746037,0.17390319581748817
14326,0,-2.448167140947302,0.4204597307595927,At-Risk / Low-Value,0.6575861087746037,0.17390319581748817
14327,0,-1.6971268835441957,0.835861859854028,At-Risk / Low-Value,0.6575861087746037,0.17390319581748817
14329,1,3.1740391280267093,0.40980525297767845,High-Value Loyal,0.6575861087746037,0.17390319581748817
14331,2,-0.8760598861805143,0.27255027579009417,Regular / Growth,0.6575861087746037,0.17390319581748817
14332,2,0.13683023217281587,-0.24290733851951873,Regular / Growth,0.6575861087746037,0.17390319581748817
14333,0,-1.489259733020603,0.7043735413239726,At-Risk / Low-Value,0.6575861087746037,0.17390319581748817
14334,1,2.1669215350414643,-0.5151860146107566,High-Value Loyal,0.6575861087746037,0.17390319581748817
14335,2,-0.03611732678622918,-0.5596768746271505,Regular / Growth,0.6575861087746037,0.17390319581748817
14336,1,1.6479955127494084,-0.000831784365728002,High-Value Loyal,0.6575861087746037,0.17390319581748817
14338,2,-0.6086700800779138,0.6569731554471282,Regular / Growth,0.6575861087746037,0.17390319581748817
14339,0,-1.678874666305185,0.9998483816208994,At-Risk / Low-Value,0.6575861087746037,0.17390319581748817
14340,0,-2.9611828245503236,0.008153936846728802,At-Risk / Low-Value,0.6575861087746037,0.17390319581748817
14341,1,1.7790835138048078,-0.333571325280455,High-Value Loyal,0.6575861087746037,0.17390319581748817
14342,2,-0.1782781670746238,-0.9406305537073123,Regular / Growth,0.6575861087746037,0.17390319581748817
14344,2,0.2157124660050624,-0.9351275691252072,Regular / Growth,0.6575861087746037,0.17390319581748817
14345,0,-2.782122445697811,-0.9270964066325573,At-Risk / Low-Value,0.6575861087746037,0.17390319581748817
14346,2,0.31906518165099473,1.1587426815474045,Regular / Growth,0.6575861087746037,0.17390319581748817
14348,2,-1.355029578793458,1.3246459973278082,Regular / Growth,0.6575861087746037,0.17390319581748817
14349,0,-1.5862535032115403,-1.2667800973661867,At-Risk / Low-Value,0.6575861087746037,0.17390319581748817
14350,0,-1.6646029382026453,0.9471851821656907,At-Risk / Low-Value,0.6575861087746037,0.17390319581748817
14351,0,-4.643773996166055,-1.2139084279291366,At-Risk / Low-Value,0.6575861087746037,0.17390319581748817
14352,2,0.20652688059473842,0.37287601524791536,Regular / Growth,0.6575861087746037,0.17390319581748817
14353,0,-3.2401084858671574,-0.4156127614324473,At-Risk / Low-Value,0.6575861087746037,0.17390319581748817
14354,0,-1.4673821738361392,-1.9814215693116175,At-Risk / Low-Value,0.6575861087746037,0.17390319581748817
14355,0,-2.5224656085990134,0.5069744401855815,At-Risk / Low-Value,0.6575861087746037,0.17390319581748817
14356,2,-0.3376760609396327,0.542135896986826,Regular / Growth,0.6575861087746037,0.17390319581748817
14357,2,-1.2273226154266257,-0.10403715937792828,Regular / Growth,0.6575861087746037,0.17390319581748817
14359,2,0.4099804080961561,-0.283082641610703,Regular / Growth,0.6575861087746037,0.17390319581748817
14360,1,1.680433080047704,0.4848296801899173,High-Value Loyal,0.6575861087746037,0.17390319581748817
14362,0,-1.5581534801467745,-0.8294362227821266,At-Risk / Low-Value,0.6575861087746037,0.17390319581748817
14364,1,1.9221396859817426,0.6640327116321374,High-Value Loyal,0.6575861087746037,0.17390319581748817
14367,1,4.151503101964437,-0.4009636553746322,High-Value Loyal,0.6575861087746037,0.17390319581748817
14368,0,-3.008976373309195,0.2583007215879576,At-Risk / Low-Value,0.6575861087746037,0.17390319581748817
14371,0,-3.566937475726941,-0.21401428299186334,At-Risk / Low-Value,0.6575861087746037,0.17390319581748817
14373,0,-4.05997731185697,-0.48564832990867685,At-Risk / Low-Value,0.6575861087746037,0.17390319581748817
14375,2,-1.3174449980127383,0.5331925645914607,Regular / Growth,0.6575861087746037,0.17390319581748817
14377,2,-1.0979331308920233,0.7891129988689362,Regular / Growth,0.6575861087746037,0.17390319581748817
14379,2,-0.6863025229576013,-0.45549159858322286,Regular / Growth,0.6575861087746037,0.17390319581748817
14381,2,-1.2302774466887783,-0.16008135834348686,Regular / Growth,0.6575861087746037,0.17390319581748817
14382,2,0.831993930449952,0.9126468479830483,Regular / Growth,0.6575861087746037,0.17390319581748817
14383,2,0.8171144074832524,0.39179922611285734,Regular / Growth,0.6575861087746037,0.17390319581748817
14385,0,-1.348810093581515,-2.1984878236657943,At-Risk / Low-Value,0.6575861087746037,0.17390319581748817
14386,0,-2.9641367090684123,0.1783850989528898,At-Risk / Low-Value,0.6575861087746037,0.17390319581748817
14387,1,1.4337822012663641,0.6368323704341585,High-Value Loyal,0.6575861087746037,0.17390319581748817
14388,1,2.5909951554861315,-0.469564484669751,High-Value Loyal,0.6575861087746037,0.17390319581748817
14389,2,0.36533739709334806,0.9735388295341785,Regular / Growth,0.6575861087746037,0.17390319581748817
14390,1,2.9657359116821143,-0.2403794570158052,High-Value Loyal,0.6575861087746037,0.17390319581748817
14393,0,-4.060803734068436,-0.8460896273344602,At-Risk / Low-Value,0.6575861087746037,0.17390319581748817
14395,1,3.061460169631333,-1.1170194741813684,High-Value Loyal,0.6575861087746037,0.17390319581748817
14396,2,-0.38363216730034483,0.010661644261317878,Regular / Growth,0.6575861087746037,0.17390319581748817
14397,1,2.1040833201374904,-2.285248938672404,High-Value Loyal,0.6575861087746037,0.17390319581748817
14400,2,-0.5258107443350528,1.5288525227272975,Regular / Growth,0.6575861087746037,0.17390319581748817
14401,1,3.289430077001961,-1.17425188357532,High-Value Loyal,0.6575861087746037,0.17390319581748817
14403,2,0.16078162463897142,0.6783046124167207,Regular / Growth,0.6575861087746037,0.17390319581748817
14404,1,1.1464795726866162,-0.48600438371313953,High-Value Loyal,0.6575861087746037,0.17390319581748817
14406,0,-2.5106932134464808,-0.06427513426642899,At-Risk / Low-Value,0.6575861087746037,0.17390319581748817
14407,1,1.3736852441888792,0.4524374843467156,High-Value Loyal,0.6575861087746037,0.17390319581748817
14408,1,2.0609957883165846,-0.44825634815602455,High-Value Loyal,0.6575861087746037,0.17390319581748817
14409,1,1.200728303773554,0.25052406205047095,High-Value Loyal,0.6575861087746037,0.17390319581748817
14410,1,0.8932514785794295,-1.04509365937546,High-Value Loyal,0.6575861087746037,0.17390319581748817
14411,2,-0.6903242173628193,2.4452871442369477,Regular / Growth,0.6575861087746037,0.17390319581748817
14412,2,0.33441573196968744,0.4737559106681915,Regular / Growth,0.6575861087746037,0.17390319581748817
14413,0,-2.6872656128386434,0.04885477441603339,At-Risk / Low-Value,0.6575861087746037,0.17390319581748817
14414,1,1.3895892544428798,-0.18229887365210312,High-Value Loyal,0.6575861087746037,0.17390319581748817
14415,1,3.986558720968358,-1.2341892548115643,High-Value Loyal,0.6575861087746037,0.17390319581748817
14416,2,-0.5931841656431621,-0.2965869163042096,Regular / Growth,0.6575861087746037,0.17390319581748817
14418,1,2.2078527871369165,0.05197126734727936,High-Value Loyal,0.6575861087746037,0.17390319581748817
14419,1,1.1198538914348608,-1.339461931493694,High-Value Loyal,0.6575861087746037,0.17390319581748817
14420,2,-0.8028260308352511,0.9036593264365952,Regular / Growth,0.6575861087746037,0.17390319581748817
14421,2,-0.14126140319035366,0.6040118788299264,Regular / Growth,0.6575861087746037,0.17390319581748817
14422,1,3.4747558676476555,-0.427857046234119,High-Value Loyal,0.6575861087746037,0.17390319581748817
14423,0,-2.3685337296472957,0.8278135682894912,At-Risk / Low-Value,0.6575861087746037,0.17390319581748817
14424,0,-2.2029973633748483,-0.004308344021199274,At-Risk / Low-Value,0.6575861087746037,0.17390319581748817
14426,1,2.9497573798398933,-0.09290142751185203,High-Value Loyal,0.6575861087746037,0.17390319581748817
14427,0,-1.0741487511009429,-0.3361178492133865,At-Risk / Low-Value,0.6575861087746037,0.17390319581748817
14428,1,1.2634491110564552,-1.0895057002030994,High-Value Loyal,0.6575861087746037,0.17390319581748817
14431,2,-1.4167990529955257,1.5086003559846992,Regular / Growth,0.6575861087746037,0.17390319581748817
14432,1,2.5415102373192147,-0.4717480109874141,High-Value Loyal,0.6575861087746037,0.17390319581748817
14434,2,-0.11273392059514722,-0.6389681490997646,Regular / Growth,0.6575861087746037,0.17390319581748817
14436,0,-2.704701538843082,-0.7045356097455592,At-Risk / Low-Value,0.6575861087746037,0.17390319581748817
14437,0,-3.730687526589355,-0.5848471933769583,At-Risk / Low-Value,0.6575861087746037,0.17390319581748817
14438,0,-2.8093666307262453,0.13347150675066796,At-Risk / Low-Value,0.6575861087746037,0.17390319581748817
14439,2,0.6673001219755288,3.49548593309821,Regular / Growth,0.6575861087746037,0.17390319581748817
14440,1,1.4549411183906176,-0.24617317662855245,High-Value Loyal,0.6575861087746037,0.17390319581748817
14441,1,1.5282483030356195,-0.9257682466343741,High-Value Loyal,0.6575861087746037,0.17390319581748817
14442,2,0.49253820913024676,1.8268531767883551,Regular / Growth,0.6575861087746037,0.17390319581748817
14443,2,1.0958445247245354,0.2554991920403276,Regular / Growth,0.6575861087746037,0.17390319581748817
14446,1,1.9532991210166748,-1.517221126775794,High-Value Loyal,0.6575861087746037,0.17390319581748817
14447,2,0.8621366215981036,-0.7097952435553349,Regular / Growth,0.6575861087746037,0.17390319581748817
14448,2,-0.8614789032314735,-1.0458781099096015,Regular / Growth,0.6575861087746037,0.17390319581748817
14449,1,1.1821440349426515,-0.7314146739569094,High-Value Loyal,0.6575861087746037,0.17390319581748817
14450,2,-0.8782565836009157,-0.08904009612745328,Regular / Growth,0.6575861087746037,0.17390319581748817
14451,2,0.10521215769545135,0.3136245400779889,Regular / Growth,0.6575861087746037,0.17390319581748817
14452,2,-0.8117638465118042,-1.4111263180882307,Regular / Growth,0.6575861087746037,0.17390319581748817
14453,0,-2.651141457268894,-0.25034397857237767,At-Risk / Low-Value,0.6575861087746037,0.17390319581748817
14456,1,3.387147800392919,-1.0005464238953046,High-Value Loyal,0.6575861087746037,0.17390319581748817
14457,0,-3.1570631970223926,0.02232517511284952,At-Risk / Low-Value,0.6575861087746037,0.17390319581748817
14459,2,0.7161919101376986,2.8267412100159928,Regular / Growth,0.6575861087746037,0.17390319581748817
14460,2,-0.6823376748948278,-0.24918308315208787,Regular / Growth,0.6575861087746037,0.17390319581748817
14461,2,1.349323138590957,1.4315748598563733,Regular / Growth,0.6575861087746037,0.17390319581748817
14462,1,1.6443704248055513,-0.7934028799207019,High-Value Loyal,0.6575861087746037,0.17390319581748817
14463,0,-1.321921474955523,-0.18498997845490814,At-Risk / Low-Value,0.6575861087746037,0.17390319581748817
14465,2,0.2637064289469078,0.8441511985225094,Regular / Growth,0.6575861087746037,0.17390319581748817
14466,1,1.3858186114904087,-0.23415139520436853,High-Value Loyal,0.6575861087746037,0.17390319581748817
14467,2,0.1429453783606846,-1.2097153988779314,Regular / Growth,0.6575861087746037,0.17390319581748817
14470,2,-0.2786064960456149,-0.700729150423393,Regular / Growth,0.6575861087746037,0.17390319581748817
14472,1,1.5086445954973993,-0.20181277175660986,High-Value Loyal,0.6575861087746037,0.17390319581748817
14473,0,-2.1150752947778533,-0.6953100123125298,At-Risk / Low-Value,0.6575861087746037,0.17390319581748817
14474,2,-0.6483014397609079,0.891790711164049,Regular / Growth,0.6575861087746037,0.17390319581748817
14475,2,0.10324477651750973,0.2889452970087012,Regular / Growth,0.6575861087746037,0.17390319581748817
14476,0,-2.1516289889239557,0.4670864435769508,At-Risk / Low-Value,0.6575861087746037,0.17390319581748817
14477,2,0.31535551001137996,-0.12584037103689402,Regular / Growth,0.6575861087746037,0.17390319581748817
14479,0,-1.7525805440139595,0.10592397982031067,At-Risk / Low-Value,0.6575861087746037,0.17390319581748817
14480,2,-1.1373476803766958,-0.35065740989883004,Regular / Growth,0.6575861087746037,0.17390319581748817
14481,2,-0.4831100373562453,0.7947116906611473,Regular / Growth,0.6575861087746037,0.17390319581748817
14482,1,1.9529747346207544,-0.33855845282225433,High-Value Loyal,0.6575861087746037,0.17390319581748817
14483,0,-2.7016862119134015,0.1566003032702142,At-Risk / Low-Value,0.6575861087746037,0.17390319581748817
14484,2,-1.2037980236317927,0.42377896831665884,Regular / Growth,0.6575861087746037,0.17390319581748817
14485,0,-1.6776771209359305,-0.5631078903688876,At-Risk / Low-Value,0.6575861087746037,0.17390319581748817
14487,1,1.1384948074261152,-0.8490232358552304,High-Value Loyal,0.6575861087746037,0.17390319581748817
14488,2,0.5607280025381264,1.8973528304058955,Regular / Growth,0.6575861087746037,0.17390319581748817
14489,2,-0.857013862964605,1.3835533176295944,Regular / Growth,0.6575861087746037,0.17390319581748817
14491,0,-1.5655431156716768,0.05358007916286454,At-Risk / Low-Value,0.6575861087746037,0.17390319581748817
14493,1,2.135190685692491,-0.2665735952014408,High-Value Loyal,0.6575861087746037,0.17390319581748817
14494,0,-2.235757238110068,-0.7754008837056899,At-Risk / Low-Value,0.6575861087746037,0.17390319581748817
14495,0,-2.707087408862497,-1.5507703525758174,At-Risk / Low-Value,0.6575861087746037,0.17390319581748817
14496,0,-1.3068140143854456,0.7958293161480009,At-Risk / Low-Value,0.6575861087746037,0.17390319581748817
14497,2,-1.024968424671027,1.554095400674597,Regular / Growth,0.6575861087746037,0.17390319581748817
14498,1,1.7132250853627309,0.1746552129327728,High-Value Loyal,0.6575861087746037,0.17390319581748817
14499,2,0.7684457362904324,-0.3262072352248488,Regular / Growth,0.6575861087746037,0.17390319581748817
14500,0,-1.7604417197065867,-0.6902476795564015,At-Risk / Low-Value,0.6575861087746037,0.17390319581748817
14501,0,-1.9826120117311319,-0.21073091705474883,At-Risk / Low-Value,0.6575861087746037,0.17390319581748817
14502,1,2.5529016616206532,-1.0536223811189542,High-Value Loyal,0.6575861087746037,0.17390319581748817
14503,1,2.85094087084156,-0.35180073867509476,High-Value Loyal,0.6575861087746037,0.17390319581748817
14504,2,0.14583467463906993,-0.7036968475616153,Regular / Growth,0.6575861087746037,0.17390319581748817
14505,1,3.6054467358019497,0.3347619610712437,High-Value Loyal,0.6575861087746037,0.17390319581748817
14506,1,1.8520380702626333,-0.23938689519376583,High-Value Loyal,0.6575861087746037,0.17390319581748817
14507,1,1.1068744419130363,-0.7211233650081045,High-Value Loyal,0.6575861087746037,0.17390319581748817
14508,2,-0.9198838847826587,-1.0969674768519166,Regular / Growth,0.6575861087746037,0.17390319581748817
14511,1,1.1835443464832922,-0.7569270122144452,High-Value Loyal,0.6575861087746037,0.17390319581748817
14512,0,-1.760911851677002,-0.16419613729183685,At-Risk / Low-Value,0.6575861087746037,0.17390319581748817
14513,0,-1.0135804282591112,-0.3002376212995665,At-Risk / Low-Value,0.6575861087746037,0.17390319581748817
14514,2,0.49383728864917903,0.2841527048456289,Regular / Growth,0.6575861087746037,0.17390319581748817
14515,1,1.6707580258148744,-0.3196092299371278,High-Value Loyal,0.6575861087746037,0.17390319581748817
14517,0,-1.3514974875028807,-0.6877653007803122,At-Risk / Low-Value,0.6575861087746037,0.17390319581748817
14518,0,-1.6108140392398156,-0.11895353906495204,At-Risk / Low-Value,0.6575861087746037,0.17390319581748817
14520,0,-1.321018336758705,-1.7726812894791315,At-Risk / Low-Value,0.6575861087746037,0.17390319581748817
14522,2,0.17634117001078956,-0.4371928590113295,Regular / Growth,0.6575861087746037,0.17390319581748817
14523,0,-1.6036108085467393,0.4451968156509422,At-Risk / Low-Value,0.6575861087746037,0.17390319581748817
14524,1,1.6260492394259112,-0.9003913433409931,High-Value Loyal,0.6575861087746037,0.17390319581748817
14525,1,2.9798439901441744,-0.08626935684946928,High-Value Loyal,0.6575861087746037,0.17390319581748817
14527,1,4.301977483321021,-2.747938505132869,High-Value Loyal,0.6575861087746037,0.17390319581748817
14528,2,-0.853766522685381,0.44960101872527714,Regular / Growth,0.6575861087746037,0.17390319581748817
14529,2,0.23111672223298804,-0.4015854204868418,Regular / Growth,0.6575861087746037,0.17390319581748817
14530,1,2.1826572803135096,0.15302448315498532,High-Value Loyal,0.6575861087746037,0.17390319581748817
14532,2,-0.2187611949037467,0.32345855903737397,Regular / Growth,0.6575861087746037,0.17390319581748817
14533,1,1.9223939913329477,-0.355061784393851,High-Value Loyal,0.6575861087746037,0.17390319581748817
14534,1,3.5654587872642924,-1.7864742653525476,High-Value Loyal,0.6575861087746037,0.17390319581748817
14535,1,2.2777327711591258,1.4500652603381892,High-Value Loyal,0.6575861087746037,0.17390319581748817
14536,0,-2.586571374112643,0.2475064528733554,At-Risk / Low-Value,0.6575861087746037,0.17390319581748817
14537,0,-1.462505404292432,0.5567644064731369,At-Risk / Low-Value,0.6575861087746037,0.17390319581748817
14538,0,-1.1561660779902774,-0.20230935200988817,At-Risk / Low-Value,0.6575861087746037,0.17390319581748817
14539,2,-0.057212488471164225,-0.33921169062800316,Regular / Growth,0.6575861087746037,0.17390319581748817
14540,2,0.7524163022703236,-0.48992356551704497,Regular / Growth,0.6575861087746037,0.17390319581748817
14541,1,0.9732314962165739,-0.7028814782720199,High-Value Loyal,0.6575861087746037,0.17390319581748817
14542,0,-3.5666904630247656,-0.4316995424159622,At-Risk / Low-Value,0.6575861087746037,0.17390319581748817
14543,1,1.8063751845194924,-0.9989090435545316,High-Value Loyal,0.6575861087746037,0.17390319581748817
14544,1,1.7570701910112922,1.2942357446970243,High-Value Loyal,0.6575861087746037,0.17390319581748817
14546,1,2.617241373772546,-0.3485698729786979,High-Value Loyal,0.6575861087746037,0.17390319581748817
14547,1,3.2205623308485083,-0.5580586166137967,High-Value Loyal,0.6575861087746037,0.17390319581748817
14548,0,-1.441957916247306,0.840128061159852,At-Risk / Low-Value,0.6575861087746037,0.17390319581748817
14549,2,-1.384202345374396,0.9392978362304236,Regular / Growth,0.6575861087746037,0.17390319581748817
14550,2,0.33812874616379357,-0.13024493056429737,Regular / Growth,0.6575861087746037,0.17390319581748817
14551,0,-1.8334538812931513,-1.4964389838101955,At-Risk / Low-Value,0.6575861087746037,0.17390319581748817
14552,0,-1.8074370643977231,0.002206984096289812,At-Risk / Low-Value,0.6575861087746037,0.17390319581748817
14553,2,0.7966538496248007,-1.0817863790796525,Regular / Growth,0.6575861087746037,0.17390319581748817
14554,1,2.202153916020622,0.1195511279554758,High-Value Loyal,0.6575861087746037,0.17390319581748817
14555,0,-1.4009843985815014,-0.5068008778249997,At-Risk / Low-Value,0.6575861087746037,0.17390319581748817
14557,2,-0.25342416003859225,1.675663122333448,Regular / Growth,0.6575861087746037,0.17390319581748817
14560,1,1.9688849774722494,-2.461748745437653,High-Value Loyal,0.6575861087746037,0.17390319581748817
14561,2,0.7276586574497954,0.5175704260261101,Regular / Growth,0.6575861087746037,0.17390319581748817
14562,1,3.375024271622055,-1.5360816765031655,High-Value Loyal,0.6575861087746037,0.17390319581748817
14565,1,1.8624223463276979,1.3589170306454263,High-Value Loyal,0.6575861087746037,0.17390319581748817
14566,2,-0.11807598275676852,2.531426653406755,Regular / Growth,0.6575861087746037,0.17390319581748817
14567,2,0.5061818969298734,1.2834795318485868,Regular / Growth,0.6575861087746037,0.17390319581748817
14569,0,-1.1730177320493502,-1.3416076140773563,At-Risk / Low-Value,0.6575861087746037,0.17390319581748817
14570,0,-1.9816883343608769,-0.2941270287869996,At-Risk / Low-Value,0.6575861087746037,0.17390319581748817
14572,1,2.745876100526875,-0.884297584935691,High-Value Loyal,0.6575861087746037,0.17390319581748817
14573,1,0.9706181673398758,-0.34055569965359106,High-Value Loyal,0.6575861087746037,0.17390319581748817
14576,0,-5.120847536951569,-1.2694649358240166,At-Risk / Low-Value,0.6575861087746037,0.17390319581748817
14577,2,0.6820580255230431,-0.9314821603513929,Regular / Growth,0.6575861087746037,0.17390319581748817
14578,2,-0.8972607759839106,-1.324668172898356,Regular / Growth,0.6575861087746037,0.17390319581748817
14581,0,-1.5798025932707611,-0.9111051503872314,At-Risk / Low-Value,0.6575861087746037,0.17390319581748817
14582,0,-2.6275420873241635,-0.8247074041043595,At-Risk / Low-Value,0.6575861087746037,0.17390319581748817
14583,1,1.6059721735187855,-1.3673628514416445,High-Value Loyal,0.6575861087746037,0.17390319581748817
14584,2,0.1884292680479386,0.30306741608168924,Regular / Growth,0.6575861087746037,0.17390319581748817
14585,0,-1.8190437146698122,-0.4586130264112479,At-Risk / Low-Value,0.6575861087746037,0.17390319581748817
14586,0,-1.483118461913642,0.8385871018169817,At-Risk / Low-Value,0.6575861087746037,0.17390319581748817
14587,1,1.6778946412541893,-1.263265756379737,High-Value Loyal,0.6575861087746037,0.17390319581748817
14589,0,-5.049309686128643,-1.2522259235231945,At-Risk / Low-Value,0.6575861087746037,0.17390319581748817
14591,1,1.5962678946103739,-0.32806368179269924,High-Value Loyal,0.6575861087746037,0.17390319581748817
14592,2,0.2985618789840291,-0.6206479749978783,Regular / Growth,0.6575861087746037,0.17390319581748817
14593,2,0.398090168931886,-0.7114518652970271,Regular / Growth,0.6575861087746037,0.17390319581748817
14594,2,-0.33622788869280534,-1.1656369521275973,Regular / Growth,0.6575861087746037,0.17390319581748817
14595,1,1.576140367201072,-0.4970594114162866,High-Value Loyal,0.6575861087746037,0.17390319581748817
14597,2,0.6354391513306303,0.03947760105625136,Regular / Growth,0.6575861087746037,0.17390319581748817
14598,2,-1.0769969542111386,-0.09929621832149906,Regular / Growth,0.6575861087746037,0.17390319581748817
14600,2,-1.4443693618727431,1.297196877895978,Regular / Growth,0.6575861087746037,0.17390319581748817
14601,0,-1.4960415954318615,-0.5934332549325902,At-Risk / Low-Value,0.6575861087746037,0.17390319581748817
14603,2,-1.3767601163948515,2.02723758210529,Regular / Growth,0.6575861087746037,0.17390319581748817
14606,1,5.547407263293341,-3.396078506186437,High-Value Loyal,0.6575861087746037,0.17390319581748817
14607,1,4.071594126929725,0.8507837467836282,High-Value Loyal,0.6575861087746037,0.17390319581748817
14608,2,0.76987997415737,-0.42736183356064855,Regular / Growth,0.6575861087746037,0.17390319581748817
14609,2,-0.16341430979457325,-0.20160137503341208,Regular / Growth,0.6575861087746037,0.17390319581748817
14616,0,-2.237796626194946,-0.1069456096604961,At-Risk / Low-Value,0.6575861087746037,0.17390319581748817
14618,2,-0.45325709999431496,-1.061224290640854,Regular / Growth,0.6575861087746037,0.17390319581748817
14619,2,-1.4005027102505354,1.2399389804517649,Regular / Growth,0.6575861087746037,0.17390319581748817
14620,2,-1.155363639080942,0.3427544815463849,Regular / Growth,0.6575861087746037,0.17390319581748817
14621,1,2.0780949733006997,-1.1557598328557703,High-Value Loyal,0.6575861087746037,0.17390319581748817
14622,0,-1.4979668802920196,0.8947820677628867,At-Risk / Low-Value,0.6575861087746037,0.17390319581748817
14623,2,0.6643624899336764,-0.8609341291581224,Regular / Growth,0.6575861087746037,0.17390319581748817
14624,0,-1.6733266286396213,-0.8146403068308148,At-Risk / Low-Value,0.6575861087746037,0.17390319581748817
14625,2,-0.12683157196904765,1.1681586292912725,Regular / Growth,0.6575861087746037,0.17390319581748817
14626,1,2.053464727843526,0.6862537627146111,High-Value Loyal,0.6575861087746037,0.17390319581748817
14628,2,-0.5484925695764862,0.5666728717135656,Regular / Growth,0.6575861087746037,0.17390319581748817
14629,2,1.1633260106394443,-0.30313445964781033,Regular / Growth,0.6575861087746037,0.17390319581748817
14631,2,0.39347954683149444,0.26647884824209506,Regular / Growth,0.6575861087746037,0.17390319581748817
14632,0,-2.8704811888790225,-0.0598572253860518,At-Risk / Low-Value,0.6575861087746037,0.17390319581748817
14633,0,-1.684874654076193,1.0863133755178387,At-Risk / Low-Value,0.6575861087746037,0.17390319581748817
14636,2,-0.38445484015926806,0.0698270820082494,Regular / Growth,0.6575861087746037,0.17390319581748817
14638,2,-0.9867851933736378,0.7500953598273985,Regular / Growth,0.6575861087746037,0.17390319581748817
14639,1,2.0621923956587773,0.4762011048354398,High-Value Loyal,0.6575861087746037,0.17390319581748817
14640,1,1.6250762214047094,-0.22527126751260246,High-Value Loyal,0.6575861087746037,0.17390319581748817
14641,0,-2.39278323981374,-1.0935160999958995,At-Risk / Low-Value,0.6575861087746037,0.17390319581748817
14642,0,-3.138612575751642,-0.8156693683318492,At-Risk / Low-Value,0.6575861087746037,0.17390319581748817
14643,2,-0.18045602594664129,0.936143505068439,Regular / Growth,0.6575861087746037,0.17390319581748817
14644,2,-0.2711466842496535,0.6651819382151941,Regular / Growth,0.6575861087746037,0.17390319581748817
14645,2,-0.570187741805856,0.6778048005414267,Regular / Growth,0.6575861087746037,0.17390319581748817
14646,1,9.084238316737524,0.8454032897700496,High-Value Loyal,0.6575861087746037,0.17390319581748817
14647,0,-1.8799903109133396,0.5502288037651092,At-Risk / Low-Value,0.6575861087746037,0.17390319581748817
14649,1,1.8296751577754347,-0.6842301140774226,High-Value Loyal,0.6575861087746037,0.17390319581748817
14651,2,0.09371044375951774,0.36054850900507124,Regular / Growth,0.6575861087746037,0.17390319581748817
14652,0,-2.3585997095844333,-0.6750187658575426,At-Risk / Low-Value,0.6575861087746037,0.17390319581748817
14653,1,2.3896891233098425,-1.5972273719310623,High-Value Loyal,0.6575861087746037,0.17390319581748817
14655,1,1.5105686781272025,-0.09263699090593937,High-Value Loyal,0.6575861087746037,0.17390319581748817
14656,0,-1.2271519874106964,-0.21667610041178129,At-Risk / Low-Value,0.6575861087746037,0.17390319581748817
14657,2,0.7600589330365359,-0.805976853996185,Regular / Growth,0.6575861087746037,0.17390319581748817
14658,0,-1.245538939877976,-1.7878338511767926,At-Risk / Low-Value,0.6575861087746037,0.17390319581748817
14659,1,2.3287008942027025,-0.9900539912904994,High-Value Loyal,0.6575861087746037,0.17390319581748817
14660,0,-1.256096676610153,-0.39189565901118983,At-Risk / Low-Value,0.6575861087746037,0.17390319581748817
14661,0,-2.9480173578420374,-1.0963619555057786,At-Risk / Low-Value,0.6575861087746037,0.17390319581748817
14662,2,0.7364763910502201,-0.7623037802527295,Regular / Growth,0.6575861087746037,0.17390319581748817
14664,2,0.38231725702589214,-0.11061614797954218,Regular / Growth,0.6575861087746037,0.17390319581748817
14665,2,1.1086288372840323,0.25846399014709354,Regular / Growth,0.6575861087746037,0.17390319581748817
14666,0,-1.5301550102940493,-0.42892099869134004,At-Risk / Low-Value,0.6575861087746037,0.17390319581748817
14667,1,4.314094050951494,-0.9538266887035448,High-Value Loyal,0.6575861087746037,0.17390319581748817
14669,2,0.7912806525844575,1.0825454391830351,Regular / Growth,0.6575861087746037,0.17390319581748817
14670,2,-0.623057608258436,0.3798606666391702,Regular / Growth,0.6575861087746037,0.17390319581748817
14672,2,-0.14835119040099518,1.0882219226000713,Regular / Growth,0.6575861087746037,0.17390319581748817
14673,1,1.6424690227970253,-0.8674886588042127,High-Value Loyal,0.6575861087746037,0.17390319581748817
14675,2,0.3711208926606383,0.5877936263983949,Regular / Growth,0.6575861087746037,0.17390319581748817
14676,1,1.6959034534237583,0.2289945288713882,High-Value Loyal,0.6575861087746037,0.17390319581748817
14680,1,4.739183647260324,1.4256896825140097,High-Value Loyal,0.6575861087746037,0.17390319581748817
14681,0,-1.590114644901372,-0.4547256322259349,At-Risk / Low-Value,0.6575861087746037,0.17390319581748817
14682,0,-4.057896687076515,-1.8530784253477237,At-Risk / Low-Value,0.6575861087746037,0.17390319581748817
14684,1,1.4608828300130003,-0.594649641062898,High-Value Loyal,0.6575861087746037,0.17390319581748817
14687,2,-0.5394417139156135,1.519492625335838,Regular / Growth,0.6575861087746037,0.17390319581748817
14688,1,3.5026236692917925,-1.3369747179021076,High-Value Loyal,0.6575861087746037,0.17390319581748817
14689,0,-2.7507422390806204,-0.21319569875741565,At-Risk / Low-Value,0.6575861087746037,0.17390319581748817
14690,2,-0.8546880631439402,-0.4851253186175751,Regular / Growth,0.6575861087746037,0.17390319581748817
14691,1,1.2798260417911882,0.1489151171225538,High-Value Loyal,0.6575861087746037,0.17390319581748817
14692,2,-0.42446878550389455,-0.40152001212965166,Regular / Growth,0.6575861087746037,0.17390319581748817
14693,0,-2.896700928619581,0.2941606280475134,At-Risk / Low-Value,0.6575861087746037,0.17390319581748817
14696,1,2.3275556059704616,-1.0789560260195126,High-Value Loyal,0.6575861087746037,0.17390319581748817
14697,0,-1.9119466675541346,-0.4818307352500475,At-Risk / Low-Value,0.6575861087746037,0.17390319581748817
14698,1,1.7190893029517094,-1.4811838413831568,High-Value Loyal,0.6575861087746037,0.17390319581748817
14699,0,-2.936913611053355,-0.21504738188581268,At-Risk / Low-Value,0.6575861087746037,0.17390319581748817
14700,1,1.649233333328097,0.9508572437300159,High-Value Loyal,0.6575861087746037,0.17390319581748817
14701,1,2.409088496881521,-0.9714627844536439,High-Value Loyal,0.6575861087746037,0.17390319581748817
14702,1,3.169370064030119,-2.312552588773681,High-Value Loyal,0.6575861087746037,0.17390319581748817
14703,2,-0.8358371729834455,-0.09579827359831276,Regular / Growth,0.6575861087746037,0.17390319581748817
14704,1,2.055681983600303,-1.529585038897721,High-Value Loyal,0.6575861087746037,0.17390319581748817
14705,0,-2.974471239670997,0.3874758869715931,At-Risk / Low-Value,0.6575861087746037,0.17390319581748817
14708,2,0.9378730867335814,-0.6376264255132411,Regular / Growth,0.6575861087746037,0.17390319581748817
14709,1,2.801773695125561,-0.5197161557235693,High-Value Loyal,0.6575861087746037,0.17390319581748817
14710,2,0.5274013820215557,-1.3045273244460973,Regular / Growth,0.6575861087746037,0.17390319581748817
14711,1,2.4990881402822165,-1.1611403638257412,High-Value Loyal,0.6575861087746037,0.17390319581748817
14712,2,0.005649319140863508,-0.0895583754343224,Regular / Growth,0.6575861087746037,0.17390319581748817
14713,1,2.4992856517825097,-1.2024912602897082,High-Value Loyal,0.6575861087746037,0.17390319581748817
14714,0,-1.678540161892256,-0.5944033383987202,At-Risk / Low-Value,0.6575861087746037,0.17390319581748817
14715,2,0.5515959564873969,-0.6165288159139738,Regular / Growth,0.6575861087746037,0.17390319581748817
14716,2,-0.5398271703482401,-0.5593135672303812,Regular / Growth,0.6575861087746037,0.17390319581748817
14719,1,2.1782571212344126,-1.1606475233933868,High-Value Loyal,0.6575861087746037,0.17390319581748817
14720,2,0.12751084710058674,-1.0873862198965447,Regular / Growth,0.6575861087746037,0.17390319581748817
14722,0,-1.8800963763642375,0.1495636071019077,At-Risk / Low-Value,0.6575861087746037,0.17390319581748817
14723,1,1.5015316018383618,-1.3034815018501524,High-Value Loyal,0.6575861087746037,0.17390319581748817
14725,2,0.2850110595083164,0.9499819828215762,Regular / Growth,0.6575861087746037,0.17390319581748817
14727,0,-2.2748906280650902,0.8237624853194414,At-Risk / Low-Value,0.6575861087746037,0.17390319581748817
14729,2,-1.160890709094171,1.1232740670551036,Regular / Growth,0.6575861087746037,0.17390319581748817
14730,1,2.697709974285216,-1.8329676284137404,High-Value Loyal,0.6575861087746037,0.17390319581748817
14731,2,-0.6781800110622921,-0.8938549641074308,Regular / Growth,0.6575861087746037,0.17390319581748817
14732,1,2.327366573052971,-0.7582334473832191,High-Value Loyal,0.6575861087746037,0.17390319581748817
14733,1,3.585527383069876,0.3616273918742441,High-Value Loyal,0.6575861087746037,0.17390319581748817
14735,1,3.4775450746573857,-2.137443472759064,High-Value Loyal,0.6575861087746037,0.17390319581748817
14737,2,0.5344157461200405,-0.5379089781644654,Regular / Growth,0.6575861087746037,0.17390319581748817
14738,2,0.7151093081639245,-0.7190195592886114,Regular / Growth,0.6575861087746037,0.17390319581748817
14739,1,2.806951857740766,-0.2772150012434788,High-Value Loyal,0.6575861087746037,0.17390319581748817
14740,2,0.714882705701016,1.1775435890433654,Regular / Growth,0.6575861087746037,0.17390319581748817
14741,1,1.112534936814985,-0.8902146820850481,High-Value Loyal,0.6575861087746037,0.17390319581748817
14744,2,0.5945407130508993,-1.2636350755836774,Regular / Growth,0.6575861087746037,0.17390319581748817
14745,2,0.6439683040873055,0.11273330711608673,Regular / Growth,0.6575861087746037,0.17390319581748817
14747,0,-1.7911734448916532,0.9993838444259596,At-Risk / Low-Value,0.6575861087746037,0.17390319581748817
14748,1,1.3582001820924245,-0.28926742071567474,High-Value Loyal,0.6575861087746037,0.17390319581748817
14752,2,-1.276322156009572,0.6449381546329062,Regular / Growth,0.6575861087746037,0.17390319581748817
14753,2,-0.6192958330696219,1.2122879766846668,Regular / Growth,0.6575861087746037,0.17390319581748817
14754,2,-0.03722098499822865,0.25257078829966834,Regular / Growth,0.6575861087746037,0.17390319581748817
14755,1,3.049655536496392,-0.4466379293590395,High-Value Loyal,0.6575861087746037,0.17390319581748817
14756,2,0.3158415670830869,0.8590240496977327,Regular / Growth,0.6575861087746037,0.17390319581748817
14757,2,-1.0729616947932659,0.8354620879315064,Regular / Growth,0.6575861087746037,0.17390319581748817
14758,2,0.46696838963803766,0.6517087353686489,Regular / Growth,0.6575861087746037,0.17390319581748817
14759,1,1.5659804767718624,-0.14991167764858868,High-Value Loyal,0.6575861087746037,0.17390319581748817
14760,0,-3.5432376854814396,-0.33419429596876465,At-Risk / Low-Value,0.6575861087746037,0.17390319581748817
14761,0,-1.7458063090956035,-0.6869095586953713,At-Risk / Low-Value,0.6575861087746037,0.17390319581748817
14762,2,-1.3395786086416075,1.044787446037808,Regular / Growth,0.6575861087746037,0.17390319581748817
14764,0,-1.614953660415245,0.27268639009248924,At-Risk / Low-Value,0.6575861087746037,0.17390319581748817
14765,0,-1.11146207160524,-1.5735044615937168,At-Risk / Low-Value,0.6575861087746037,0.17390319581748817
14766,1,2.227962146921283,-0.4434796729930833,High-Value Loyal,0.6575861087746037,0.17390319581748817
14768,0,-2.286822334324373,-1.509306613692355,At-Risk / Low-Value,0.6575861087746037,0.17390319581748817
14769,1,4.860696182902631,0.4150236877937406,High-Value Loyal,0.6575861087746037,0.17390319581748817
14770,2,-0.06953592763310981,1.244252475156098,Regular / Growth,0.6575861087746037,0.17390319581748817
14772,0,-2.5319418586873375,-0.2157404275066253,At-Risk / Low-Value,0.6575861087746037,0.17390319581748817
14775,2,0.7307045284687225,0.35930181711986986,Regular / Growth,0.6575861087746037,0.17390319581748817
14776,1,1.880297668823502,-0.4612154661320725,High-Value Loyal,0.6575861087746037,0.17390319581748817
14778,2,-0.36663343963501294,0.7806770283600227,Regular / Growth,0.6575861087746037,0.17390319581748817
14779,0,-1.4460671096365987,-0.2560294152450315,At-Risk / Low-Value,0.6575861087746037,0.17390319581748817
14780,2,-0.6559335381917455,-0.06997110936725774,Regular / Growth,0.6575861087746037,0.17390319581748817
14782,0,-2.5007739352828677,0.647020127469238,At-Risk / Low-Value,0.6575861087746037,0.17390319581748817
14784,0,-1.1146021043834642,-0.8312301037220653,At-Risk / Low-Value,0.6575861087746037,0.17390319581748817
14785,0,-2.9166466176088166,-2.6116748539956904,At-Risk / Low-Value,0.6575861087746037,0.17390319581748817
14788,2,0.2409791293407021,-0.38659849785287365,Regular / Growth,0.6575861087746037,0.17390319581748817
14789,0,-1.9498448227931595,-0.3311197970596772,At-Risk / Low-Value,0.6575861087746037,0.17390319581748817
14790,2,0.3742422466273776,-0.8688869273113122,Regular / Growth,0.6575861087746037,0.17390319581748817
14792,0,-6.381758646363207,-3.8856401064447446,At-Risk / Low-Value,0.6575861087746037,0.17390319581748817
14793,0,-1.5687865082617545,-0.3599853944850357,At-Risk / Low-Value,0.6575861087746037,0.17390319581748817
14794,1,1.5148616185172172,-1.710318356739972,High-Value Loyal,0.6575861087746037,0.17390319581748817
14795,0,-3.3284045109329603,-0.2363351507423703,At-Risk / Low-Value,0.6575861087746037,0.17390319581748817
14796,1,4.644583367871209,-1.2554214607950571,High-Value Loyal,0.6575861087746037,0.17390319581748817
14798,0,-1.9396932299537024,-1.6692634325645985,At-Risk / Low-Value,0.6575861087746037,0.17390319581748817
14799,0,-1.9313357920146685,-0.3650446000994556,At-Risk / Low-Value,0.6575861087746037,0.17390319581748817
14800,1,3.000969100353826,-0.112218148415896,High-Value Loyal,0.6575861087746037,0.17390319581748817
14801,2,-1.2630556859707356,-0.15433123463953083,Regular / Growth,0.6575861087746037,0.17390319581748817
14803,2,-0.22325865301913403,0.5018472492618418,Regular / Growth,0.6575861087746037,0.17390319581748817
14804,2,-0.989323178775234,-0.18177038873534845,Regular / Growth,0.6575861087746037,0.17390319581748817
14805,2,-0.4743200913401232,-1.4113942877891184,Regular / Growth,0.6575861087746037,0.17390319581748817
14806,0,-1.6301781281045629,0.08937481059567554,At-Risk / Low-Value,0.6575861087746037,0.17390319581748817
14808,1,2.304108659015679,-0.1234310515357528,High-Value Loyal,0.6575861087746037,0.17390319581748817
14810,1,1.6921646112422097,-0.9052075771465159,High-Value Loyal,0.6575861087746037,0.17390319581748817
14813,0,-2.506103275298684,-0.586976208352518,At-Risk / Low-Value,0.6575861087746037,0.17390319581748817
14815,2,0.43206073530869715,0.4103013744688355,Regular / Growth,0.6575861087746037,0.17390319581748817
14816,0,-3.2879339078975773,0.5338793952207395,At-Risk / Low-Value,0.6575861087746037,0.17390319581748817
14817,2,0.27700711933898403,1.4621455001263854,Regular / Growth,0.6575861087746037,0.17390319581748817
14818,2,-0.23400016317300787,-0.1048839555987385,Regular / Growth,0.6575861087746037,0.17390319581748817
14819,0,-1.6873610861363886,-0.6034850594670761,At-Risk / Low-Value,0.6575861087746037,0.17390319581748817
14820,2,-0.41059210043959377,-1.2794915546023808,Regular / Growth,0.6575861087746037,0.17390319581748817
14821,0,-4.552821221379508,-0.9142570405831408,At-Risk / Low-Value,0.6575861087746037,0.17390319581748817
14823,0,-1.354986427451366,-0.6465332036103841,At-Risk / Low-Value,0.6575861087746037,0.17390319581748817
14824,2,0.5660884601448717,-0.6261722284901347,Regular / Growth,0.6575861087746037,0.17390319581748817
14825,1,2.15358448874103,-1.822356131966423,High-Value Loyal,0.6575861087746037,0.17390319581748817
14828,2,0.8433252431399171,1.7763804890538164,Regular / Growth,0.6575861087746037,0.17390319581748817
14829,2,0.14218480787277363,-0.7834992025883161,Regular / Growth,0.6575861087746037,0.17390319581748817
14830,0,-1.378332121127811,-0.19969668956782877,At-Risk / Low-Value,0.6575861087746037,0.17390319581748817
14834,1,1.2141110274905327,-0.536280897801926,High-Value Loyal,0.6575861087746037,0.17390319581748817
14836,0,-2.6482901316014034,-2.9474588671893334,At-Risk / Low-Value,0.6575861087746037,0.17390319581748817
14837,2,1.293614830836398,0.6533592015665575,Regular / Growth,0.6575861087746037,0.17390319581748817
14840,0,-3.9493530452796555,-0.7621613475823771,At-Risk / Low-Value,0.6575861087746037,0.17390319581748817
14841,1,2.1088413983829115,0.6252540949955891,High-Value Loyal,0.6575861087746037,0.17390319581748817
14842,1,1.9217720248994885,0.9135473945612274,High-Value Loyal,0.6575861087746037,0.17390319581748817
14844,1,1.9531800007098543,1.2548476802983595,High-Value Loyal,0.6575861087746037,0.17390319581748817
14847,0,-1.7060821036777456,0.7748298282414539,At-Risk / Low-Value,0.6575861087746037,0.17390319581748817
14849,1,3.7818357212040326,-0.798480126515205,High-Value Loyal,0.6575861087746037,0.17390319581748817
14850,2,-1.3662738167913733,1.1860531635677256,Regular / Growth,0.6575861087746037,0.17390319581748817
14851,2,-0.30869415647606796,-0.2717091024871936,Regular / Growth,0.6575861087746037,0.17390319581748817
14852,1,1.936190456506192,0.5015039823758155,High-Value Loyal,0.6575861087746037,0.17390319581748817
14853,0,-1.271488494181151,-0.3942108842838645,At-Risk / Low-Value,0.6575861087746037,0.17390319581748817
14854,1,1.9199519622365766,0.35704844826793825,High-Value Loyal,0.6575861087746037,0.17390319581748817
14855,2,-0.827567477504306,0.6559626770289326,Regular / Growth,0.6575861087746037,0.17390319581748817
14856,2,0.908153714455863,0.38002022666947394,Regular / Growth,0.6575861087746037,0.17390319581748817
14857,2,0.5194728365198333,0.9991051873799985,Regular / Growth,0.6575861087746037,0.17390319581748817
14859,2,1.0561456490015577,-0.354336406679725,Regular / Growth,0.6575861087746037,0.17390319581748817
14860,0,-1.5414098497984081,-0.62282623527265,At-Risk / Low-Value,0.6575861087746037,0.17390319581748817
14861,0,-2.442065868151297,-0.5837496222365702,At-Risk / Low-Value,0.6575861087746037,0.17390319581748817
14862,2,0.5448949301876602,0.3639030338899919,Regular / Growth,0.6575861087746037,0.17390319581748817
14863,0,-1.4709931381510886,-0.02471568154136101,At-Risk / Low-Value,0.6575861087746037,0.17390319581748817
14865,0,-2.8823673146886586,-3.159269215747793,At-Risk / Low-Value,0.6575861087746037,0.17390319581748817
14866,1,3.7659072220858523,0.7726339259132502,High-Value Loyal,0.6575861087746037,0.17390319581748817
14867,2,-0.4796136444787065,0.36541445259871125,Regular / Growth,0.6575861087746037,0.17390319581748817
14868,1,2.5568410458244855,-0.9884528502831337,High-Value Loyal,0.6575861087746037,0.17390319581748817
14869,2,0.655465762776125,-0.254293693642376,Regular / Growth,0.6575861087746037,0.17390319581748817
14870,0,-1.795335398650004,1.0634794474588918,At-Risk / Low-Value,0.6575861087746037,0.17390319581748817
14871,2,0.2240410912506529,-2.070541576131614,Regular / Growth,0.6575861087746037,0.17390319581748817
14873,2,-0.9913292825904434,1.46537041670681,Regular / Growth,0.6575861087746037,0.17390319581748817
14875,2,0.5449259571900871,1.5040691802775443,Regular / Growth,0.6575861087746037,0.17390319581748817
14878,1,1.3703009714433667,-1.4246566675394976,High-Value Loyal,0.6575861087746037,0.17390319581748817
14880,2,-0.13015103613396337,-0.030619930934244127,Regular / Growth,0.6575861087746037,0.17390319581748817
14881,2,-0.9752207790751263,-0.16049414275137466,Regular / Growth,0.6575861087746037,0.17390319581748817
14882,2,-0.9900552736938018,-0.045806599362547114,Regular / Growth,0.6575861087746037,0.17390319581748817
14883,2,0.5385478060350148,-1.3806087794316915,Regular / Growth,0.6575861087746037,0.17390319581748817
14885,2,-0.27971342852599573,1.8557088216815762,Regular / Growth,0.6575861087746037,0.17390319581748817
14886,0,-1.4881132840379239,1.176816161349259,At-Risk / Low-Value,0.6575861087746037,0.17390319581748817
14887,2,0.40357389930030846,2.6889470021524002,Regular / Growth,0.6575861087746037,0.17390319581748817
14888,2,-1.3475040922884183,1.1155048936038052,Regular / Growth,0.6575861087746037,0.17390319581748817
14889,0,-2.7410979988994173,0.20682603138024913,At-Risk / Low-Value,0.6575861087746037,0.17390319581748817
14890,0,-3.047271220054094,-0.02444716089412319,At-Risk / Low-Value,0.6575861087746037,0.17390319581748817
14891,2,-0.49456978596397894,0.5955409765541553,Regular / Growth,0.6575861087746037,0.17390319581748817
14893,2,1.2285969749577526,0.39607737972805535,Regular / Growth,0.6575861087746037,0.17390319581748817
14894,2,-0.5045347149213456,1.4007133374242942,Regular / Growth,0.6575861087746037,0.17390319581748817
14895,1,4.375017821782776,-0.522846184467975,High-Value Loyal,0.6575861087746037,0.17390319581748817
14896,2,-0.7848929738287489,0.4760284256257895,Regular / Growth,0.6575861087746037,0.17390319581748817
14897,2,1.0109211628280887,-0.5520382979081742,Regular / Growth,0.6575861087746037,0.17390319581748817
14898,1,1.26739852771086,-0.7761393469440017,High-Value Loyal,0.6575861087746037,0.17390319581748817
14901,1,1.3680605953266884,-1.5533929764396694,High-Value Loyal,0.6575861087746037,0.17390319581748817
14902,2,-0.8947495055793389,0.1857760940239991,Regular / Growth,0.6575861087746037,0.17390319581748817
14903,1,2.398305654426536,0.2888868072638646,High-Value Loyal,0.6575861087746037,0.17390319581748817
14904,1,1.6660913700117643,-0.2513042652863863,High-Value Loyal,0.6575861087746037,0.17390319581748817
14905,2,-0.8812840983420595,0.7231368537405921,Regular / Growth,0.6575861087746037,0.17390319581748817
14907,1,2.8356605108433506,-0.6078525415669231,High-Value Loyal,0.6575861087746037,0.17390319581748817
14908,0,-1.7184135672288072,0.40197615705099027,At-Risk / Low-Value,0.6575861087746037,0.17390319581748817
14910,2,-0.1430327232669565,-2.1485250143543397,Regular / Growth,0.6575861087746037,0.17390319581748817
14911,1,8.856942287465499,-1.7061388197412601,High-Value Loyal,0.6575861087746037,0.17390319581748817
14912,2,0.46420367281535674,0.2930136877296215,Regular / Growth,0.6575861087746037,0.17390319581748817
14913,1,1.2507286112708322,-0.0030649963910049736,High-Value Loyal,0.6575861087746037,0.17390319581748817
14915,0,-1.6878416219027608,-0.3241884020215408,At-Risk / Low-Value,0.6575861087746037,0.17390319581748817
14916,2,0.9539656689131547,0.2688527101094124,Regular / Growth,0.6575861087746037,0.17390319581748817
14918,2,0.6123134701473864,1.6600184189022016,Regular / Growth,0.6575861087746037,0.17390319581748817
14920,2,0.10495189751281624,1.3233567625938856,Regular / Growth,0.6575861087746037,0.17390319581748817
14921,2,1.1248943123431348,0.8962731654131211,Regular / Growth,0.6575861087746037,0.17390319581748817
14923,2,0.10396149886919219,1.3473155198094593,Regular / Growth,0.6575861087746037,0.17390319581748817
14924,0,-2.1235433907026904,0.9374755597321538,At-Risk / Low-Value,0.6575861087746037,0.17390319581748817
14929,0,-1.62371762403463,-0.17190765524006457,At-Risk / Low-Value,0.6575861087746037,0.17390319581748817
14930,2,1.5155879836881228,1.4911761842129985,Regular / Growth,0.6575861087746037,0.17390319581748817
14931,2,0.8918965441736019,-1.1149096624087282,Regular / Growth,0.6575861087746037,0.17390319581748817
14932,0,-1.8350150521331487,1.2646200657828117,At-Risk / Low-Value,0.6575861087746037,0.17390319581748817
14934,2,1.1685990120993994,1.7041404829270603,Regular / Growth,0.6575861087746037,0.17390319581748817
14935,2,0.1675498427762314,3.141445337660471,Regular / Growth,0.6575861087746037,0.17390319581748817
14936,1,3.5148557877682727,1.0448723962914304,High-Value Loyal,0.6575861087746037,0.17390319581748817
14937,2,0.6153298506325956,0.8099584171695499,Regular / Growth,0.6575861087746037,0.17390319581748817
14944,1,2.9496460057973155,0.057221559040934455,High-Value Loyal,0.6575861087746037,0.17390319581748817
14946,0,-3.091556667657328,-1.4515918760254354,At-Risk / Low-Value,0.6575861087746037,0.17390319581748817
14947,0,-1.4653132014870114,-0.44422206155563415,At-Risk / Low-Value,0.6575861087746037,0.17390319581748817
14948,2,0.8641909046646248,-0.9417974535898259,Regular / Growth,0.6575861087746037,0.17390319581748817
14950,2,-0.9167736651717692,0.14228211549895617,Regular / Growth,0.6575861087746037,0.17390319581748817
14951,2,-1.078462417855811,0.5900178175516795,Regular / Growth,0.6575861087746037,0.17390319581748817
14952,1,3.146966700596433,0.8117250586960231,High-Value Loyal,0.6575861087746037,0.17390319581748817
14953,2,-0.6530426884310323,-0.041099875325626985,Regular / Growth,0.6575861087746037,0.17390319581748817
14954,2,-0.5732943871069183,-0.3639190189196661,Regular / Growth,0.6575861087746037,0.17390319581748817
14957,0,-3.6185888485740176,-0.9034391598820517,At-Risk / Low-Value,0.6575861087746037,0.17390319581748817
14958,2,-1.0367684715971268,-0.22994959540127902,Regular / Growth,0.6575861087746037,0.17390319581748817
14959,2,-0.028912034272445482,-0.4609899827352214,Regular / Growth,0.6575861087746037,0.17390319581748817
14960,0,-0.9526766342742614,-1.5965696076816993,At-Risk / Low-Value,0.6575861087746037,0.17390319581748817
14961,1,3.6007754097138553,0.276257085512657,High-Value Loyal,0.6575861087746037,0.17390319581748817
14962,0,-3.2092652521167935,0.012770622679315105,At-Risk / Low-Value,0.6575861087746037,0.17390319581748817
14963,1,1.7975246031674703,-0.6884470801554945,High-Value Loyal,0.6575861087746037,0.17390319581748817
14964,0,-2.0891695152530914,0.5584059687249493,At-Risk / Low-Value,0.6575861087746037,0.17390319581748817
14965,2,-0.10510875923161954,0.41966572663760754,Regular / Growth,0.6575861087746037,0.17390319581748817
14966,2,-1.126486946736923,-0.7163156404931471,Regular / Growth,0.6575861087746037,0.17390319581748817
14967,2,-1.3239160698508534,0.8210022978792169,Regular / Growth,0.6575861087746037,0.17390319581748817
14968,0,-1.552679888863437,-0.7110822134558284,At-Risk / Low-Value,0.6575861087746037,0.17390319581748817
14970,2,0.23698552066586448,0.41674706648989623,Regular / Growth,0.6575861087746037,0.17390319581748817
14971,2,1.0302422769267594,0.1443483619253449,Regular / Growth,0.6575861087746037,0.17390319581748817
14972,0,-2.8521922232915577,-0.4962142003049317,At-Risk / Low-Value,0.6575861087746037,0.17390319581748817
14973,2,0.16166093758697403,0.8189562613046651,Regular / Growth,0.6575861087746037,0.17390319581748817
14974,0,-2.686267559954914,-1.2286260615552933,At-Risk / Low-Value,0.6575861087746037,0.17390319581748817
14975,2,-1.2211543747592961,0.38990006654751547,Regular / Growth,0.6575861087746037,0.17390319581748817
14976,2,-0.0186116533783191,-1.2456043041271045,Regular / Growth,0.6575861087746037,0.17390319581748817
14978,1,1.2601957582236663,0.3039846087516728,High-Value Loyal,0.6575861087746037,0.17390319581748817
14981,0,-2.9431617149659,-0.20922376542587723,At-Risk / Low-Value,0.6575861087746037,0.17390319581748817
14984,0,-1.5061101630600682,-1.5086620070113517,At-Risk / Low-Value,0.6575861087746037,0.17390319581748817
14985,2,-0.9763428921515073,-0.08510585291168463,Regular / Growth,0.6575861087746037,0.17390319581748817
14987,0,-1.725398856390544,-0.8608229867843008,At-Risk / Low-Value,0.6575861087746037,0.17390319581748817
14988,2,-1.2838287502790098,0.9607135918368305,Regular / Growth,0.6575861087746037,0.17390319581748817
14995,0,-1.2393561473433063,-1.0481617247843806,At-Risk / Low-Value,0.6575861087746037,0.17390319581748817
14997,2,-0.016339808524656503,-0.36025799218843246,Regular / Growth,0.6575861087746037,0.17390319581748817
14998,2,-0.6946239830444734,0.23691078305114735,Regular / Growth,0.6575861087746037,0.17390319581748817
15000,2,-0.25523269949831145,0.7804132063442348,Regular / Growth,0.6575861087746037,0.17390319581748817
15002,2,1.0426668451514929,0.7068875096655439,Regular / Growth,0.6575861087746037,0.17390319581748817
15004,2,0.8349672769571135,2.272803647656821,Regular / Growth,0.6575861087746037,0.17390319581748817
15005,1,3.8755480920559413,-1.4089070917830147,High-Value Loyal,0.6575861087746037,0.17390319581748817
15006,2,-0.02673970685352216,0.7824276878691284,Regular / Growth,0.6575861087746037,0.17390319581748817
15007,0,-2.482700648418467,0.0254441056620061,At-Risk / Low-Value,0.6575861087746037,0.17390319581748817
15009,1,1.3888694806616166,-0.12436335383707818,High-Value Loyal,0.6575861087746037,0.17390319581748817
15010,2,-1.0865419497376032,0.2194560808367869,Regular / Growth,0.6575861087746037,0.17390319581748817
15012,2,-0.3351477696174789,-0.2866374193731851,Regular / Growth,0.6575861087746037,0.17390319581748817
15014,0,-1.2581411645538774,-0.8326919470044779,At-Risk / Low-Value,0.6575861087746037,0.17390319581748817
15016,0,-2.2325785380388443,0.12970496703545464,At-Risk / Low-Value,0.6575861087746037,0.17390319581748817
15017,0,-2.164049323887855,-0.8661010749488522,At-Risk / Low-Value,0.6575861087746037,0.17390319581748817
15018,2,-0.6087781084806027,-0.6966662675220763,Regular / Growth,0.6575861087746037,0.17390319581748817
15019,2,-1.3757829692070322,0.73419595305115,Regular / Growth,0.6575861087746037,0.17390319581748817
15021,1,2.1944626608651223,-1.382703821694699,High-Value Loyal,0.6575861087746037,0.17390319581748817
15022,2,0.8704341774025756,-0.9408643406807388,Regular / Growth,0.6575861087746037,0.17390319581748817
15023,1,3.963494887501476,-0.5718405916573941,High-Value Loyal,0.6575861087746037,0.17390319581748817
15024,1,1.7530789363465404,-1.5823273577382273,High-Value Loyal,0.6575861087746037,0.17390319581748817
15025,2,-0.5226808281434197,0.29572650564005554,Regular / Growth,0.6575861087746037,0.17390319581748817
15026,2,-0.45218909907354604,-0.46553593680007826,Regular / Growth,0.6575861087746037,0.17390319581748817
15027,2,0.4538387067671832,-0.2674171818805766,Regular / Growth,0.6575861087746037,0.17390319581748817
15028,2,0.30604182156556986,-1.3819804107603546,Regular / Growth,0.6575861087746037,0.17390319581748817
15030,2,-0.9741432161223393,0.2749366587943201,Regular / Growth,0.6575861087746037,0.17390319581748817
15031,2,0.6923293645864061,-1.6280542026446727,Regular / Growth,0.6575861087746037,0.17390319581748817
15032,2,1.751340427378923,2.7921209969650556,Regular / Growth,0.6575861087746037,0.17390319581748817
15033,1,2.860335583675719,-1.3504274017499514,High-Value Loyal,0.6575861087746037,0.17390319581748817
15034,1,3.108944108379282,-0.009937247280750546,High-Value Loyal,0.6575861087746037,0.17390319581748817
15035,2,-1.2693167012188424,0.3824417355703213,Regular / Growth,0.6575861087746037,0.17390319581748817
15036,2,-0.23928795622943674,-0.6252886452871351,Regular / Growth,0.6575861087746037,0.17390319581748817
15038,2,0.09173892010436349,-1.2127034441025344,Regular / Growth,0.6575861087746037,0.17390319581748817
15039,1,5.302718073295188,-1.0696710729596333,High-Value Loyal,0.6575861087746037,0.17390319581748817
15041,0,-1.6620639637467816,0.15021469696961778,At-Risk / Low-Value,0.6575861087746037,0.17390319581748817
15042,0,-3.210421566998292,-0.07038607942397686,At-Risk / Low-Value,0.6575861087746037,0.17390319581748817
15043,2,-1.034611995863894,0.885684195782914,Regular / Growth,0.6575861087746037,0.17390319581748817
15044,1,3.60809150756369,-0.4038918275485193,High-Value Loyal,0.6575861087746037,0.17390319581748817
15045,2,-1.1285924217686962,0.8282335077728274,Regular / Growth,0.6575861087746037,0.17390319581748817
15046,1,3.3259871837329946,-0.8969262468819514,High-Value Loyal,0.6575861087746037,0.17390319581748817
15047,2,-1.3696218250090215,1.1579233937656819,Regular / Growth,0.6575861087746037,0.17390319581748817
15048,2,-0.5446377928281244,-1.227517127428407,Regular / Growth,0.6575861087746037,0.17390319581748817
15049,0,-3.2708782256070696,0.02176375237771187,At-Risk / Low-Value,0.6575861087746037,0.17390319581748817
15050,1,1.4323665885119001,0.6027536332919713,High-Value Loyal,0.6575861087746037,0.17390319581748817
15051,1,1.4334013479363246,0.2743125542673126,High-Value Loyal,0.6575861087746037,0.17390319581748817
15052,0,-2.0980432191028564,0.5819554010410197,At-Risk / Low-Value,0.6575861087746037,0.17390319581748817
15053,2,0.8478948824664042,-0.9871448487464654,Regular / Growth,0.6575861087746037,0.17390319581748817
15054,2,-0.29359811333140434,-1.1990035939216817,Regular / Growth,0.6575861087746037,0.17390319581748817
15057,2,0.1903149119655493,1.9471639002692513,Regular / Growth,0.6575861087746037,0.17390319581748817
15058,1,2.0488042667967985,-1.1208720380099817,High-Value Loyal,0.6575861087746037,0.17390319581748817
15059,1,1.2763188194645003,-1.1563115064651637,High-Value Loyal,0.6575861087746037,0.17390319581748817
15060,2,-0.20540853906839304,-2.287209402621898,Regular / Growth,0.6575861087746037,0.17390319581748817
15061,1,6.0798837757775415,-0.1337711553227276,High-Value Loyal,0.6575861087746037,0.17390319581748817
15062,2,0.4638801146168096,-0.014808653032067923,Regular / Growth,0.6575861087746037,0.17390319581748817
15063,0,-2.209481164725496,1.0915185191264125,At-Risk / Low-Value,0.6575861087746037,0.17390319581748817
15065,1,2.1561418197867153,0.983457072069416,High-Value Loyal,0.6575861087746037,0.17390319581748817
15066,2,0.12504600529626642,1.5309106117819273,Regular / Growth,0.6575861087746037,0.17390319581748817
15067,2,1.1576565915994037,1.0290665501835474,Regular / Growth,0.6575861087746037,0.17390319581748817
15068,2,0.07040596035196288,0.035019795892974125,Regular / Growth,0.6575861087746037,0.17390319581748817
15069,2,0.3690844867444797,2.2736745488618864,Regular / Growth,0.6575861087746037,0.17390319581748817
15070,0,-3.887498248794832,-0.007242354931998502,At-Risk / Low-Value,0.6575861087746037,0.17390319581748817
15071,2,-0.21045098042081334,0.9817459713130822,Regular / Growth,0.6575861087746037,0.17390319581748817
15073,2,0.6326773310580139,-0.33934506116981933,Regular / Growth,0.6575861087746037,0.17390319581748817
15074,2,-0.09150056893631105,1.624443971312467,Regular / Growth,0.6575861087746037,0.17390319581748817
15075,2,-0.11581884898004105,1.5822781701105695,Regular / Growth,0.6575861087746037,0.17390319581748817
15076,2,0.09759780421978846,2.037023851954342,Regular / Growth,0.6575861087746037,0.17390319581748817
15078,1,4.023705117232843,-1.3617885711148232,High-Value Loyal,0.6575861087746037,0.17390319581748817
15079,2,-0.1109835932838756,0.2648346298569143,Regular / Growth,0.6575861087746037,0.17390319581748817
15081,2,-0.4772554532302163,-1.6109537244339525,Regular / Growth,0.6575861087746037,0.17390319581748817
15083,0,-3.5358487293691114,-0.40947376070520525,At-Risk / Low-Value,0.6575861087746037,0.17390319581748817
15087,2,-1.3412465477180961,1.1393765307823234,Regular / Growth,0.6575861087746037,0.17390319581748817
15088,2,0.7143948949803361,0.5750434231392053,Regular / Growth,0.6575861087746037,0.17390319581748817
15089,1,2.2464247290728006,-0.39570272469306594,High-Value Loyal,0.6575861087746037,0.17390319581748817
15090,2,-1.323868751235415,1.315684123815781,Regular / Growth,0.6575861087746037,0.17390319581748817
15091,2,-0.5186315208085707,0.986270960923417,Regular / Growth,0.6575861087746037,0.17390319581748817
15092,0,-1.2834733328991894,0.43680384920252585,At-Risk / Low-Value,0.6575861087746037,0.17390319581748817
15093,1,2.639184582612287,0.660306283326565,High-Value Loyal,0.6575861087746037,0.17390319581748817
15095,2,0.6021078232053819,0.5454362868669967,Regular / Growth,0.6575861087746037,0.17390319581748817
15096,0,-1.750443468585658,-0.08750111304848152,At-Risk / Low-Value,0.6575861087746037,0.17390319581748817
15097,2,-0.7448450473358016,-0.8509828050855179,Regular / Growth,0.6575861087746037,0.17390319581748817
15098,2,1.4308438347233983,4.763322805604627,Regular / Growth,0.6575861087746037,0.17390319581748817
15099,2,-0.7894448913895007,0.9133795412851043,Regular / Growth,0.6575861087746037,0.17390319581748817
15100,0,-1.9300987392808755,0.8473884755175959,At-Risk / Low-Value,0.6575861087746037,0.17390319581748817
15101,0,-1.0102022216938167,-1.1074654460485902,At-Risk / Low-Value,0.6575861087746037,0.17390319581748817
15103,2,-0.03775771884552432,0.17910177212245126,Regular / Growth,0.6575861087746037,0.17390319581748817
15104,2,0.26450095854003847,1.3211764261758592,Regular / Growth,0.6575861087746037,0.17390319581748817
15105,1,1.8995421588416008,-0.439282603059705,High-Value Loyal,0.6575861087746037,0.17390319581748817
15106,1,1.4688818334323597,-0.4751988375689241,High-Value Loyal,0.6575861087746037,0.17390319581748817
15107,0,-1.737251391028391,-1.268173978346231,At-Risk / Low-Value,0.6575861087746037,0.17390319581748817
15108,2,0.39883963211969964,0.5201174844928377,Regular / Growth,0.6575861087746037,0.17390319581748817
15109,2,-1.1696544478785533,1.4329200868729217,Regular / Growth,0.6575861087746037,0.17390319581748817
15110,2,-0.026218368771093594,-0.4871433611151088,Regular / Growth,0.6575861087746037,0.17390319581748817
15111,2,1.139506079489521,0.5004046841732553,Regular / Growth,0.6575861087746037,0.17390319581748817
15113,1,2.471713633972754,1.0633061980627005,High-Value Loyal,0.6575861087746037,0.17390319581748817
15114,1,2.4510606994095734,-0.5002639993864997,High-Value Loyal,0.6575861087746037,0.17390319581748817
15115,2,-0.891332722161524,0.03485451809376208,Regular / Growth,0.6575861087746037,0.17390319581748817
15116,2,0.8880570990949115,-0.22164516681405527,Regular / Growth,0.6575861087746037,0.17390319581748817
15117,1,1.6262924441143953,-0.388705037242395,High-Value Loyal,0.6575861087746037,0.17390319581748817
15118,0,-1.708389702586874,0.8011907755867224,At-Risk / Low-Value,0.6575861087746037,0.17390319581748817
15119,0,-2.02492106119146,0.7859857507367172,At-Risk / Low-Value,0.6575861087746037,0.17390319581748817
15120,2,-1.0881659287427046,0.948340618498216,Regular / Growth,0.6575861087746037,0.17390319581748817
15121,2,-0.743836573327987,-0.1272993220939976,Regular / Growth,0.6575861087746037,0.17390319581748817
15122,2,0.8734508293101626,1.1073791011460339,Regular / Growth,0.6575861087746037,0.17390319581748817
15123,1,1.996539288316337,0.909752620615631,High-Value Loyal,0.6575861087746037,0.17390319581748817
15124,0,-1.4796048305020046,-1.3641443002170082,At-Risk / Low-Value,0.6575861087746037,0.17390319581748817
15125,1,3.8414295207343416,0.4478441039828541,High-Value Loyal,0.6575861087746037,0.17390319581748817
15127,2,-0.9734477983434396,0.7960018336248481,Regular / Growth,0.6575861087746037,0.17390319581748817
15128,2,1.1794367774811043,0.37407566687411387,Regular / Growth,0.6575861087746037,0.17390319581748817
15129,1,2.0095927330160035,-0.19937801854724257,High-Value Loyal,0.6575861087746037,0.17390319581748817
15130,2,-1.3353579202968096,0.9163458611544402,Regular / Growth,0.6575861087746037,0.17390319581748817
15132,2,0.7604723343561927,-0.8971584377108353,Regular / Growth,0.6575861087746037,0.17390319581748817
15133,2,0.07279854541907946,0.6353626798805774,Regular / Growth,0.6575861087746037,0.17390319581748817
15134,1,1.1894698838871214,-1.2380329939243406,High-Value Loyal,0.6575861087746037,0.17390319581748817
15135,0,-2.92984421961083,0.03313306140610019,At-Risk / Low-Value,0.6575861087746037,0.17390319581748817
15136,1,1.4508908931336912,-0.9201443068318577,High-Value Loyal,0.6575861087746037,0.17390319581748817
15139,0,-2.1066496478137164,-0.46099871602410963,At-Risk / Low-Value,0.6575861087746037,0.17390319581748817
15140,1,1.6995908435961893,0.0378621331426497,High-Value Loyal,0.6575861087746037,0.17390319581748817
15142,2,-0.4302405546559137,0.8813553440377805,Regular / Growth,0.6575861087746037,0.17390319581748817
15143,0,-1.8428318766443677,0.7702441481144524,At-Risk / Low-Value,0.6575861087746037,0.17390319581748817
15144,1,3.50397027123687,-0.8524587880890949,High-Value Loyal,0.6575861087746037,0.17390319581748817
15145,1,1.2868993962260447,-0.9052434345344939,High-Value Loyal,0.6575861087746037,0.17390319581748817
15146,2,0.9406995892009331,1.6209677457857186,Regular / Growth,0.6575861087746037,0.17390319581748817
15147,2,-0.6066165975652431,1.7853236673695752,Regular / Growth,0.6575861087746037,0.17390319581748817
15148,2,-0.8375099789152763,-0.26521531469366966,Regular / Growth,0.6575861087746037,0.17390319581748817
15149,2,-1.0468113201809757,1.271309670837021,Regular / Growth,0.6575861087746037,0.17390319581748817
15150,1,3.419050355819943,-0.04314853992976208,High-Value Loyal,0.6575861087746037,0.17390319581748817
15152,1,3.2513029582729396,-0.7560954169096187,High-Value Loyal,0.6575861087746037,0.17390319581748817
15153,2,-0.9433769238814805,0.23069204978278968,Regular / Growth,0.6575861087746037,0.17390319581748817
15154,2,-1.244894147777551,0.17889475473234331,Regular / Growth,0.6575861087746037,0.17390319581748817
15156,1,1.2081175993115125,-1.130245810836417,High-Value Loyal,0.6575861087746037,0.17390319581748817
15157,1,2.3564544367999996,0.07646338947074881,High-Value Loyal,0.6575861087746037,0.17390319581748817
15158,2,-1.24838456607879,0.6468983074143662,Regular / Growth,0.6575861087746037,0.17390319581748817
15159,1,5.515913435125239,-0.9605781757302231,High-Value Loyal,0.6575861087746037,0.17390319581748817
15160,0,-2.9407003079956056,0.4290486897268347,At-Risk / Low-Value,0.6575861087746037,0.17390319581748817
15163,2,-0.8511846365221739,-0.9761657705183965,Regular / Growth,0.6575861087746037,0.17390319581748817
15164,2,0.22300203196297327,0.08418805537253403,Regular / Growth,0.6575861087746037,0.17390319581748817
15165,2,-1.2057889901004664,1.627808101384956,Regular / Growth,0.6575861087746037,0.17390319581748817
15167,0,-2.2535225900186675,0.26008573945504654,At-Risk / Low-Value,0.6575861087746037,0.17390319581748817
15168,0,-2.750068229242974,-1.0999975411931298,At-Risk / Low-Value,0.6575861087746037,0.17390319581748817
15171,2,-0.7429711317153773,2.761462951876614,Regular / Growth,0.6575861087746037,0.17390319581748817
15172,1,1.8916498209808144,-0.5747643353609866,High-Value Loyal,0.6575861087746037,0.17390319581748817
15174,0,-2.5373709361920365,0.22727389698592657,At-Risk / Low-Value,0.6575861087746037,0.17390319581748817
15175,2,-1.1428856007849741,0.2242762396426723,Regular / Growth,0.6575861087746037,0.17390319581748817
15178,0,-4.380812519622254,-1.231588591457165,At-Risk / Low-Value,0.6575861087746037,0.17390319581748817
15179,1,1.9981162140446345,0.042001160934382366,High-Value Loyal,0.6575861087746037,0.17390319581748817
15180,0,-3.5882381803511625,-0.28587171228152497,At-Risk / Low-Value,0.6575861087746037,0.17390319581748817
15181,2,-0.4403090793963655,0.010668342199674562,Regular / Growth,0.6575861087746037,0.17390319581748817
15182,2,-0.726742272565563,0.6867864064706548,Regular / Growth,0.6575861087746037,0.17390319581748817
15184,2,-0.4623279719975573,-0.5204292812648521,Regular / Growth,0.6575861087746037,0.17390319581748817
15185,2,-0.7727660452642535,0.6030242441005695,Regular / Growth,0.6575861087746037,0.17390319581748817
15186,2,-0.6876487189096512,-0.7095456866343348,Regular / Growth,0.6575861087746037,0.17390319581748817
15187,1,3.0528766728336714,-1.5588961170320748,High-Value Loyal,0.6575861087746037,0.17390319581748817
15189,1,4.7991650303123805,-1.7233629416144565,High-Value Loyal,0.6575861087746037,0.17390319581748817
15192,2,0.34113586921407035,0.687468125636951,Regular / Growth,0.6575861087746037,0.17390319581748817
15193,2,-0.9234379078449474,0.928462494605945,Regular / Growth,0.6575861087746037,0.17390319581748817
15194,1,4.173024529686464,-0.807001245911157,High-Value Loyal,0.6575861087746037,0.17390319581748817
15195,2,1.327221450676296,2.342272578027445,Regular / Growth,0.6575861087746037,0.17390319581748817
15197,2,0.6124629935075937,-0.26953032672601757,Regular / Growth,0.6575861087746037,0.17390319581748817
15198,0,-2.097097922199398,-0.8011198598076616,At-Risk / Low-Value,0.6575861087746037,0.17390319581748817
15199,2,-0.2664592332032356,0.22962069508070715,Regular / Growth,0.6575861087746037,0.17390319581748817
15201,2,0.6726357896950121,0.04892123939450377,Regular / Growth,0.6575861087746037,0.17390319581748817
15203,1,1.710600669680178,-0.2829050777079499,High-Value Loyal,0.6575861087746037,0.17390319581748817
15204,0,-1.747908801453426,1.2395065238501033,At-Risk / Low-Value,0.6575861087746037,0.17390319581748817
15205,2,-0.2611604662188116,0.5120178905950398,Regular / Growth,0.6575861087746037,0.17390319581748817
15206,0,-1.211469549829212,-1.7086879591430706,At-Risk / Low-Value,0.6575861087746037,0.17390319581748817
15208,2,0.6937392921533396,-1.9749680842876187,Regular / Growth,0.6575861087746037,0.17390319581748817
15210,2,-1.3802141789588884,1.0512119204165058,Regular / Growth,0.6575861087746037,0.17390319581748817
15211,2,0.03438056717946677,0.6532812354165808,Regular / Growth,0.6575861087746037,0.17390319581748817
15212,0,-3.4247369390432585,-0.28684631692960744,At-Risk / Low-Value,0.6575861087746037,0.17390319581748817
15213,0,-1.415734163639412,0.30380131827472007,At-Risk / Low-Value,0.6575861087746037,0.17390319581748817
15214,1,2.167063055078422,-1.7423815494944563,High-Value Loyal,0.6575861087746037,0.17390319581748817
15215,2,-0.24243647738188492,-0.1889065435480623,Regular / Growth,0.6575861087746037,0.17390319581748817
15216,0,-3.5660000738345157,-0.7366919717694257,At-Risk / Low-Value,0.6575861087746037,0.17390319581748817
15218,1,3.1012020949255494,-0.19907132282653217,High-Value Loyal,0.6575861087746037,0.17390319581748817
15219,0,-2.211042130900821,0.7606462828638217,At-Risk / Low-Value,0.6575861087746037,0.17390319581748817
15220,1,1.555579974281978,-0.0726417093531827,High-Value Loyal,0.6575861087746037,0.17390319581748817
15221,0,-2.358169604899079,1.3788107898859998,At-Risk / Low-Value,0.6575861087746037,0.17390319581748817
15222,2,-1.226474758766228,1.929974342317072,Regular / Growth,0.6575861087746037,0.17390319581748817
15223,2,-0.9034752169585843,1.0619981580452467,Regular / Growth,0.6575861087746037,0.17390319581748817
15224,0,-1.8375069153242145,0.30398034148415615,At-Risk / Low-Value,0.6575861087746037,0.17390319581748817
15225,2,-1.1739591090313628,1.288069863817758,Regular / Growth,0.6575861087746037,0.17390319581748817
15226,0,-2.774215471596183,0.30199748354617295,At-Risk / Low-Value,0.6575861087746037,0.17390319581748817
15227,2,0.7641797408280113,-0.3614867256521922,Regular / Growth,0.6575861087746037,0.17390319581748817
15228,1,2.1496523552602405,1.3383596297012221,High-Value Loyal,0.6575861087746037,0.17390319581748817
15230,2,-1.0290423843369794,0.4961203586848479,Regular / Growth,0.6575861087746037,0.17390319581748817
15232,2,-0.2957496434847776,0.6274700483983774,Regular / Growth,0.6575861087746037,0.17390319581748817
15234,0,-2.0189581589009493,0.5801945631378993,At-Risk / Low-Value,0.6575861087746037,0.17390319581748817
15235,1,1.5488956586144722,-0.2669826217568298,High-Value Loyal,0.6575861087746037,0.17390319581748817
15236,0,-1.5119870688829142,1.1619630351898589,At-Risk / Low-Value,0.6575861087746037,0.17390319581748817
15237,1,1.858236546572746,-0.9303482799848816,High-Value Loyal,0.6575861087746037,0.17390319581748817
15238,2,0.6988062424858268,0.10633126005703163,Regular / Growth,0.6575861087746037,0.17390319581748817
15239,2,0.611459771304581,-0.10727162139858,Regular / Growth,0.6575861087746037,0.17390319581748817
15240,1,1.303968672937836,0.11713411754459493,High-Value Loyal,0.6575861087746037,0.17390319581748817
15241,1,1.50887890328025,-0.3624259933750394,High-Value Loyal,0.6575861087746037,0.17390319581748817
15243,2,-1.1975111382159436,0.5299768049147043,Regular / Growth,0.6575861087746037,0.17390319581748817
15244,2,-0.2641681967054764,0.3827571834106627,Regular / Growth,0.6575861087746037,0.17390319581748817
15245,2,1.4028152538068923,1.7188472528807657,Regular / Growth,0.6575861087746037,0.17390319581748817
15246,2,-0.8908912343858812,0.640180420733271,Regular / Growth,0.6575861087746037,0.17390319581748817
15247,0,-1.6966816468869075,0.906469589625677,At-Risk / Low-Value,0.6575861087746037,0.17390319581748817
15249,1,3.393887561907682,0.08321237737303572,High-Value Loyal,0.6575861087746037,0.17390319581748817
15251,1,3.923091611201294,0.41722480944274076,High-Value Loyal,0.6575861087746037,0.17390319581748817
15252,2,0.2100039125909667,0.32373052477235115,Regular / Growth,0.6575861087746037,0.17390319581748817
15253,2,0.8411515720301386,-0.9916608431544716,Regular / Growth,0.6575861087746037,0.17390319581748817
15254,2,-1.2967642266357409,0.73597779922707,Regular / Growth,0.6575861087746037,0.17390319581748817
15255,2,0.2582430389296213,1.6544608484002,Regular / Growth,0.6575861087746037,0.17390319581748817
15256,0,-3.140205665605754,-0.48867621821919627,At-Risk / Low-Value,0.6575861087746037,0.17390319581748817
15257,0,-2.36500078166489,1.006330582943516,At-Risk / Low-Value,0.6575861087746037,0.17390319581748817
15258,2,-0.8477075738448251,0.6593811337943851,Regular / Growth,0.6575861087746037,0.17390319581748817
15260,1,1.0755167644216668,-0.024335520425187097,High-Value Loyal,0.6575861087746037,0.17390319581748817
15261,0,-1.430959429026746,0.5792785736840396,At-Risk / Low-Value,0.6575861087746037,0.17390319581748817
15262,0,-2.5839746486569366,0.469224865163468,At-Risk / Low-Value,0.6575861087746037,0.17390319581748817
15263,0,-2.305475157234982,-0.1151267597865223,At-Risk / Low-Value,0.6575861087746037,0.17390319581748817
15264,2,-0.8494142949419674,0.7361619071790861,Regular / Growth,0.6575861087746037,0.17390319581748817
15265,2,0.6985499260384919,1.6520011213676065,Regular / Growth,0.6575861087746037,0.17390319581748817
15266,0,-3.552942980342521,-0.0468799396574606,At-Risk / Low-Value,0.6575861087746037,0.17390319581748817
15267,2,0.6669084540826685,-0.09457401564168012,Regular / Growth,0.6575861087746037,0.17390319581748817
15269,0,-2.1368363356293676,0.29052593870944404,At-Risk / Low-Value,0.6575861087746037,0.17390319581748817
15270,1,1.5383192069289389,-0.3560580466344058,High-Value Loyal,0.6575861087746037,0.17390319581748817
15271,1,2.5402164565178396,-1.8565738790635902,High-Value Loyal,0.6575861087746037,0.17390319581748817
15272,2,0.030091475030921213,0.4146442537862266,Regular / Growth,0.6575861087746037,0.17390319581748817
15274,2,0.7108852435359149,-0.5129470516403163,Regular / Growth,0.6575861087746037,0.17390319581748817
15275,2,0.04858846374340514,1.0364741306893166,Regular / Growth,0.6575861087746037,0.17390319581748817
15276,0,-1.996263187466814,-0.6233031715679871,At-Risk / Low-Value,0.6575861087746037,0.17390319581748817
15277,0,-1.4337298688337097,0.15703408161838586,At-Risk / Low-Value,0.6575861087746037,0.17390319581748817
15279,0,-1.6742293797573655,1.0811351588650497,At-Risk / Low-Value,0.6575861087746037,0.17390319581748817
15280,0,-2.39044281801825,-0.23681012623409617,At-Risk / Low-Value,0.6575861087746037,0.17390319581748817
15281,1,1.7789862848294435,-0.336079061838756,High-Value Loyal,0.6575861087746037,0.17390319581748817
15286,0,-2.373246240678486,0.05989278047907993,At-Risk / Low-Value,0.6575861087746037,0.17390319581748817
15287,2,-0.4104237693975887,-0.2921128993524656,Regular / Growth,0.6575861087746037,0.17390319581748817
15288,1,1.4733466800860497,0.3568832313584546,High-Value Loyal,0.6575861087746037,0.17390319581748817
15289,2,0.6774282334603344,0.004534153939659449,Regular / Growth,0.6575861087746037,0.17390319581748817
15290,1,3.7700825683741814,-0.8472013571345146,High-Value Loyal,0.6575861087746037,0.17390319581748817
15291,1,2.5531252857864595,-0.5832432336793877,High-Value Loyal,0.6575861087746037,0.17390319581748817
15292,0,-2.277022343267623,0.20465190819243653,At-Risk / Low-Value,0.6575861087746037,0.17390319581748817
15296,1,2.3041846112004976,0.7115835546209262,High-Value Loyal,0.6575861087746037,0.17390319581748817
15297,2,0.050676163923547124,-0.9073387395902457,Regular / Growth,0.6575861087746037,0.17390319581748817
15298,1,3.411622511246531,-1.1152297346651958,High-Value Loyal,0.6575861087746037,0.17390319581748817
15299,1,1.5784007955259647,1.012010211322698,High-Value Loyal,0.6575861087746037,0.17390319581748817
15300,2,-0.5614353543596748,0.9850237262966673,Regular / Growth,0.6575861087746037,0.17390319581748817
15301,1,2.874519966521737,0.07234006913010567,High-Value Loyal,0.6575861087746037,0.17390319581748817
15303,2,-0.8166255396600146,1.7332454331848588,Regular / Growth,0.6575861087746037,0.17390319581748817
15304,0,-1.002748385422032,-1.5362247314861366,At-Risk / Low-Value,0.6575861087746037,0.17390319581748817
15306,2,0.699106754316969,0.5262788957482021,Regular / Growth,0.6575861087746037,0.17390319581748817
15307,0,-2.362159419619808,0.05591395204046797,At-Risk / Low-Value,0.6575861087746037,0.17390319581748817
15308,0,-1.586977522324411,1.0406592808092665,At-Risk / Low-Value,0.6575861087746037,0.17390319581748817
15311,1,7.341246579472453,-1.4432080865622046,High-Value Loyal,0.6575861087746037,0.17390319581748817
15312,2,0.2231178386002039,-0.09290212017786902,Regular / Growth,0.6575861087746037,0.17390319581748817
15313,0,-4.293531580231718,-1.295567208191946,At-Risk / Low-Value,0.6575861087746037,0.17390319581748817
15314,2,-1.1871947285678683,1.0100277753756177,Regular / Growth,0.6575861087746037,0.17390319581748817
15315,2,-0.03824154179810314,0.32810083864021566,Regular / Growth,0.6575861087746037,0.17390319581748817
15316,0,-3.1555550676001825,0.501625043992936,At-Risk / Low-Value,0.6575861087746037,0.17390319581748817
15318,2,-0.0028430593420719625,-0.4975886225523547,Regular / Growth,0.6575861087746037,0.17390319581748817
15319,0,-1.98898297745612,0.6140040640177906,At-Risk / Low-Value,0.6575861087746037,0.17390319581748817
15320,2,-0.8479524560548859,0.16411527040495474,Regular / Growth,0.6575861087746037,0.17390319581748817
15321,1,1.6236914710438843,1.500274889303277,High-Value Loyal,0.6575861087746037,0.17390319581748817
15322,2,-0.11280535752815755,1.4540737968671427,Regular / Growth,0.6575861087746037,0.17390319581748817
15325,0,-1.4745256576240415,-0.07436820280251054,At-Risk / Low-Value,0.6575861087746037,0.17390319581748817
15326,2,-1.2107384790363867,1.1747428356258438,Regular / Growth,0.6575861087746037,0.17390319581748817
15327,0,-1.881206225256217,-0.05600404856139153,At-Risk / Low-Value,0.6575861087746037,0.17390319581748817
15329,2,0.5061561562368778,0.16746642344914775,Regular / Growth,0.6575861087746037,0.17390319581748817
15330,2,0.02179605197649007,0.3937827384175561,Regular / Growth,0.6575861087746037,0.17390319581748817
15332,2,0.2773771779545507,1.2197657245115527,Regular / Growth,0.6575861087746037,0.17390319581748817
15333,2,-0.38353572986968915,2.2898685238999197,Regular / Growth,0.6575861087746037,0.17390319581748817
15334,2,-0.7992323206704937,-0.5169347124349851,Regular / Growth,0.6575861087746037,0.17390319581748817
15335,0,-1.7653468420036442,-0.3617298795318978,At-Risk / Low-Value,0.6575861087746037,0.17390319581748817
15339,2,-0.015114961046916123,0.24231770233607117,Regular / Growth,0.6575861087746037,0.17390319581748817
15341,2,0.697607670215182,2.7114193501410497,Regular / Growth,0.6575861087746037,0.17390319581748817
15342,2,-0.9512356860082591,1.0589270991008513,Regular / Growth,0.6575861087746037,0.17390319581748817
15343,0,-1.409755763260254,0.6791977161846767,At-Risk / Low-Value,0.6575861087746037,0.17390319581748817
15344,2,-0.09627290087517278,-1.805958487012961,Regular / Growth,0.6575861087746037,0.17390319581748817
15345,2,-1.230482757824818,0.5053486989720333,Regular / Growth,0.6575861087746037,0.17390319581748817
15346,0,-1.9038822879330384,0.8850690751741919,At-Risk / Low-Value,0.6575861087746037,0.17390319581748817
15347,0,-2.5362769969657015,0.7292466337493396,At-Risk / Low-Value,0.6575861087746037,0.17390319581748817
15348,0,-2.320085688580439,-0.2558958367936087,At-Risk / Low-Value,0.6575861087746037,0.17390319581748817
15349,2,-0.5384644564726034,0.35072245976595506,Regular / Growth,0.6575861087746037,0.17390319581748817
15350,0,-3.3065789047910132,0.0576504196816187,At-Risk / Low-Value,0.6575861087746037,0.17390319581748817
15351,1,1.8778621810916245,-0.8521434993062239,High-Value Loyal,0.6575861087746037,0.17390319581748817
15353,2,-0.2556931763422646,1.101470669017504,Regular / Growth,0.6575861087746037,0.17390319581748817
15355,0,-1.9154015092310526,-0.9596185724836033,At-Risk / Low-Value,0.6575861087746037,0.17390319581748817
15356,1,2.3747965122834263,-0.5840877328413489,High-Value Loyal,0.6575861087746037,0.17390319581748817
15358,1,4.407384517517541,-1.1120442510266557,High-Value Loyal,0.6575861087746037,0.17390319581748817
15360,2,-0.9278585297452191,0.6506345131425497,Regular / Growth,0.6575861087746037,0.17390319581748817
15361,0,-1.514707498602128,1.5821975684097906,At-Risk / Low-Value,0.6575861087746037,0.17390319581748817
15363,0,-1.7453844392422548,1.209751423488475,At-Risk / Low-Value,0.6575861087746037,0.17390319581748817
15364,2,-0.012697234550840255,0.9582644757037293,Regular / Growth,0.6575861087746037,0.17390319581748817
15365,1,1.6688334749124591,-0.2820857575768519,High-Value Loyal,0.6575861087746037,0.17390319581748817
15366,2,-0.1252265322109767,0.418670375050722,Regular / Growth,0.6575861087746037,0.17390319581748817
15367,1,1.377999833585952,0.5848853019074035,High-Value Loyal,0.6575861087746037,0.17390319581748817
15368,2,-1.1063408114366846,0.49969437624278007,Regular / Growth,0.6575861087746037,0.17390319581748817
15370,1,1.4973624715638714,-0.09282497787589014,High-Value Loyal,0.6575861087746037,0.17390319581748817
15372,2,1.1737655863568661,3.007970636609645,Regular / Growth,0.6575861087746037,0.17390319581748817
15373,1,1.8107060549059755,-1.547704658960564,High-Value Loyal,0.6575861087746037,0.17390319581748817
15374,0,-2.5959360596082663,0.12825636481874653,At-Risk / Low-Value,0.6575861087746037,0.17390319581748817
15376,2,0.942462844154671,0.32770114543090917,Regular / Growth,0.6575861087746037,0.17390319581748817
15379,1,2.163548527159608,1.0014518126476144,High-Value Loyal,0.6575861087746037,0.17390319581748817
15380,2,0.867063716453577,-0.5818002548748521,Regular / Growth,0.6575861087746037,0.17390319581748817
15381,0,-1.3399886482777463,0.7922865102826884,At-Risk / Low-Value,0.6575861087746037,0.17390319581748817
15382,1,3.376659456754813,0.8086064549940616,High-Value Loyal,0.6575861087746037,0.17390319581748817
15384,2,-0.30727821783490133,0.8190058807510472,Regular / Growth,0.6575861087746037,0.17390319581748817
15385,0,-1.3085483915231932,0.3016130686149276,At-Risk / Low-Value,0.6575861087746037,0.17390319581748817
15386,2,-0.8124043458093851,1.1995195954200422,Regular / Growth,0.6575861087746037,0.17390319581748817
15388,0,-2.6709176756465056,0.15201551368417687,At-Risk / Low-Value,0.6575861087746037,0.17390319581748817
15389,0,-1.6364992652623378,1.558108569452601,At-Risk / Low-Value,0.6575861087746037,0.17390319581748817
15392,1,1.7394030554566298,-0.5296347566158133,High-Value Loyal,0.6575861087746037,0.17390319581748817
15393,0,-1.4781853803854375,-1.2811823208112825,At-Risk / Low-Value,0.6575861087746037,0.17390319581748817
15394,1,1.652001211826033,0.08322569782600522,High-Value Loyal,0.6575861087746037,0.17390319581748817
15395,0,-3.598914481062246,-0.18542042385776142,At-Risk / Low-Value,0.6575861087746037,0.17390319581748817
15396,0,-1.6684506411395092,0.5842724186723215,At-Risk / Low-Value,0.6575861087746037,0.17390319581748817
15397,0,-3.6728045902191573,-0.3554819312429377,At-Risk / Low-Value,0.6575861087746037,0.17390319581748817
15398,2,1.1160764536622796,0.6694896124677049,Regular / Growth,0.6575861087746037,0.17390319581748817
15399,1,1.0399160186486585,-1.2989813970919013,High-Value Loyal,0.6575861087746037,0.17390319581748817
15400,2,-0.5975497538704401,-0.5556604864544139,Regular / Growth,0.6575861087746037,0.17390319581748817
15402,2,-0.23353339492916814,0.7511173392428699,Regular / Growth,0.6575861087746037,0.17390319581748817
15405,0,-1.6591936406805325,1.066293874844023,At-Risk / Low-Value,0.6575861087746037,0.17390319581748817
15406,2,-0.25256841266692726,-0.20787401149962464,Regular / Growth,0.6575861087746037,0.17390319581748817
15407,2,0.9592122018682149,-0.3318048323243136,Regular / Growth,0.6575861087746037,0.17390319581748817
15408,0,-1.6707185438159033,0.7904327052201006,At-Risk / Low-Value,0.6575861087746037,0.17390319581748817
15410,1,1.6665913795144944,0.4467543575059589,High-Value Loyal,0.6575861087746037,0.17390319581748817
15411,2,1.0307398366506386,-0.14232596830780106,Regular / Growth,0.6575861087746037,0.17390319581748817
15412,0,-2.250262118417646,0.31176345232076064,At-Risk / Low-Value,0.6575861087746037,0.17390319581748817
15414,2,0.41945417896924825,-0.6780652539467171,Regular / Growth,0.6575861087746037,0.17390319581748817
15415,2,-0.4403885088859511,1.787958321763895,Regular / Growth,0.6575861087746037,0.17390319581748817
15416,1,2.4022944349028164,1.4801696914068088,High-Value Loyal,0.6575861087746037,0.17390319581748817
15417,2,-0.6167980902221073,1.1232328326959193,Regular / Growth,0.6575861087746037,0.17390319581748817
15419,0,-1.8902148699109556,-0.7445597945156446,At-Risk / Low-Value,0.6575861087746037,0.17390319581748817
15421,2,0.27230768304476527,-0.16031775330420803,Regular / Growth,0.6575861087746037,0.17390319581748817
15422,0,-3.490157378495151,-1.099304605729936,At-Risk / Low-Value,0.6575861087746037,0.17390319581748817
15423,0,-3.569347411966124,-1.8100473015106187,At-Risk / Low-Value,0.6575861087746037,0.17390319581748817
15424,2,-1.079984396326743,0.4537198337056101,Regular / Growth,0.6575861087746037,0.17390319581748817
15426,1,1.5562869177988254,-0.5659175763531346,High-Value Loyal,0.6575861087746037,0.17390319581748817
15427,1,1.5721631125671378,0.4186344129850937,High-Value Loyal,0.6575861087746037,0.17390319581748817
15428,0,-2.4434770298973434,-1.3987908673982574,At-Risk / Low-Value,0.6575861087746037,0.17390319581748817
15429,2,-0.13789966050684366,-0.5176889353725838,Regular / Growth,0.6575861087746037,0.17390319581748817
15432,0,-2.0492360314072133,-0.6510379199813141,At-Risk / Low-Value,0.6575861087746037,0.17390319581748817
15433,2,-0.49179431690125985,0.6937906207440135,Regular / Growth,0.6575861087746037,0.17390319581748817
15434,2,0.8979722970618109,-1.1280772681816569,Regular / Growth,0.6575861087746037,0.17390319581748817
15435,0,-1.8518405922323724,-0.8836090295326967,At-Risk / Low-Value,0.6575861087746037,0.17390319581748817
15436,1,1.3959843757695194,-0.3375042463064259,High-Value Loyal,0.6575861087746037,0.17390319581748817
15437,0,-1.911468242124155,0.43750279469049197,At-Risk / Low-Value,0.6575861087746037,0.17390319581748817
15438,0,-2.243884928085018,-0.10484177401057053,At-Risk / Low-Value,0.6575861087746037,0.17390319581748817
15440,2,-0.7007710699533642,-0.8578547691898639,Regular / Growth,0.6575861087746037,0.17390319581748817
15442,0,-1.854429116393393,1.7662828029949507,At-Risk / Low-Value,0.6575861087746037,0.17390319581748817
15443,1,3.0516300737517454,-0.8532844534576257,High-Value Loyal,0.6575861087746037,0.17390319581748817
15444,1,1.6860258672037214,0.444150503012701,High-Value Loyal,0.6575861087746037,0.17390319581748817
15445,0,-3.1970733010698313,-0.09166361459789145,At-Risk / Low-Value,0.6575861087746037,0.17390319581748817
15447,0,-2.6852859612981983,0.34300571622956527,At-Risk / Low-Value,0.6575861087746037,0.17390319581748817
15448,2,-1.0126200169853479,1.6028089336171136,Regular / Growth,0.6575861087746037,0.17390319581748817
15449,2,0.687558043536384,-0.0230555012283162,Regular / Growth,0.6575861087746037,0.17390319581748817
15450,2,-0.3925115830757261,0.5467847907953541,Regular / Growth,0.6575861087746037,0.17390319581748817
15452,2,-0.20558279609313987,-0.7205333273638783,Regular / Growth,0.6575861087746037,0.17390319581748817
15453,1,2.0127070498852295,-1.8133337878472058,High-Value Loyal,0.6575861087746037,0.17390319581748817
15454,0,-2.272745641719942,0.48930607834605194,At-Risk / Low-Value,0.6575861087746037,0.17390319581748817
15456,2,-0.5911934396493967,0.043794477099056685,Regular / Growth,0.6575861087746037,0.17390319581748817
15457,0,-1.5142390645872013,0.6527666193406705,At-Risk / Low-Value,0.6575861087746037,0.17390319581748817
15458,0,-1.9274754901350004,-0.586325062858436,At-Risk / Low-Value,0.6575861087746037,0.17390319581748817
15460,0,-1.7573771050556628,0.6503906005028295,At-Risk / Low-Value,0.6575861087746037,0.17390319581748817
15462,0,-1.850507612333015,-1.0971066789046722,At-Risk / Low-Value,0.6575861087746037,0.17390319581748817
15463,0,-2.2926304789689036,-0.8284281455159622,At-Risk / Low-Value,0.6575861087746037,0.17390319581748817
15464,2,0.316006709339955,2.3902401101717667,Regular / Growth,0.6575861087746037,0.17390319581748817
15465,1,2.699439925776813,-0.49398848387430305,High-Value Loyal,0.6575861087746037,0.17390319581748817
15466,2,-0.7609793679738466,0.6232552048541575,Regular / Growth,0.6575861087746037,0.17390319581748817
15467,2,0.04103875486319782,-1.1732145900904636,Regular / Growth,0.6575861087746037,0.17390319581748817
15468,2,-0.8709617143023457,-0.11108357839376673,Regular / Growth,0.6575861087746037,0.17390319581748817
15469,2,-0.7571962915633654,0.0322192863078127,Regular / Growth,0.6575861087746037,0.17390319581748817
15471,2,0.3481600662418768,-0.4200370823348379,Regular / Growth,0.6575861087746037,0.17390319581748817
15472,2,-0.6275658519582856,0.8375913772452699,Regular / Growth,0.6575861087746037,0.17390319581748817
15473,2,0.49855366119603656,-0.7191870751747275,Regular / Growth,0.6575861087746037,0.17390319581748817
15475,2,-0.6330315410502162,0.9693115305922881,Regular / Growth,0.6575861087746037,0.17390319581748817
15478,2,0.6415528492371345,1.0740361189977745,Regular / Growth,0.6575861087746037,0.17390319581748817
15480,2,-0.036699174883736946,1.8529430859913156,Regular / Growth,0.6575861087746037,0.17390319581748817
15482,1,3.5045445421578196,0.5643373342955579,High-Value Loyal,0.6575861087746037,0.17390319581748817
15483,0,-1.0843789101320354,-1.3779218764492065,At-Risk / Low-Value,0.6575861087746037,0.17390319581748817
15484,1,3.207726303468,-0.010944320736908078,High-Value Loyal,0.6575861087746037,0.17390319581748817
15485,1,1.6725261296995166,1.1065850440109029,High-Value Loyal,0.6575861087746037,0.17390319581748817
15488,0,-3.2983721303777185,-0.6909750826251312,At-Risk / Low-Value,0.6575861087746037,0.17390319581748817
15489,2,0.7369659988205298,0.06685173457470964,Regular / Growth,0.6575861087746037,0.17390319581748817
15491,1,1.9149612408727885,0.7844675466860204,High-Value Loyal,0.6575861087746037,0.17390319581748817
15492,2,0.03516976144995456,0.10814345481101892,Regular / Growth,0.6575861087746037,0.17390319581748817
15493,1,1.5644998906842027,0.0013996506507363675,High-Value Loyal,0.6575861087746037,0.17390319581748817
15494,2,1.398160098616397,0.7207817482847048,Regular / Growth,0.6575861087746037,0.17390319581748817
15497,2,0.4374084827511958,0.7033079001439316,Regular / Growth,0.6575861087746037,0.17390319581748817
15498,1,4.938317852604957,-1.1037835145302266,High-Value Loyal,0.6575861087746037,0.17390319581748817
15500,1,1.0689189849004381,-0.7576258361291077,High-Value Loyal,0.6575861087746037,0.17390319581748817
15502,1,3.8603086769694204,0.434265833917201,High-Value Loyal,0.6575861087746037,0.17390319581748817
15503,0,-2.166559335478405,0.1625344862241665,At-Risk / Low-Value,0.6575861087746037,0.17390319581748817
15504,0,-3.417961623815167,-1.4789139352651892,At-Risk / Low-Value,0.6575861087746037,0.17390319581748817
15505,1,2.2189268482757885,1.018600530418846,High-Value Loyal,0.6575861087746037,0.17390319581748817
15506,2,1.060783052432412,-0.11878130129893581,Regular / Growth,0.6575861087746037,0.17390319581748817
15507,2,-0.8995131607574112,1.2658852512957535,Regular / Growth,0.6575861087746037,0.17390319581748817
15508,2,0.2720195143399308,-0.2571266770075942,Regular / Growth,0.6575861087746037,0.17390319581748817
15510,0,-4.046045596830967,0.6399123110359161,At-Risk / Low-Value,0.6575861087746037,0.17390319581748817
15511,2,0.7707869197037809,-1.2673939954434057,Regular / Growth,0.6575861087746037,0.17390319581748817
15512,0,-2.9044275401449187,-1.1233985351153728,At-Risk / Low-Value,0.6575861087746037,0.17390319581748817
15513,1,4.195587468609662,0.4345730580004151,High-Value Loyal,0.6575861087746037,0.17390319581748817
15514,1,2.712131287778887,-0.6053529455316168,High-Value Loyal,0.6575861087746037,0.17390319581748817
15516,0,-3.1926206465795706,-2.976558995619776,At-Risk / Low-Value,0.6575861087746037,0.17390319581748817
15517,2,-1.3712545190328855,0.840807508764996,Regular / Growth,0.6575861087746037,0.17390319581748817
15518,1,1.6426898311914666,-0.34207013883925574,High-Value Loyal,0.6575861087746037,0.17390319581748817
15520,2,-0.26435043016600684,-0.6378842539079551,Regular / Growth,0.6575861087746037,0.17390319581748817
15521,1,2.1848182627629718,-0.008553398707425006,High-Value Loyal,0.6575861087746037,0.17390319581748817
15522,2,-0.2147682688405568,-0.37528995573540647,Regular / Growth,0.6575861087746037,0.17390319581748817
15523,0,-1.3966582896229514,0.8729618467610147,At-Risk / Low-Value,0.6575861087746037,0.17390319581748817
15524,0,-2.8180585180441993,0.2563803558219496,At-Risk / Low-Value,0.6575861087746037,0.17390319581748817
15525,1,1.086315391964152,-1.3428562926395355,High-Value Loyal,0.6575861087746037,0.17390319581748817
15526,0,-2.90469641006498,-1.595498711793085,At-Risk / Low-Value,0.6575861087746037,0.17390319581748817
15527,1,2.00106539954752,-0.5887797999429776,High-Value Loyal,0.6575861087746037,0.17390319581748817
15528,0,-1.8263969462624774,0.6368236047551382,At-Risk / Low-Value,0.6575861087746037,0.17390319581748817
15529,1,3.252439583561926,-0.40269618296812676,High-Value Loyal,0.6575861087746037,0.17390319581748817
15530,1,1.3669916358831613,-0.04646274948703437,High-Value Loyal,0.6575861087746037,0.17390319581748817
15531,1,2.113527672419243,0.7932755202868152,High-Value Loyal,0.6575861087746037,0.17390319581748817
15532,1,1.459346524803344,-0.04462545198110918,High-Value Loyal,0.6575861087746037,0.17390319581748817
15533,2,0.4042277797701511,-0.46228771270511776,Regular / Growth,0.6575861087746037,0.17390319581748817
15535,2,-0.8288745767477443,-0.5430985784298908,Regular / Growth,0.6575861087746037,0.17390319581748817
15537,0,-2.825300209262849,-0.4460754595128236,At-Risk / Low-Value,0.6575861087746037,0.17390319581748817
15539,2,0.24491224176028287,0.22961019789007472,Regular / Growth,0.6575861087746037,0.17390319581748817
15540,0,-1.1893189324061575,-0.6171305119990569,At-Risk / Low-Value,0.6575861087746037,0.17390319581748817
15541,0,-2.7105161182187048,-0.8378377132067343,At-Risk / Low-Value,0.6575861087746037,0.17390319581748817
15543,0,-2.4469715017151366,0.02830006181706527,At-Risk / Low-Value,0.6575861087746037,0.17390319581748817
15544,1,2.865935882879632,-0.5309722016098621,High-Value Loyal,0.6575861087746037,0.17390319581748817
15545,2,-0.8417913051199685,-0.6612675801345207,Regular / Growth,0.6575861087746037,0.17390319581748817
15547,1,3.7907745267651047,-0.9657209423214418,High-Value Loyal,0.6575861087746037,0.17390319581748817
15549,2,1.10499603638454,0.9434756249997255,Regular / Growth,0.6575861087746037,0.17390319581748817
15550,2,0.29385997029130373,-1.7634141840738966,Regular / Growth,0.6575861087746037,0.17390319581748817
15551,2,-0.6289949019917822,0.598533184657607,Regular / Growth,0.6575861087746037,0.17390319581748817
15552,0,-2.9292851777901427,-0.47203746156825854,At-Risk / Low-Value,0.6575861087746037,0.17390319581748817
15553,2,-0.30540588123671597,0.8095149621294596,Regular / Growth,0.6575861087746037,0.17390319581748817
15554,0,-2.2767924793673107,0.6005443394238748,At-Risk / Low-Value,0.6575861087746037,0.17390319581748817
15555,1,3.6800591034747265,-0.9776923017733375,High-Value Loyal,0.6575861087746037,0.17390319581748817
15556,2,-0.8371382406373494,-0.04693493892109317,Regular / Growth,0.6575861087746037,0.17390319581748817
15557,2,-0.7272817176018039,0.6078190670326757,Regular / Growth,0.6575861087746037,0.17390319581748817
15561,2,0.13826170688152828,-1.0045935345096864,Regular / Growth,0.6575861087746037,0.17390319581748817
15562,0,-3.6577305716713795,0.22984721601807642,At-Risk / Low-Value,0.6575861087746037,0.17390319581748817
15563,1,1.4682826114231946,-0.07554212317938884,High-Value Loyal,0.6575861087746037,0.17390319581748817
15565,0,-2.355736971275335,-1.2164088320467854,At-Risk / Low-Value,0.6575861087746037,0.17390319581748817
15567,0,-1.630092255845888,-0.5106307399830453,At-Risk / Low-Value,0.6575861087746037,0.17390319581748817
15568,2,0.5429430563247126,-1.0945114569614085,Regular / Growth,0.6575861087746037,0.17390319581748817
15569,2,0.41970875973835964,0.1956349096394989,Regular / Growth,0.6575861087746037,0.17390319581748817
15570,1,3.170531279350947,-0.945176663097024,High-Value Loyal,0.6575861087746037,0.17390319581748817
15571,2,0.16110408188589526,-1.2569107502004764,Regular / Growth,0.6575861087746037,0.17390319581748817
15572,1,2.4662172395644704,-0.8357501640561065,High-Value Loyal,0.6575861087746037,0.17390319581748817
15573,2,0.1667748375929511,-0.03567658507805621,Regular / Growth,0.6575861087746037,0.17390319581748817
15574,2,0.02043651069619966,-0.1787632065387371,Regular / Growth,0.6575861087746037,0.17390319581748817
15576,2,0.3094272408628818,1.4494506905095783,Regular / Growth,0.6575861087746037,0.17390319581748817
15577,0,-1.6107030369489876,-0.9301664297798538,At-Risk / Low-Value,0.6575861087746037,0.17390319581748817
15578,0,-2.725693317921126,-0.22183180850588533,At-Risk / Low-Value,0.6575861087746037,0.17390319581748817
15579,2,-1.1040317914896876,-0.4289693008594813,Regular / Growth,0.6575861087746037,0.17390319581748817
15581,1,1.5640875228683662,-0.2320561213559034,High-Value Loyal,0.6575861087746037,0.17390319581748817
15582,2,0.14264808694598013,-0.46412966009382434,Regular / Growth,0.6575861087746037,0.17390319581748817
15584,2,0.37531865127472513,-0.8971017426998087,Regular / Growth,0.6575861087746037,0.17390319581748817
15585,2,-0.7998063397447478,1.3054667335069114,Regular / Growth,0.6575861087746037,0.17390319581748817
15587,2,-0.7206289477489626,-0.19059114149630563,Regular / Growth,0.6575861087746037,0.17390319581748817
15589,2,-1.0104733443816256,0.04851221614240999,Regular / Growth,0.6575861087746037,0.17390319581748817
15592,2,-0.6741694303680288,0.6219592705892554,Regular / Growth,0.6575861087746037,0.17390319581748817
15593,0,-2.4275855105418036,-0.012618050008514037,At-Risk / Low-Value,0.6575861087746037,0.17390319581748817
15594,1,1.5876229589054172,-0.2972789135338674,High-Value Loyal,0.6575861087746037,0.17390319581748817
15596,2,0.6072486684242225,0.16044975960846122,Regular / Growth,0.6575861087746037,0.17390319581748817
15597,2,-0.8638869047776854,0.29374417021790855,Regular / Growth,0.6575861087746037,0.17390319581748817
15598,0,-1.5447133026820208,0.10963839671198429,At-Risk / Low-Value,0.6575861087746037,0.17390319581748817
15599,2,0.4531715697856998,0.26210800089272085,Regular / Growth,0.6575861087746037,0.17390319581748817
15601,1,3.798433030435159,-0.3997730172504863,High-Value Loyal,0.6575861087746037,0.17390319581748817
15602,1,1.2380064326754594,-1.674998563736371,High-Value Loyal,0.6575861087746037,0.17390319581748817
15603,0,-3.669467952445402,-1.406913850794122,At-Risk / Low-Value,0.6575861087746037,0.17390319581748817
15604,0,-1.5624013081744168,-0.022487395682373956,At-Risk / Low-Value,0.6575861087746037,0.17390319581748817
15605,2,0.6954739841140558,-0.4562440798024047,Regular / Growth,0.6575861087746037,0.17390319581748817
15606,1,1.5184895406480057,-0.06044044366207294,High-Value Loyal,0.6575861087746037,0.17390319581748817
15607,0,-2.584636480782963,-0.011894944788129243,At-Risk / Low-Value,0.6575861087746037,0.17390319581748817
15608,2,0.8157419185591361,-0.2933809217899,Regular / Growth,0.6575861087746037,0.17390319581748817
15609,0,-1.642030500223455,0.8301419854135269,At-Risk / Low-Value,0.6575861087746037,0.17390319581748817
15610,0,-2.728141628457509,-0.7543397227528748,At-Risk / Low-Value,0.6575861087746037,0.17390319581748817
15611,1,1.0339393047408976,-1.9730134361549252,High-Value Loyal,0.6575861087746037,0.17390319581748817
15612,0,-2.444978044381757,-1.201449528570894,At-Risk / Low-Value,0.6575861087746037,0.17390319581748817
15615,1,4.199140423126753,-0.6924629980429928,High-Value Loyal,0.6575861087746037,0.17390319581748817
15618,2,0.2009203951512363,-0.6162366985200198,Regular / Growth,0.6575861087746037,0.17390319581748817
15619,0,-1.4544719322600543,-0.08889770283796539,At-Risk / Low-Value,0.6575861087746037,0.17390319581748817
15620,2,1.1627257497420846,0.7679365426514377,Regular / Growth,0.6575861087746037,0.17390319581748817
15621,2,0.6610033287921522,-0.7779277847784243,Regular / Growth,0.6575861087746037,0.17390319581748817
15622,1,2.4566268806834017,0.04958695462191828,High-Value Loyal,0.6575861087746037,0.17390319581748817
15623,0,-1.573105494861951,0.7080982373863278,At-Risk / Low-Value,0.6575861087746037,0.17390319581748817
15624,2,-0.5383272642204624,-0.4092465480099647,Regular / Growth,0.6575861087746037,0.17390319581748817
15625,2,0.8601442862633205,0.6563933901071031,Regular / Growth,0.6575861087746037,0.17390319581748817
15626,2,0.1384406517413484,0.5469190290158307,Regular / Growth,0.6575861087746037,0.17390319581748817
15628,1,2.5146279003696623,-0.9931556399547445,High-Value Loyal,0.6575861087746037,0.17390319581748817
15630,2,0.7772555852620587,0.9455377003546254,Regular / Growth,0.6575861087746037,0.17390319581748817
15632,1,2.4833427313602914,-0.25305787242108685,High-Value Loyal,0.6575861087746037,0.17390319581748817
15634,0,-1.42018751570431,-0.3713319551365088,At-Risk / Low-Value,0.6575861087746037,0.17390319581748817
15636,2,-0.502826875900745,0.6523207219754492,Regular / Growth,0.6575861087746037,0.17390319581748817
15637,0,-1.6584212494930475,0.006133839811445511,At-Risk / Low-Value,0.6575861087746037,0.17390319581748817
15639,2,-0.8612244884010034,1.1308198598037058,Regular / Growth,0.6575861087746037,0.17390319581748817
15640,1,4.613114711163207,-0.18288023508379503,High-Value Loyal,0.6575861087746037,0.17390319581748817
15641,1,1.4170143948860403,0.8652116584668024,High-Value Loyal,0.6575861087746037,0.17390319581748817
15643,2,-0.640701565871741,0.2801641926529128,Regular / Growth,0.6575861087746037,0.17390319581748817
15644,2,0.4353057759618589,0.012219845251866484,Regular / Growth,0.6575861087746037,0.17390319581748817
15645,2,0.04017527308084952,0.6894578064163684,Regular / Growth,0.6575861087746037,0.17390319581748817
15646,2,-0.7066964311023998,-0.1871841354837916,Regular / Growth,0.6575861087746037,0.17390319581748817
15648,2,-0.8371181139576499,0.8180985234400681,Regular / Growth,0.6575861087746037,0.17390319581748817
15649,0,-1.6939113505244818,1.400802800731108,At-Risk / Low-Value,0.6575861087746037,0.17390319581748817
15651,2,-0.09926278027440183,-0.34532233613256713,Regular / Growth,0.6575861087746037,0.17390319581748817
15652,2,-1.1690754079907704,0.6953705626476475,Regular / Growth,0.6575861087746037,0.17390319581748817
15653,2,-0.3726620547499379,1.074264530225219,Regular / Growth,0.6575861087746037,0.17390319581748817
15654,2,0.2886926557158483,0.07207006495725432,Regular / Growth,0.6575861087746037,0.17390319581748817
15655,2,-0.6696469515806502,1.6551558840326437,Regular / Growth,0.6575861087746037,0.17390319581748817
15656,2,0.061115157841101615,-0.5662829785230901,Regular / Growth,0.6575861087746037,0.17390319581748817
15657,0,-4.381005568219543,-2.5033115672861403,At-Risk / Low-Value,0.6575861087746037,0.17390319581748817
15658,2,-0.17129005562199298,0.011884787263752026,Regular / Growth,0.6575861087746037,0.17390319581748817
15659,0,-1.514146101971065,0.274710245805437,At-Risk / Low-Value,0.6575861087746037,0.17390319581748817
15660,1,1.3430262897575649,-1.0545635987268662,High-Value Loyal,0.6575861087746037,0.17390319581748817
15661,0,-2.058217565072731,0.30503526415901405,At-Risk / Low-Value,0.6575861087746037,0.17390319581748817
15663,0,-2.43744446249993,-0.2239957804915092,At-Risk / Low-Value,0.6575861087746037,0.17390319581748817
15664,2,-1.096453326825805,0.5933828762371415,Regular / Growth,0.6575861087746037,0.17390319581748817
15665,2,1.3997240500807737,2.1941709161323684,Regular / Growth,0.6575861087746037,0.17390319581748817
15667,2,-1.184474329066668,0.2789506064117059,Regular / Growth,0.6575861087746037,0.17390319581748817
15668,0,-3.7896865175570023,-0.5180960352729422,At-Risk / Low-Value,0.6575861087746037,0.17390319581748817
15669,2,-0.12303794771721845,-0.689978764433685,Regular / Growth,0.6575861087746037,0.17390319581748817
15670,0,-2.45494061325971,0.4086044591003197,At-Risk / Low-Value,0.6575861087746037,0.17390319581748817
15671,1,1.9273802554848225,-0.2040761096157361,High-Value Loyal,0.6575861087746037,0.17390319581748817
15673,1,1.7455897576670005,1.1819649290360634,High-Value Loyal,0.6575861087746037,0.17390319581748817
15674,1,1.6056332388555985,0.6719600346192224,High-Value Loyal,0.6575861087746037,0.17390319581748817
15675,0,-0.9045080480816076,-0.7513799709773342,At-Risk / Low-Value,0.6575861087746037,0.17390319581748817
15676,1,2.6243523382896177,1.2339822038318653,High-Value Loyal,0.6575861087746037,0.17390319581748817
15677,2,-0.18647099514585463,1.1805134665055244,Regular / Growth,0.6575861087746037,0.17390319581748817
15678,2,-1.2408429485293104,0.5411883613881918,Regular / Growth,0.6575861087746037,0.17390319581748817
15679,2,0.9312383850762267,-0.6980162162846025,Regular / Growth,0.6575861087746037,0.17390319581748817
15680,1,1.3196713765244497,-0.08867569834011005,High-Value Loyal,0.6575861087746037,0.17390319581748817
15681,2,0.9049007837060479,-0.3250589589509546,Regular / Growth,0.6575861087746037,0.17390319581748817
15683,0,-2.0821352265296507,0.19323909603307235,At-Risk / Low-Value,0.6575861087746037,0.17390319581748817
15687,1,2.4205249468048957,-0.789787174251946,High-Value Loyal,0.6575861087746037,0.17390319581748817
15689,0,-2.135839125299088,-0.42363888404375233,At-Risk / Low-Value,0.6575861087746037,0.17390319581748817
15690,2,-0.6041320845171357,-1.6862158657925508,Regular / Growth,0.6575861087746037,0.17390319581748817
15691,0,-3.2119563178291473,0.1445455637568322,At-Risk / Low-Value,0.6575861087746037,0.17390319581748817
15692,0,-1.6869538410554508,-0.3981149861153156,At-Risk / Low-Value,0.6575861087746037,0.17390319581748817
15694,1,3.1998512136276904,-1.1888597353507842,High-Value Loyal,0.6575861087746037,0.17390319581748817
15695,0,-1.2821336995451613,0.44818475464195223,At-Risk / Low-Value,0.6575861087746037,0.17390319581748817
15696,1,2.0084746891785965,-0.2566322009568804,High-Value Loyal,0.6575861087746037,0.17390319581748817
15699,2,-1.13273624873536,-0.08781381053494064,Regular / Growth,0.6575861087746037,0.17390319581748817
15700,2,-0.09938852045288031,0.8190804394437597,Regular / Growth,0.6575861087746037,0.17390319581748817
15701,1,2.1228538911125665,-0.895976737864609,High-Value Loyal,0.6575861087746037,0.17390319581748817
15703,0,-2.6552770390692455,0.5897886416023421,At-Risk / Low-Value,0.6575861087746037,0.17390319581748817
15704,2,1.271348247522824,1.16781780471392,Regular / Growth,0.6575861087746037,0.17390319581748817
15705,0,-2.87000282995143,0.044140948753652175,At-Risk / Low-Value,0.6575861087746037,0.17390319581748817
15706,2,0.26670688242059404,-0.060215253317175844,Regular / Growth,0.6575861087746037,0.17390319581748817
15707,2,0.8289882680273243,-0.4502156001676408,Regular / Growth,0.6575861087746037,0.17390319581748817
15708,1,2.1046310356142173,0.23669298780217005,High-Value Loyal,0.6575861087746037,0.17390319581748817
15709,0,-2.7781953820780854,0.16688512289773605,At-Risk / Low-Value,0.6575861087746037,0.17390319581748817
15712,2,0.8062779077563115,-1.0803903631308136,Regular / Growth,0.6575861087746037,0.17390319581748817
15713,0,-1.436585812725638,0.024342103839243893,At-Risk / Low-Value,0.6575861087746037,0.17390319581748817
15714,2,-0.6422951108111136,-1.0522185354298939,Regular / Growth,0.6575861087746037,0.17390319581748817
15716,2,0.6432931135237577,0.3511904642215685,Regular / Growth,0.6575861087746037,0.17390319581748817
15717,0,-2.776642620550047,0.1623098376412482,At-Risk / Low-Value,0.6575861087746037,0.17390319581748817
15719,1,3.186855164502275,-0.2545241174477733,High-Value Loyal,0.6575861087746037,0.17390319581748817
15720,2,0.33586488603669973,0.71705226655138,Regular / Growth,0.6575861087746037,0.17390319581748817
15721,2,0.24106624559448245,0.24516781867381107,Regular / Growth,0.6575861087746037,0.17390319581748817
15722,1,1.372973921682141,0.2946993101716856,High-Value Loyal,0.6575861087746037,0.17390319581748817
15723,0,-2.115471157759357,0.5219504187256371,At-Risk / Low-Value,0.6575861087746037,0.17390319581748817
15724,0,-2.3224117686574663,-0.40506037774744724,At-Risk / Low-Value,0.6575861087746037,0.17390319581748817
15725,2,-0.4268707886055014,0.18940569309256816,Regular / Growth,0.6575861087746037,0.17390319581748817
15727,1,3.1922593596864663,0.4494809734956839,High-Value Loyal,0.6575861087746037,0.17390319581748817
15729,0,-3.6243983599187577,-0.5516370894440016,At-Risk / Low-Value,0.6575861087746037,0.17390319581748817
15730,2,0.6607910323326471,0.46497887466016863,Regular / Growth,0.6575861087746037,0.17390319581748817
15732,0,-1.6684202220247417,0.024319057116134052,At-Risk / Low-Value,0.6575861087746037,0.17390319581748817
15733,0,-2.686558160919422,0.29491610017473546,At-Risk / Low-Value,0.6575861087746037,0.17390319581748817
15734,2,0.07978743460419109,1.4205485820885821,Regular / Growth,0.6575861087746037,0.17390319581748817
15737,1,1.0365657305249072,-1.4562005344817373,High-Value Loyal,0.6575861087746037,0.17390319581748817
15738,1,2.6740037903825873,-0.722374091358445,High-Value Loyal,0.6575861087746037,0.17390319581748817
15739,2,-0.9031413422407626,0.9925270140062086,Regular / Growth,0.6575861087746037,0.17390319581748817
15740,0,-2.0435859089958317,-0.37945314089264387,At-Risk / Low-Value,0.6575861087746037,0.17390319581748817
15743,2,0.24761874342244217,-0.9879133271930287,Regular / Growth,0.6575861087746037,0.17390319581748817
15744,0,-3.7473227333957775,-1.7570925159446373,At-Risk / Low-Value,0.6575861087746037,0.17390319581748817
15745,2,0.7081352265214842,-0.48925739147231045,Regular / Growth,0.6575861087746037,0.17390319581748817
15746,0,-1.6468036113718068,0.24239607883166472,At-Risk / Low-Value,0.6575861087746037,0.17390319581748817
15747,2,0.6610545522036574,-0.3767021790317116,Regular / Growth,0.6575861087746037,0.17390319581748817
15748,0,-2.1859245729758827,-0.6697525414561202,At-Risk / Low-Value,0.6575861087746037,0.17390319581748817
15749,1,3.5887897629458605,5.374207807580931,High-Value Loyal,0.6575861087746037,0.17390319581748817
15750,1,2.779258336905662,-1.204209968951688,High-Value Loyal,0.6575861087746037,0.17390319581748817
15752,1,2.337654307588611,0.011423414454815648,High-Value Loyal,0.6575861087746037,0.17390319581748817
15753,0,-3.6002258847489674,-0.2809526022489191,At-Risk / Low-Value,0.6575861087746037,0.17390319581748817
15754,2,-0.7929863898633781,-0.6587965746351767,Regular / Growth,0.6575861087746037,0.17390319581748817
15755,1,2.2121339951324543,-0.41223288957982895,High-Value Loyal,0.6575861087746037,0.17390319581748817
15756,2,0.03123146101757292,-0.914713742113137,Regular / Growth,0.6575861087746037,0.17390319581748817
15757,2,0.012565030892322384,0.5224563822760391,Regular / Growth,0.6575861087746037,0.17390319581748817
15758,0,-2.067271892080852,-0.44673819608886783,At-Risk / Low-Value,0.6575861087746037,0.17390319581748817
15759,0,-2.5309710572087996,-0.7422781781278492,At-Risk / Low-Value,0.6575861087746037,0.17390319581748817
15762,2,-0.43135027684186283,0.2464625662365477,Regular / Growth,0.6575861087746037,0.17390319581748817
15763,2,0.4156586165553524,0.618409965596599,Regular / Growth,0.6575861087746037,0.17390319581748817
15764,1,2.1713568043006766,0.8171935644347846,High-Value Loyal,0.6575861087746037,0.17390319581748817
15766,0,-1.4310325654943818,0.49224555720972113,At-Risk / Low-Value,0.6575861087746037,0.17390319581748817
15768,2,-0.6824283489914645,0.019611851279819677,Regular / Growth,0.6575861087746037,0.17390319581748817
15769,1,5.547989077334435,1.0669422719005361,High-Value Loyal,0.6575861087746037,0.17390319581748817
15773,2,-0.1672054617749416,0.3990131481122153,Regular / Growth,0.6575861087746037,0.17390319581748817
15774,0,-1.5229285159962744,0.26010408403085145,At-Risk / Low-Value,0.6575861087746037,0.17390319581748817
15775,0,-3.084900219147839,-0.20732422505345927,At-Risk / Low-Value,0.6575861087746037,0.17390319581748817
15776,0,-1.720444540606031,0.45905434285012253,At-Risk / Low-Value,0.6575861087746037,0.17390319581748817
15777,2,-0.34938732694282904,0.5275825321090059,Regular / Growth,0.6575861087746037,0.17390319581748817
15780,2,-0.9990376552447452,-0.09797232740096776,Regular / Growth,0.6575861087746037,0.17390319581748817
15781,0,-0.955191055025227,-1.245391371653504,At-Risk / Low-Value,0.6575861087746037,0.17390319581748817
15782,1,1.600470763628587,0.697887529334222,High-Value Loyal,0.6575861087746037,0.17390319581748817
15783,2,-1.076900123200494,-0.4537665596619854,Regular / Growth,0.6575861087746037,0.17390319581748817
15785,1,1.6817187402397393,0.34387400936312223,High-Value Loyal,0.6575861087746037,0.17390319581748817
15786,1,2.9564536438776554,1.9899457057489567,High-Value Loyal,0.6575861087746037,0.17390319581748817
15787,2,0.9331495233973721,-0.16829863157961947,Regular / Growth,0.6575861087746037,0.17390319581748817
15789,2,-1.1384609772932828,1.3504844512674776,Regular / Growth,0.6575861087746037,0.17390319581748817
15790,2,-1.06442900057756,-0.716516793070686,Regular / Growth,0.6575861087746037,0.17390319581748817
15791,2,1.0501892081470798,1.2525776715218,Regular / Growth,0.6575861087746037,0.17390319581748817
15793,2,-0.02212439855906331,-0.18095424906370042,Regular / Growth,0.6575861087746037,0.17390319581748817
15795,2,-0.21317569556628682,1.591866700969052,Regular / Growth,0.6575861087746037,0.17390319581748817
15796,1,2.3670471844710765,-1.3920452130559855,High-Value Loyal,0.6575861087746037,0.17390319581748817
15797,2,0.44874089223857244,1.138202801040889,Regular / Growth,0.6575861087746037,0.17390319581748817
15799,2,0.6654266551107552,0.2784470347286994,Regular / Growth,0.6575861087746037,0.17390319581748817
15800,2,0.0965931670764053,0.6049342566481494,Regular / Growth,0.6575861087746037,0.17390319581748817
15801,2,0.5976879761073097,0.2528573087306033,Regular / Growth,0.6575861087746037,0.17390319581748817
15802,0,-3.516304701307189,0.9001674101520865,At-Risk / Low-Value,0.6575861087746037,0.17390319581748817
15803,2,-1.0744421624520126,0.7627600920475746,Regular / Growth,0.6575861087746037,0.17390319581748817
15804,1,3.484121088497194,-1.5786106916849927,High-Value Loyal,0.6575861087746037,0.17390319581748817
15805,1,3.3449983895020736,-0.6657507130737031,High-Value Loyal,0.6575861087746037,0.17390319581748817
15806,2,0.04534094960655443,-0.023637926333278225,Regular / Growth,0.6575861087746037,0.17390319581748817
15807,2,0.26521502370476696,0.0974713763498263,Regular / Growth,0.6575861087746037,0.17390319581748817
15808,1,1.755115341237123,1.9783348123566689,High-Value Loyal,0.6575861087746037,0.17390319581748817
15809,2,-0.3512125431736606,-1.3619961126248719,Regular / Growth,0.6575861087746037,0.17390319581748817
15810,2,0.8767913401885011,0.39129354404828254,Regular / Growth,0.6575861087746037,0.17390319581748817
15811,1,1.8595059171000108,-0.2014543227981,High-Value Loyal,0.6575861087746037,0.17390319581748817
15812,2,0.8428278872269522,0.5121696442898125,Regular / Growth,0.6575861087746037,0.17390319581748817
15813,2,0.2763697943328502,1.657441608380676,Regular / Growth,0.6575861087746037,0.17390319581748817
15814,1,1.6140425994847305,0.1812807325878435,High-Value Loyal,0.6575861087746037,0.17390319581748817
15815,1,1.2978488566879713,0.5377939263651533,High-Value Loyal,0.6575861087746037,0.17390319581748817
15819,1,1.5302903044431235,0.5597992819626771,High-Value Loyal,0.6575861087746037,0.17390319581748817
15820,0,-2.0944958634527993,0.6448027462480445,At-Risk / Low-Value,0.6575861087746037,0.17390319581748817
15821,2,-0.28268409308998194,0.0252855851562971,Regular / Growth,0.6575861087746037,0.17390319581748817
15822,2,0.6019403349676251,-0.3975362208119202,Regular / Growth,0.6575861087746037,0.17390319581748817
15823,0,-6.433447927122818,-2.3251574128710737,At-Risk / Low-Value,0.6575861087746037,0.17390319581748817
15825,2,-0.9473724746602759,1.4522230471991489,Regular / Growth,0.6575861087746037,0.17390319581748817
15826,2,1.1066442098366915,0.8520074142229902,Regular / Growth,0.6575861087746037,0.17390319581748817
15827,1,1.3075684335888194,-1.1593905543980583,High-Value Loyal,0.6575861087746037,0.17390319581748817
15829,2,0.07876572021393338,0.6224517298784028,Regular / Growth,0.6575861087746037,0.17390319581748817
15830,2,-0.08501627646563129,0.9518079815028345,Regular / Growth,0.6575861087746037,0.17390319581748817
15831,2,0.546536073132497,0.08724789762689111,Regular / Growth,0.6575861087746037,0.17390319581748817
15832,2,-0.0701229176184323,2.1142266025440355,Regular / Growth,0.6575861087746037,0.17390319581748817
15834,1,1.7832796579847654,0.7919266281501253,High-Value Loyal,0.6575861087746037,0.17390319581748817
15835,2,0.3543464485627099,-0.29312175372958343,Regular / Growth,0.6575861087746037,0.17390319581748817
15836,0,-2.71232882694664,-0.6598724552834258,At-Risk / Low-Value,0.6575861087746037,0.17390319581748817
15837,2,-0.9587554706445879,0.7054293642107663,Regular / Growth,0.6575861087746037,0.17390319581748817
15838,1,5.075293007002216,1.0668476461359746,High-Value Loyal,0.6575861087746037,0.17390319581748817
15839,2,0.690114542969004,0.12446792580122004,Regular / Growth,0.6575861087746037,0.17390319581748817
15840,2,-0.7723436331669361,-0.2679768960603702,Regular / Growth,0.6575861087746037,0.17390319581748817
15841,2,0.6094927149224735,0.2596204909330756,Regular / Growth,0.6575861087746037,0.17390319581748817
15843,0,-3.3056350604943123,-0.07152459683326971,At-Risk / Low-Value,0.6575861087746037,0.17390319581748817
15844,0,-2.1427143791868235,-0.6071902559571388,At-Risk / Low-Value,0.6575861087746037,0.17390319581748817
15845,1,2.4891656608953348,-0.07909444262053088,High-Value Loyal,0.6575861087746037,0.17390319581748817
15847,2,-0.6128594192330455,-0.3267031894848716,Regular / Growth,0.6575861087746037,0.17390319581748817
15850,2,-0.521682390514917,-1.2476245284255643,Regular / Growth,0.6575861087746037,0.17390319581748817
15852,0,-2.459767795752783,-0.8323304661479644,At-Risk / Low-Value,0.6575861087746037,0.17390319581748817
15853,0,-1.9714397806190225,-0.7823713520632357,At-Risk / Low-Value,0.6575861087746037,0.17390319581748817
15854,1,2.4520493922112427,-1.5283117750888422,High-Value Loyal,0.6575861087746037,0.17390319581748817
15855,2,-0.02035464656245821,-0.47182735014769517,Regular / Growth,0.6575861087746037,0.17390319581748817
15856,1,5.169988453963469,-0.7432985262844681,High-Value Loyal,0.6575861087746037,0.17390319581748817
15857,2,-0.9169517345740175,-0.010676603419418566,Regular / Growth,0.6575861087746037,0.17390319581748817
15858,1,1.662262150781569,-0.5425409878649575,High-Value Loyal,0.6575861087746037,0.17390319581748817
15860,2,0.7341906437052128,-1.3422761688881049,Regular / Growth,0.6575861087746037,0.17390319581748817
15861,1,2.9863481055778784,-0.45199953831460565,High-Value Loyal,0.6575861087746037,0.17390319581748817
15862,1,1.1135199523181065,-1.1264875805805348,High-Value Loyal,0.6575861087746037,0.17390319581748817
15863,0,-3.0587502187336137,-2.5936128540850243,At-Risk / Low-Value,0.6575861087746037,0.17390319581748817
15864,1,1.09113022749617,-0.23849176760464488,High-Value Loyal,0.6575861087746037,0.17390319581748817
15865,2,0.15757110911878922,0.007094609145391335,Regular / Growth,0.6575861087746037,0.17390319581748817
15866,0,-1.4971598258649157,0.15357778017660165,At-Risk / Low-Value,0.6575861087746037,0.17390319581748817
15867,1,3.29745316469229,-1.4987932539918638,High-Value Loyal,0.6575861087746037,0.17390319581748817
15869,0,-2.3426782154502286,-0.6093451567695813,At-Risk / Low-Value,0.6575861087746037,0.17390319581748817
15870,2,-0.33069674607234434,0.3151062636903598,Regular / Growth,0.6575861087746037,0.17390319581748817
15872,2,-0.3390441070692946,-1.0682396756543244,Regular / Growth,0.6575861087746037,0.17390319581748817
15874,1,2.4629405949751826,0.8196217570861715,High-Value Loyal,0.6575861087746037,0.17390319581748817
15877,2,0.7064098020616297,-1.2283897678610831,Regular / Growth,0.6575861087746037,0.17390319581748817
15880,2,-0.996744460803076,1.1558412302117744,Regular / Growth,0.6575861087746037,0.17390319581748817
15881,0,-0.9854268696787235,-0.5259519685217057,At-Risk / Low-Value,0.6575861087746037,0.17390319581748817
15882,2,-0.8976573430555106,-0.35069766156432536,Regular / Growth,0.6575861087746037,0.17390319581748817
15883,2,-0.015128017825800711,-1.4472929614439436,Regular / Growth,0.6575861087746037,0.17390319581748817
15885,0,-1.3836428337535496,-0.6586373564030876,At-Risk / Low-Value,0.6575861087746037,0.17390319581748817
15886,0,-1.88213089752166,-0.14687695918226265,At-Risk / Low-Value,0.6575861087746037,0.17390319581748817
15888,0,-2.265680540611716,-0.15908437987966187,At-Risk / Low-Value,0.6575861087746037,0.17390319581748817
15889,2,-0.7010512436912126,0.1919177861629388,Regular / Growth,0.6575861087746037,0.17390319581748817
15891,2,-0.4395810815542914,1.5227685893805192,Regular / Growth,0.6575861087746037,0.17390319581748817
15894,0,-1.5681570111770629,-0.11643055547850642,At-Risk / Low-Value,0.6575861087746037,0.17390319581748817
15895,0,-2.2855492551194665,0.1758034643629298,At-Risk / Low-Value,0.6575861087746037,0.17390319581748817
15897,0,-1.820173455576406,-0.3901202099582123,At-Risk / Low-Value,0.6575861087746037,0.17390319581748817
15898,1,1.630113099223474,-1.4753290711743097,High-Value Loyal,0.6575861087746037,0.17390319581748817
15899,0,-4.034465568712484,-0.7302492459867573,At-Risk / Low-Value,0.6575861087746037,0.17390319581748817
15900,2,-0.5950563259897504,0.1290392149449783,Regular / Growth,0.6575861087746037,0.17390319581748817
15901,2,-0.02593593341846216,-1.3920878608373919,Regular / Growth,0.6575861087746037,0.17390319581748817
15903,1,2.674750433547767,0.29891139006244627,High-Value Loyal,0.6575861087746037,0.17390319581748817
15904,0,-1.3906692708998516,-1.1236062759022398,At-Risk / Low-Value,0.6575861087746037,0.17390319581748817
15906,1,1.371575900415961,-0.8939650757925814,High-Value Loyal,0.6575861087746037,0.17390319581748817
15907,1,1.2857904458453269,-0.9316417878321557,High-Value Loyal,0.6575861087746037,0.17390319581748817
15909,0,-2.3962035581590015,0.3346262617359401,At-Risk / Low-Value,0.6575861087746037,0.17390319581748817
15910,1,2.1879982947338323,-2.286028828506459,High-Value Loyal,0.6575861087746037,0.17390319581748817
15912,0,-1.6362522732168667,-0.19187160635519396,At-Risk / Low-Value,0.6575861087746037,0.17390319581748817
15916,1,1.5489157054213076,-1.1953124785737657,High-Value Loyal,0.6575861087746037,0.17390319581748817
15917,0,-2.94967718108637,-0.09820353994661547,At-Risk / Low-Value,0.6575861087746037,0.17390319581748817
15918,0,-1.3402885966083666,0.04333204123588941,At-Risk / Low-Value,0.6575861087746037,0.17390319581748817
15919,2,0.2622140659135637,-0.34732238539697446,Regular / Growth,0.6575861087746037,0.17390319581748817
15920,0,-1.7998630242661569,-1.7889115801427973,At-Risk / Low-Value,0.6575861087746037,0.17390319581748817
15921,2,-1.3944419584578267,0.8784038021979903,Regular / Growth,0.6575861087746037,0.17390319581748817
15922,0,-1.7844875000804619,1.3590254957906949,At-Risk / Low-Value,0.6575861087746037,0.17390319581748817
15923,0,-2.4655567042402162,0.16833402590031007,At-Risk / Low-Value,0.6575861087746037,0.17390319581748817
15925,0,-2.203952107208055,0.4310588376664308,At-Risk / Low-Value,0.6575861087746037,0.17390319581748817
15930,2,-1.0495741026065442,0.7883294607455735,Regular / Growth,0.6575861087746037,0.17390319581748817
15932,1,2.532588381169896,-1.0325165664595732,High-Value Loyal,0.6575861087746037,0.17390319581748817
15933,2,0.9715906021549876,0.024135912058928566,Regular / Growth,0.6575861087746037,0.17390319581748817
15935,0,-1.6588890497989242,0.39639789569326334,At-Risk / Low-Value,0.6575861087746037,0.17390319581748817
15937,0,-2.488229959206714,-0.3939500686855313,At-Risk / Low-Value,0.6575861087746037,0.17390319581748817
15938,0,-1.1823189167253816,-1.1441104946002731,At-Risk / Low-Value,0.6575861087746037,0.17390319581748817
15939,1,2.488494371829563,0.31562896128824686,High-Value Loyal,0.6575861087746037,0.17390319581748817
15940,0,-5.402001761274792,-1.4156916707040703,At-Risk / Low-Value,0.6575861087746037,0.17390319581748817
15942,2,-1.3593970515808764,0.8802641995531119,Regular / Growth,0.6575861087746037,0.17390319581748817
15944,0,-2.359711393087088,1.03850046249082,At-Risk / Low-Value,0.6575861087746037,0.17390319581748817
15945,0,-3.185274748624515,0.5673204575368418,At-Risk / Low-Value,0.6575861087746037,0.17390319581748817
15947,2,0.775097489911157,2.5223751356645585,Regular / Growth,0.6575861087746037,0.17390319581748817
15948,2,0.8261527476328842,0.02152661224410398,Regular / Growth,0.6575861087746037,0.17390319581748817
15949,2,-0.8477110126621292,-0.7232642831764892,Regular / Growth,0.6575861087746037,0.17390319581748817
15950,1,1.297211552943921,0.2443197025818415,High-Value Loyal,0.6575861087746037,0.17390319581748817
15951,2,0.23265682724782052,-0.29355073691800787,Regular / Growth,0.6575861087746037,0.17390319581748817
15952,2,0.3274914382824726,-0.6366217541327159,Regular / Growth,0.6575861087746037,0.17390319581748817
15953,1,1.4600750702901888,-1.06503642262207,High-Value Loyal,0.6575861087746037,0.17390319581748817
15955,1,2.8026576842611326,-0.6113445578867115,High-Value Loyal,0.6575861087746037,0.17390319581748817
15957,2,-0.5083726145665491,0.5040798714612633,Regular / Growth,0.6575861087746037,0.17390319581748817
15958,0,-3.0567692947248006,-0.7603834254998887,At-Risk / Low-Value,0.6575861087746037,0.17390319581748817
15963,2,-0.3995940753225115,-0.41924605858680836,Regular / Growth,0.6575861087746037,0.17390319581748817
15965,2,0.6539411990963411,-0.8774310717692084,Regular / Growth,0.6575861087746037,0.17390319581748817
15967,2,-0.33356880789200977,-0.6317764001724188,Regular / Growth,0.6575861087746037,0.17390319581748817
15969,2,-0.11850212000231149,-1.335853891474887,Regular / Growth,0.6575861087746037,0.17390319581748817
15970,0,-1.927145206092182,1.0853920389069645,At-Risk / Low-Value,0.6575861087746037,0.17390319581748817
15971,1,1.8189643340094528,-0.43804417238769827,High-Value Loyal,0.6575861087746037,0.17390319581748817
15973,0,-2.332839689001936,1.1774807757719228,At-Risk / Low-Value,0.6575861087746037,0.17390319581748817
15974,1,2.42686661646481,0.3323642892523354,High-Value Loyal,0.6575861087746037,0.17390319581748817
15975,2,-0.975337307367049,0.7716021062481954,Regular / Growth,0.6575861087746037,0.17390319581748817
15976,2,-0.5808520660709388,0.2544202894636352,Regular / Growth,0.6575861087746037,0.17390319581748817
15977,2,0.9245491726696176,0.46608339408202404,Regular / Growth,0.6575861087746037,0.17390319581748817
15978,2,0.616576009833661,1.9880096044230833,Regular / Growth,0.6575861087746037,0.17390319581748817
15980,2,1.3008229903196464,1.5062744103325523,Regular / Growth,0.6575861087746037,0.17390319581748817
15981,1,2.122034577826937,-0.01519448335633945,High-Value Loyal,0.6575861087746037,0.17390319581748817
15983,1,1.296664607124041,-0.0702262133570265,High-Value Loyal,0.6575861087746037,0.17390319581748817
15984,1,2.91776577424679,-1.398957209548605,High-Value Loyal,0.6575861087746037,0.17390319581748817
15985,2,0.3839323923745224,1.370432562270197,Regular / Growth,0.6575861087746037,0.17390319581748817
15986,0,-1.5243803541472072,-0.45684157487159355,At-Risk / Low-Value,0.6575861087746037,0.17390319581748817
15987,1,1.7612245231954795,-1.0926896269507114,High-Value Loyal,0.6575861087746037,0.17390319581748817
15988,0,-1.4041696129179244,-0.776301893579702,At-Risk / Low-Value,0.6575861087746037,0.17390319581748817
15990,2,0.22000638865822353,0.4527264782365531,Regular / Growth,0.6575861087746037,0.17390319581748817
15992,0,-3.6152564020515547,-2.8544677576621553,At-Risk / Low-Value,0.6575861087746037,0.17390319581748817
15993,1,2.8517358903490395,-0.5181410238390167,High-Value Loyal,0.6575861087746037,0.17390319581748817
15994,2,-0.8176816227420227,0.6774791763463517,Regular / Growth,0.6575861087746037,0.17390319581748817
15996,2,0.5230806685913222,-0.5594024552022323,Regular / Growth,0.6575861087746037,0.17390319581748817
15998,1,2.6216514779295466,0.6165507983969288,High-Value Loyal,0.6575861087746037,0.17390319581748817
16000,1,3.2580373608906057,2.1901463213853023,High-Value Loyal,0.6575861087746037,0.17390319581748817
16003,1,1.8486850797547092,0.43471893265305916,High-Value Loyal,0.6575861087746037,0.17390319581748817
16005,2,0.5502838455958163,-1.443840572604771,Regular / Growth,0.6575861087746037,0.17390319581748817
16006,0,-2.962454571132301,-0.2917934379768223,At-Risk / Low-Value,0.6575861087746037,0.17390319581748817
16007,1,1.7454938010827028,0.3837258087345619,High-Value Loyal,0.6575861087746037,0.17390319581748817
16008,2,-0.3539227242512288,-0.877427389670584,Regular / Growth,0.6575861087746037,0.17390319581748817
16009,2,0.5938826824470925,-0.5815579563678084,Regular / Growth,0.6575861087746037,0.17390319581748817
16010,2,-0.9455899934962487,-0.23737609896960388,Regular / Growth,0.6575861087746037,0.17390319581748817
16011,1,2.7088484303953786,-1.5103439439640112,High-Value Loyal,0.6575861087746037,0.17390319581748817
16012,2,1.1326564228928324,0.46393857555198437,Regular / Growth,0.6575861087746037,0.17390319581748817
16013,1,5.2529199380419,-0.5297674397660287,High-Value Loyal,0.6575861087746037,0.17390319581748817
16014,2,0.21564447123856795,-0.46583054551210906,Regular / Growth,0.6575861087746037,0.17390319581748817
16015,1,1.2618854933283206,-1.108177091772658,High-Value Loyal,0.6575861087746037,0.17390319581748817
16016,1,1.8721523006330516,-1.843915661259446,High-Value Loyal,0.6575861087746037,0.17390319581748817
16017,0,-1.563384346026548,-0.14580980937852756,At-Risk / Low-Value,0.6575861087746037,0.17390319581748817
16018,2,-0.8192308170204902,-0.34817705818581784,Regular / Growth,0.6575861087746037,0.17390319581748817
16019,1,2.379270470039431,0.1225283167358985,High-Value Loyal,0.6575861087746037,0.17390319581748817
16020,2,0.4567240539610748,-0.374289508356279,Regular / Growth,0.6575861087746037,0.17390319581748817
16022,2,-0.46636834346400846,1.7041268134342438,Regular / Growth,0.6575861087746037,0.17390319581748817
16023,2,0.2601077350107745,-0.22951861588153227,Regular / Growth,0.6575861087746037,0.17390319581748817
16024,2,-0.3535345375719006,-0.4182587496897157,Regular / Growth,0.6575861087746037,0.17390319581748817
16025,2,-0.43518929277196006,0.5651223002921002,Regular / Growth,0.6575861087746037,0.17390319581748817
16026,2,-1.1070993029749159,0.004961734446360399,Regular / Growth,0.6575861087746037,0.17390319581748817
16027,2,0.03996530894106455,-0.4385991521993346,Regular / Growth,0.6575861087746037,0.17390319581748817
16029,1,5.9099651009895835,0.7812397977065143,High-Value Loyal,0.6575861087746037,0.17390319581748817
16030,2,-1.2641199479996577,1.1840832437540205,Regular / Growth,0.6575861087746037,0.17390319581748817
16031,2,-0.06595272740467022,0.3182582253228616,Regular / Growth,0.6575861087746037,0.17390319581748817
16033,1,4.37471411994769,-0.9456187774771755,High-Value Loyal,0.6575861087746037,0.17390319581748817
16034,0,-1.1731402267683908,-0.1342320362687943,At-Risk / Low-Value,0.6575861087746037,0.17390319581748817
16036,2,0.21474541349707316,0.7199044919207775,Regular / Growth,0.6575861087746037,0.17390319581748817
16037,2,-0.26345139899142883,0.7312782501620929,Regular / Growth,0.6575861087746037,0.17390319581748817
16038,2,-0.2891166395219522,-1.3252998627168746,Regular / Growth,0.6575861087746037,0.17390319581748817
16040,2,0.7270667036320885,0.6382845369916116,Regular / Growth,0.6575861087746037,0.17390319581748817
16041,2,1.136850387828909,1.4772736061086502,Regular / Growth,0.6575861087746037,0.17390319581748817
16042,2,1.0119478850786503,-0.6279824757303158,Regular / Growth,0.6575861087746037,0.17390319581748817
16043,2,0.10978781039739634,-0.5419651892201862,Regular / Growth,0.6575861087746037,0.17390319581748817
16045,2,0.7897869658323399,0.5194429211478304,Regular / Growth,0.6575861087746037,0.17390319581748817
16048,0,-2.207220029165097,0.09392804249788614,At-Risk / Low-Value,0.6575861087746037,0.17390319581748817
16049,2,1.2383637339514706,0.16220984368496796,Regular / Growth,0.6575861087746037,0.17390319581748817
16050,0,-2.186998213009567,0.05527742887130502,At-Risk / Low-Value,0.6575861087746037,0.17390319581748817
16052,2,-0.7207117240231885,0.5636179020628805,Regular / Growth,0.6575861087746037,0.17390319581748817
16053,2,1.4476792528624287,1.1381586498246847,Regular / Growth,0.6575861087746037,0.17390319581748817
16054,2,0.029650348872914126,1.7851907726246496,Regular / Growth,0.6575861087746037,0.17390319581748817
16055,0,-3.1995229606892694,-0.08438979575284146,At-Risk / Low-Value,0.6575861087746037,0.17390319581748817
16056,2,0.0958665257994515,1.1077147141848,Regular / Growth,0.6575861087746037,0.17390319581748817
16057,1,1.8635443901587687,-0.5415541140448379,High-Value Loyal,0.6575861087746037,0.17390319581748817
16059,1,1.117146948134224,-0.2711748974041117,High-Value Loyal,0.6575861087746037,0.17390319581748817
16062,2,1.0666495427020308,-0.6125782560150657,Regular / Growth,0.6575861087746037,0.17390319581748817
16063,2,-1.3079019690458946,1.1287520575200367,Regular / Growth,0.6575861087746037,0.17390319581748817
16065,2,-0.9675946199100504,1.295188044932732,Regular / Growth,0.6575861087746037,0.17390319581748817
16066,1,1.3990165042553149,-0.437909794490826,High-Value Loyal,0.6575861087746037,0.17390319581748817
16070,2,0.27650478219091323,0.2851657641852023,Regular / Growth,0.6575861087746037,0.17390319581748817
16071,2,-1.0846001703453834,0.36259368953341664,Regular / Growth,0.6575861087746037,0.17390319581748817
16072,2,-1.1014984717414709,1.7137741998154847,Regular / Growth,0.6575861087746037,0.17390319581748817
16073,0,-3.623326078761921,0.07736077508426668,At-Risk / Low-Value,0.6575861087746037,0.17390319581748817
16076,1,2.262494294552036,-1.5980670372153525,High-Value Loyal,0.6575861087746037,0.17390319581748817
16078,0,-4.327847580078926,-0.5011517503828373,At-Risk / Low-Value,0.6575861087746037,0.17390319581748817
16079,2,0.7345668970383917,0.218202684985654,Regular / Growth,0.6575861087746037,0.17390319581748817
16080,0,-1.956500424883329,-0.718980232085073,At-Risk / Low-Value,0.6575861087746037,0.17390319581748817
16081,1,2.070232502174436,0.6885503138339001,High-Value Loyal,0.6575861087746037,0.17390319581748817
16083,2,0.5056284121588387,1.4255387491036133,Regular / Growth,0.6575861087746037,0.17390319581748817
16084,2,-1.0214015109863483,1.426852803963258,Regular / Growth,0.6575861087746037,0.17390319581748817
16085,1,1.0123040749981467,-0.8507703120578352,High-Value Loyal,0.6575861087746037,0.17390319581748817
16086,2,0.25379631927754276,-0.27044488648676634,Regular / Growth,0.6575861087746037,0.17390319581748817
16091,0,-1.5858231760568775,-0.06839818673411097,At-Risk / Low-Value,0.6575861087746037,0.17390319581748817
16092,2,0.03232149621031541,0.3715794085387802,Regular / Growth,0.6575861087746037,0.17390319581748817
16093,0,-5.23190566171553,-2.49339113964096,At-Risk / Low-Value,0.6575861087746037,0.17390319581748817
16094,2,0.8852111424240168,-0.6341407168776028,Regular / Growth,0.6575861087746037,0.17390319581748817
16096,0,-1.749083152186949,1.071742839088438,At-Risk / Low-Value,0.6575861087746037,0.17390319581748817
16097,0,-2.4269346678739185,0.3988080333497691,At-Risk / Low-Value,0.6575861087746037,0.17390319581748817
16098,2,0.8488704062872116,0.03191364675612657,Regular / Growth,0.6575861087746037,0.17390319581748817
16099,2,-0.07756099784252624,-0.10376958701209735,Regular / Growth,0.6575861087746037,0.17390319581748817
16101,2,0.8647440184147271,2.0927370596252306,Regular / Growth,0.6575861087746037,0.17390319581748817
16102,2,1.0947000035633216,0.8738018931359831,Regular / Growth,0.6575861087746037,0.17390319581748817
16103,1,1.046897488929815,-1.0946667946625843,High-Value Loyal,0.6575861087746037,0.17390319581748817
16104,2,-1.2653139194213017,0.3452512570675947,Regular / Growth,0.6575861087746037,0.17390319581748817
16105,2,-1.407671162847736,1.1648400815274869,Regular / Growth,0.6575861087746037,0.17390319581748817
16106,0,-2.7733744425430054,-0.6883061865143377,At-Risk / Low-Value,0.6575861087746037,0.17390319581748817
16107,1,1.5539793528117969,0.0029737564474572736,High-Value Loyal,0.6575861087746037,0.17390319581748817
16108,2,0.24519629366580376,1.7092912167591523,Regular / Growth,0.6575861087746037,0.17390319581748817
16109,2,-0.6156890708894878,0.9031964243052658,Regular / Growth,0.6575861087746037,0.17390319581748817
16110,1,1.4045173718855843,0.4195865540344479,High-Value Loyal,0.6575861087746037,0.17390319581748817
16112,0,-1.4883705771970428,-1.4348790228644595,At-Risk / Low-Value,0.6575861087746037,0.17390319581748817
16113,0,-1.8586416745144483,0.1504219998786584,At-Risk / Low-Value,0.6575861087746037,0.17390319581748817
16114,0,-2.908927829034849,-0.12302615610572586,At-Risk / Low-Value,0.6575861087746037,0.17390319581748817
16115,1,1.9384040578936175,-1.2562328264900033,High-Value Loyal,0.6575861087746037,0.17390319581748817
16116,2,-0.6587999005897485,1.6719218222841778,Regular / Growth,0.6575861087746037,0.17390319581748817
16117,0,-1.6800333582076643,0.5301901128087116,At-Risk / Low-Value,0.6575861087746037,0.17390319581748817
16119,2,-0.5725334452031982,-0.8677991605599475,Regular / Growth,0.6575861087746037,0.17390319581748817
16120,2,0.5750663098768629,0.25658141140257673,Regular / Growth,0.6575861087746037,0.17390319581748817
16121,2,0.7335151840904517,0.6009852632030508,Regular / Growth,0.6575861087746037,0.17390319581748817
16122,2,0.0914510486197374,-0.33404342533404324,Regular / Growth,0.6575861087746037,0.17390319581748817
16123,2,-1.2769227558874388,0.36582870763189407,Regular / Growth,0.6575861087746037,0.17390319581748817
16124,0,-2.4256953478096945,0.7745504243473357,At-Risk / Low-Value,0.6575861087746037,0.17390319581748817
16125,0,-1.9587124712498447,1.0714325594745673,At-Risk / Low-Value,0.6575861087746037,0.17390319581748817
16126,1,2.5825279959529475,1.7074808323465864,High-Value Loyal,0.6575861087746037,0.17390319581748817
16127,2,-0.06387167859829686,1.0793526604353878,Regular / Growth,0.6575861087746037,0.17390319581748817
16128,1,1.5714473213453164,-0.18169588988125837,High-Value Loyal,0.6575861087746037,0.17390319581748817
16131,1,1.945424628982034,0.7177568992661695,High-Value Loyal,0.6575861087746037,0.17390319581748817
16133,1,4.947104800805791,-1.1566039362347238,High-Value Loyal,0.6575861087746037,0.17390319581748817
16134,2,-0.032921221064397294,-0.08272544664479177,Regular / Growth,0.6575861087746037,0.17390319581748817
16135,2,-1.0709102468493463,1.585962981346317,Regular / Growth,0.6575861087746037,0.17390319581748817
16136,2,-0.07435018464850472,-0.07263563243126174,Regular / Growth,0.6575861087746037,0.17390319581748817
16139,2,-0.11833382981600532,-0.6546285410894576,Regular / Growth,0.6575861087746037,0.17390319581748817
16140,2,0.05872520788056842,0.5887714733758272,Regular / Growth,0.6575861087746037,0.17390319581748817
16141,2,-0.5023945612174395,1.3320910005324502,Regular / Growth,0.6575861087746037,0.17390319581748817
16142,2,-0.5924220131355777,1.63605225324764,Regular / Growth,0.6575861087746037,0.17390319581748817
16143,1,2.1294331123884893,-0.8095947372949114,High-Value Loyal,0.6575861087746037,0.17390319581748817
16144,0,-3.6607370427706694,0.2931542783864357,At-Risk / Low-Value,0.6575861087746037,0.17390319581748817
16145,1,2.9842122406292537,-0.7557805319136056,High-Value Loyal,0.6575861087746037,0.17390319581748817
16146,2,-0.38330453829141947,0.36453328806009355,Regular / Growth,0.6575861087746037,0.17390319581748817
16147,2,-1.1007442180894136,0.9771542201876012,Regular / Growth,0.6575861087746037,0.17390319581748817
16148,0,-3.861006395132491,-0.3938831427767964,At-Risk / Low-Value,0.6575861087746037,0.17390319581748817
16149,2,-0.6367482464672289,-1.4657146301697428,Regular / Growth,0.6575861087746037,0.17390319581748817
16150,1,1.5296917773249166,0.2514857973272436,High-Value Loyal,0.6575861087746037,0.17390319581748817
16152,2,0.4404545764131666,3.0423561852525327,Regular / Growth,0.6575861087746037,0.17390319581748817
16153,1,1.3538117173083317,0.19429489369423217,High-Value Loyal,0.6575861087746037,0.17390319581748817
16156,1,2.402222196107005,-0.7523012084302243,High-Value Loyal,0.6575861087746037,0.17390319581748817
16157,2,-0.2854171537215377,-0.64511638457042,Regular / Growth,0.6575861087746037,0.17390319581748817
16159,0,-1.5015259585831793,1.2173968537952258,At-Risk / Low-Value,0.6575861087746037,0.17390319581748817
16160,2,0.3399311667347628,1.021197278294673,Regular / Growth,0.6575861087746037,0.17390319581748817
16161,1,3.8584046915186363,-1.7074799178448603,High-Value Loyal,0.6575861087746037,0.17390319581748817
16162,0,-5.172969222100954,-1.4761037785063957,At-Risk / Low-Value,0.6575861087746037,0.17390319581748817
16163,2,-1.1738005211467284,1.2459136885394664,Regular / Growth,0.6575861087746037,0.17390319581748817
16164,2,0.2344775887691832,-0.3993144739723865,Regular / Growth,0.6575861087746037,0.17390319581748817
16168,1,2.606296611976932,-2.0202313254837,High-Value Loyal,0.6575861087746037,0.17390319581748817
16169,1,1.7807485103871046,-0.17380598045957302,High-Value Loyal,0.6575861087746037,0.17390319581748817
16170,1,1.6765751770745645,0.005285437468297788,High-Value Loyal,0.6575861087746037,0.17390319581748817
16171,0,-3.642880681111096,-1.2219328812722252,At-Risk / Low-Value,0.6575861087746037,0.17390319581748817
16172,2,0.5767858364766459,-0.06128881863764546,Regular / Growth,0.6575861087746037,0.17390319581748817
16173,1,1.1721344489707493,-0.8360868663592743,High-Value Loyal,0.6575861087746037,0.17390319581748817
16174,2,-0.03760441918465502,0.6718792473142436,Regular / Growth,0.6575861087746037,0.17390319581748817
16175,2,0.29883137977091867,0.12137379322292975,Regular / Growth,0.6575861087746037,0.17390319581748817
16177,0,-1.4293908807607245,0.3832632090426346,At-Risk / Low-Value,0.6575861087746037,0.17390319581748817
16178,0,-2.2897715935787684,0.2638495270389332,At-Risk / Low-Value,0.6575861087746037,0.17390319581748817
16179,0,-1.9100410672601396,0.017709091032451992,At-Risk / Low-Value,0.6575861087746037,0.17390319581748817
16180,1,3.2766854362526012,1.8025652959426146,High-Value Loyal,0.6575861087746037,0.17390319581748817
16181,0,-1.5246656814416817,0.5021275529746505,At-Risk / Low-Value,0.6575861087746037,0.17390319581748817
16182,1,2.196166861780427,2.2374159222875925,High-Value Loyal,0.6575861087746037,0.17390319581748817
16183,0,-1.4208623925077044,0.5376157183285847,At-Risk / Low-Value,0.6575861087746037,0.17390319581748817
16184,2,0.3398441201719699,-0.4590588928663387,Regular / Growth,0.6575861087746037,0.17390319581748817
16185,2,-0.2552992988477645,-0.3765358291836538,Regular / Growth,0.6575861087746037,0.17390319581748817
16186,1,2.669384907843442,-0.4506765892425863,High-Value Loyal,0.6575861087746037,0.17390319581748817
16187,1,3.4630057000514203,-0.048625364948636486,High-Value Loyal,0.6575861087746037,0.17390319581748817
16188,2,0.686786492190782,-0.2183102530175479,Regular / Growth,0.6575861087746037,0.17390319581748817
16189,0,-1.6099805107321479,-1.3647956885506072,At-Risk / Low-Value,0.6575861087746037,0.17390319581748817
16190,0,-2.0501018373662045,-0.13717537075169434,At-Risk / Low-Value,0.6575861087746037,0.17390319581748817
16191,1,3.240327993403376,-0.9982949410433661,High-Value Loyal,0.6575861087746037,0.17390319581748817
16193,0,-1.4654349967828395,1.0153786995436898,At-Risk / Low-Value,0.6575861087746037,0.17390319581748817
16198,2,-1.2662062549851516,0.7758502465244148,Regular / Growth,0.6575861087746037,0.17390319581748817
16200,1,1.402116885801244,-0.159997401689277,High-Value Loyal,0.6575861087746037,0.17390319581748817
16201,1,1.9925732252831214,-0.4854934759326495,High-Value Loyal,0.6575861087746037,0.17390319581748817
16202,0,-1.5088791006154325,1.338368110036504,At-Risk / Low-Value,0.6575861087746037,0.17390319581748817
16203,2,-0.4675245488874254,-0.705706446269929,Regular / Growth,0.6575861087746037,0.17390319581748817
16204,2,-0.4697448544561686,0.2524561599645363,Regular / Growth,0.6575861087746037,0.17390319581748817
16205,2,0.46032375650631335,-0.6883270840386094,Regular / Growth,0.6575861087746037,0.17390319581748817
16206,2,-0.2885884865548792,-0.8697571417778369,Regular / Growth,0.6575861087746037,0.17390319581748817
16207,2,-0.9194922793399977,0.31713899161235637,Regular / Growth,0.6575861087746037,0.17390319581748817
16208,2,0.030739932433063517,0.23835872102592157,Regular / Growth,0.6575861087746037,0.17390319581748817
16209,2,1.1639951645740347,0.7044360466367576,Regular / Growth,0.6575861087746037,0.17390319581748817
16210,1,4.817685515957334,-0.01768101124229038,High-Value Loyal,0.6575861087746037,0.17390319581748817
16211,2,-0.8486142269674343,1.1753849813744655,Regular / Growth,0.6575861087746037,0.17390319581748817
16212,2,0.00054239288323353,-0.06596322973672933,Regular / Growth,0.6575861087746037,0.17390319581748817
16213,0,-2.6560516662337115,-0.24275027502533694,At-Risk / Low-Value,0.6575861087746037,0.17390319581748817
16214,2,0.0018241613569078333,0.7800874949110665,Regular / Growth,0.6575861087746037,0.17390319581748817
16215,0,-1.7853674002866349,0.24926811067177557,At-Risk / Low-Value,0.6575861087746037,0.17390319581748817
16216,2,-0.3520369826460683,2.196247101983574,Regular / Growth,0.6575861087746037,0.17390319581748817
16217,0,-1.961608412332596,0.026371329967875643,At-Risk / Low-Value,0.6575861087746037,0.17390319581748817
16218,1,2.04258249037515,0.15018240646140982,High-Value Loyal,0.6575861087746037,0.17390319581748817
16221,2,0.6929774476695233,-0.061931092075273336,Regular / Growth,0.6575861087746037,0.17390319581748817
16222,2,-0.026644953330440018,2.0480249095846346,Regular / Growth,0.6575861087746037,0.17390319581748817
16224,2,1.0941102911690306,0.18984937313199687,Regular / Growth,0.6575861087746037,0.17390319581748817
16225,2,0.8176142976913401,-0.4829234145151054,Regular / Growth,0.6575861087746037,0.17390319581748817
16226,0,-2.052510823080483,-0.6676735230906118,At-Risk / Low-Value,0.6575861087746037,0.17390319581748817
16227,0,-2.1375403700456794,0.9690338291039703,At-Risk / Low-Value,0.6575861087746037,0.17390319581748817
16229,2,0.10110019919939242,0.9657061452356539,Regular / Growth,0.6575861087746037,0.17390319581748817
16230,2,-0.6608208346650399,0.6403851361586042,Regular / Growth,0.6575861087746037,0.17390319581748817
16232,2,0.22855079961287478,-0.19857015288104193,Regular / Growth,0.6575861087746037,0.17390319581748817
16233,2,-0.8191963958029959,-0.36460728009543286,Regular / Growth,0.6575861087746037,0.17390319581748817
16235,2,0.1741596215865879,-0.7593262357788348,Regular / Growth,0.6575861087746037,0.17390319581748817
16236,2,-0.994178472873659,0.8907214363804783,Regular / Growth,0.6575861087746037,0.17390319581748817
16239,2,-0.959095449367794,-0.14847063529805096,Regular / Growth,0.6575861087746037,0.17390319581748817
16240,1,2.371167400692771,1.9545489265077454,High-Value Loyal,0.6575861087746037,0.17390319581748817
16241,1,2.7506558753869332,-1.4939231596940226,High-Value Loyal,0.6575861087746037,0.17390319581748817
16242,1,2.8545253618352118,-0.25950857277382,High-Value Loyal,0.6575861087746037,0.17390319581748817
16243,2,-0.7546816826692127,-0.4823698995441221,Regular / Growth,0.6575861087746037,0.17390319581748817
16244,2,0.7963707417189304,1.8237220018240876,Regular / Growth,0.6575861087746037,0.17390319581748817
16245,2,1.2699640419295193,0.3395462859912986,Regular / Growth,0.6575861087746037,0.17390319581748817
16247,0,-2.3199524327236354,-0.2131800692654228,At-Risk / Low-Value,0.6575861087746037,0.17390319581748817
16248,0,-2.4174488922342987,-0.34619242038013515,At-Risk / Low-Value,0.6575861087746037,0.17390319581748817
16249,1,1.233606952800996,0.20012314344656612,High-Value Loyal,0.6575861087746037,0.17390319581748817
16250,0,-1.324696149516251,0.3819518690650822,At-Risk / Low-Value,0.6575861087746037,0.17390319581748817
16253,1,2.3290062471000827,2.4179105477971135,High-Value Loyal,0.6575861087746037,0.17390319581748817
16255,1,2.337137532743464,-0.5055645965276179,High-Value Loyal,0.6575861087746037,0.17390319581748817
16256,2,-0.5816572841598632,2.1103305632665204,Regular / Growth,0.6575861087746037,0.17390319581748817
16257,0,-5.0889683816026015,-1.424890750122893,At-Risk / Low-Value,0.6575861087746037,0.17390319581748817
16258,1,2.703597685873774,1.3571894960353754,High-Value Loyal,0.6575861087746037,0.17390319581748817
16260,2,-0.047464374952327505,1.7151993304178184,Regular / Growth,0.6575861087746037,0.17390319581748817
16261,2,0.48144166368353764,-1.0280398288698536,Regular / Growth,0.6575861087746037,0.17390319581748817
16265,1,3.2609779024908776,-0.0975231095832832,High-Value Loyal,0.6575861087746037,0.17390319581748817
16266,2,0.1508341588763859,-0.9979627458797116,Regular / Growth,0.6575861087746037,0.17390319581748817
16268,2,-0.014338207649031636,0.483805087426775,Regular / Growth,0.6575861087746037,0.17390319581748817
16270,2,0.23877166159163424,2.6179999084721803,Regular / Growth,0.6575861087746037,0.17390319581748817
16271,1,1.7700094176494112,-1.1362426049552445,High-Value Loyal,0.6575861087746037,0.17390319581748817
16272,2,-0.9825041756005359,1.0083126639530502,Regular / Growth,0.6575861087746037,0.17390319581748817
16274,2,-1.181589462283623,1.2277276337155743,Regular / Growth,0.6575861087746037,0.17390319581748817
16275,2,-0.6197166875497023,1.5731771089215527,Regular / Growth,0.6575861087746037,0.17390319581748817
16276,2,-0.7873399711658181,2.030857677474291,Regular / Growth,0.6575861087746037,0.17390319581748817
16278,2,-0.9512604261741313,1.2333075109720397,Regular / Growth,0.6575861087746037,0.17390319581748817
16279,1,1.4461982210315256,0.34374450844945437,High-Value Loyal,0.6575861087746037,0.17390319581748817
16281,2,0.7897684434359821,2.6984834855027295,Regular / Growth,0.6575861087746037,0.17390319581748817
16282,0,-2.460075925067155,0.45768660774489234,At-Risk / Low-Value,0.6575861087746037,0.17390319581748817
16283,1,1.8915394607086102,-0.78479959769865,High-Value Loyal,0.6575861087746037,0.17390319581748817
16284,2,0.5679704477909836,0.3319610009667555,Regular / Growth,0.6575861087746037,0.17390319581748817
16287,0,-2.2033652403613577,0.09762838440063397,At-Risk / Low-Value,0.6575861087746037,0.17390319581748817
16292,0,-1.4278247874884316,0.6969145778349747,At-Risk / Low-Value,0.6575861087746037,0.17390319581748817
16293,1,1.8551539597763436,-0.930376234333637,High-Value Loyal,0.6575861087746037,0.17390319581748817
16295,1,1.3164186081995912,-0.47303799819338077,High-Value Loyal,0.6575861087746037,0.17390319581748817
16297,0,-1.5313183339752205,1.0149618825035935,At-Risk / Low-Value,0.6575861087746037,0.17390319581748817
16298,2,-0.43021409082854106,-0.6842956674774084,Regular / Growth,0.6575861087746037,0.17390319581748817
16302,0,-1.8565244749749066,0.43803424643641353,At-Risk / Low-Value,0.6575861087746037,0.17390319581748817
16303,1,2.8013850178283897,1.8761016313814616,High-Value Loyal,0.6575861087746037,0.17390319581748817
16305,2,-1.1255789197090582,0.95515310739491,Regular / Growth,0.6575861087746037,0.17390319581748817
16306,2,-0.36236663158281124,-0.6510234905016632,Regular / Growth,0.6575861087746037,0.17390319581748817
16308,2,1.0477106146117783,1.1361497303220034,Regular / Growth,0.6575861087746037,0.17390319581748817
16309,2,-0.15751416254302292,0.7018728650195387,Regular / Growth,0.6575861087746037,0.17390319581748817
16311,2,0.040369199976126556,-0.15992161830135215,Regular / Growth,0.6575861087746037,0.17390319581748817
16313,2,-0.815946003782927,-1.7053696532783529,Regular / Growth,0.6575861087746037,0.17390319581748817
16315,0,-2.27971980481339,0.7171449637893178,At-Risk / Low-Value,0.6575861087746037,0.17390319581748817
16316,1,1.9985452342159804,0.1363495721685979,High-Value Loyal,0.6575861087746037,0.17390319581748817
16317,2,0.7344341165963746,0.9258117898608906,Regular / Growth,0.6575861087746037,0.17390319581748817
16318,2,-1.0221041304723422,0.2827799831763858,Regular / Growth,0.6575861087746037,0.17390319581748817
16319,0,-2.2048838999295337,1.237513423659968,At-Risk / Low-Value,0.6575861087746037,0.17390319581748817
16320,2,0.32291646674135094,1.334887548310582,Regular / Growth,0.6575861087746037,0.17390319581748817
16321,0,-1.5433320019212804,-1.4293430931724687,At-Risk / Low-Value,0.6575861087746037,0.17390319581748817
16322,2,-0.20481085254073766,-1.797148203182757,Regular / Growth,0.6575861087746037,0.17390319581748817
16323,0,-3.0896871891632527,0.4792766115580098,At-Risk / Low-Value,0.6575861087746037,0.17390319581748817
16324,2,-0.49123478974608703,-0.4574352999763454,Regular / Growth,0.6575861087746037,0.17390319581748817
16325,2,-0.7584104688999871,-0.388549998099452,Regular / Growth,0.6575861087746037,0.17390319581748817
16326,1,2.4550131521179877,-1.6420250886581287,High-Value Loyal,0.6575861087746037,0.17390319581748817
16327,1,2.768547468609981,0.27847051097047626,High-Value Loyal,0.6575861087746037,0.17390319581748817
16330,0,-0.9730364588915601,-1.7627945956840916,At-Risk / Low-Value,0.6575861087746037,0.17390319581748817
16332,1,1.4720823656555355,-0.7231970628347926,High-Value Loyal,0.6575861087746037,0.17390319581748817
16333,1,4.560754426213776,0.6157860007907675,High-Value Loyal,0.6575861087746037,0.17390319581748817
16337,0,-2.1572054839276245,-0.5725081571392319,At-Risk / Low-Value,0.6575861087746037,0.17390319581748817
16338,0,-2.1506776044440463,0.38938132510518464,At-Risk / Low-Value,0.6575861087746037,0.17390319581748817
16339,0,-3.3120811878116347,-0.4080936398161212,At-Risk / Low-Value,0.6575861087746037,0.17390319581748817
16340,2,0.08009989538194197,1.241141957710143,Regular / Growth,0.6575861087746037,0.17390319581748817
16341,1,1.5546676279718499,0.35680093369550064,High-Value Loyal,0.6575861087746037,0.17390319581748817
16342,0,-1.5236516117940548,-1.2595764830578138,At-Risk / Low-Value,0.6575861087746037,0.17390319581748817
16343,2,-0.7850521468002559,-0.9450155778442978,Regular / Growth,0.6575861087746037,0.17390319581748817
16344,0,-3.957972904813194,-0.4681315360015303,At-Risk / Low-Value,0.6575861087746037,0.17390319581748817
16345,2,-0.2977026769632733,0.9631731911855215,Regular / Growth,0.6575861087746037,0.17390319581748817
16347,2,0.5494803764197623,-0.04471285813904223,Regular / Growth,0.6575861087746037,0.17390319581748817
16348,1,1.436863810193695,-0.8014880848358128,High-Value Loyal,0.6575861087746037,0.17390319581748817
16349,0,-4.251081724043528,-1.0395034587247955,At-Risk / Low-Value,0.6575861087746037,0.17390319581748817
16350,2,0.6665876070082577,-0.38815387808498725,Regular / Growth,0.6575861087746037,0.17390319581748817
16351,0,-2.7115005550163414,0.3471151969388237,At-Risk / Low-Value,0.6575861087746037,0.17390319581748817
16352,2,-0.3087387203008104,-0.4102962082162487,Regular / Growth,0.6575861087746037,0.17390319581748817
16353,1,3.2203705523219623,-1.5164839180365148,High-Value Loyal,0.6575861087746037,0.17390319581748817
16354,2,-0.9049087514185128,-0.23156986356180587,Regular / Growth,0.6575861087746037,0.17390319581748817
16356,0,-2.0506789142742097,-0.9977447333141551,At-Risk / Low-Value,0.6575861087746037,0.17390319581748817
16357,2,-0.2404545852492855,-0.4360878233659751,Regular / Growth,0.6575861087746037,0.17390319581748817
16358,1,2.2634583262850563,-0.6811936698375907,High-Value Loyal,0.6575861087746037,0.17390319581748817
16359,1,1.611464547388884,-1.4106766414644012,High-Value Loyal,0.6575861087746037,0.17390319581748817
16360,1,3.1715316011276493,-0.2708726273450191,High-Value Loyal,0.6575861087746037,0.17390319581748817
16361,2,0.8300767105105523,-0.9766151676140048,Regular / Growth,0.6575861087746037,0.17390319581748817
16362,2,0.19385805967521547,-1.0864970367563789,Regular / Growth,0.6575861087746037,0.17390319581748817
16363,0,-2.8916129573644205,-0.7896094962480383,At-Risk / Low-Value,0.6575861087746037,0.17390319581748817
16364,2,0.22958693618714912,-0.21503664871299819,Regular / Growth,0.6575861087746037,0.17390319581748817
16365,1,1.0603760376339713,-1.2790518100339165,High-Value Loyal,0.6575861087746037,0.17390319581748817
16366,2,-0.8179481633017083,0.06535937681793642,Regular / Growth,0.6575861087746037,0.17390319581748817
16367,2,0.7026895744586172,0.38460808719584355,Regular / Growth,0.6575861087746037,0.17390319581748817
16368,2,0.29282982119682804,-1.2475565255381151,Regular / Growth,0.6575861087746037,0.17390319581748817
16369,1,1.4571213523233393,0.3186277147573296,High-Value Loyal,0.6575861087746037,0.17390319581748817
16370,2,0.986337409900821,0.26818574983496596,Regular / Growth,0.6575861087746037,0.17390319581748817
16372,2,-0.5363978791139057,-0.6411626008975351,Regular / Growth,0.6575861087746037,0.17390319581748817
16374,2,-0.27986760656174253,-0.044573107997320525,Regular / Growth,0.6575861087746037,0.17390319581748817
16376,2,1.1389288413301877,0.06781158582962912,Regular / Growth,0.6575861087746037,0.17390319581748817
16377,2,-0.6430622536059671,2.1233266581315227,Regular / Growth,0.6575861087746037,0.17390319581748817
16378,0,-1.2746094021903855,-0.24258080141300098,At-Risk / Low-Value,0.6575861087746037,0.17390319581748817
16379,1,2.1476236789723866,-0.23650998899366163,High-Value Loyal,0.6575861087746037,0.17390319581748817
16380,2,1.011226817359929,2.463515838469748,Regular / Growth,0.6575861087746037,0.17390319581748817
16383,2,0.10113851850796261,0.42554007244669495,Regular / Growth,0.6575861087746037,0.17390319581748817
16384,2,-0.533280875637052,0.38768606141426065,Regular / Growth,0.6575861087746037,0.17390319581748817
16385,2,-0.3176280488542583,-0.40455971832339727,Regular / Growth,0.6575861087746037,0.17390319581748817
16386,2,-0.5909287486498418,-0.8367755825537174,Regular / Growth,0.6575861087746037,0.17390319581748817
16387,0,-3.551142169837718,-0.2222113161099252,At-Risk / Low-Value,0.6575861087746037,0.17390319581748817
16389,2,0.8464719409349227,0.2910685258670588,Regular / Growth,0.6575861087746037,0.17390319581748817
16392,0,-1.5535619365728903,0.6272394157527359,At-Risk / Low-Value,0.6575861087746037,0.17390319581748817
16393,1,2.8342382028788533,-1.7886384989514132,High-Value Loyal,0.6575861087746037,0.17390319581748817
16394,1,1.415982562086094,0.16635696887907642,High-Value Loyal,0.6575861087746037,0.17390319581748817
16395,1,1.4833401483326132,0.04463806574478151,High-Value Loyal,0.6575861087746037,0.17390319581748817
16398,2,0.8637316532096235,1.8141500698972282,Regular / Growth,0.6575861087746037,0.17390319581748817
16399,2,-0.20926741702978913,-0.6527407861132483,Regular / Growth,0.6575861087746037,0.17390319581748817
16400,2,-1.2302138138773235,0.5678864562533881,Regular / Growth,0.6575861087746037,0.17390319581748817
16401,1,3.258460524557257,-1.4029906967611543,High-Value Loyal,0.6575861087746037,0.17390319581748817
16402,0,-1.3579065531657881,0.006451170403259101,At-Risk / Low-Value,0.6575861087746037,0.17390319581748817
16403,0,-2.4286138142911176,0.48446624615881034,At-Risk / Low-Value,0.6575861087746037,0.17390319581748817
16404,2,-0.9560509385267251,0.8529596127081499,Regular / Growth,0.6575861087746037,0.17390319581748817
16405,0,-2.7011103975917563,-0.38470448849131567,At-Risk / Low-Value,0.6575861087746037,0.17390319581748817
16406,0,-1.312597387275482,-0.8687953060059107,At-Risk / Low-Value,0.6575861087746037,0.17390319581748817
16407,1,1.9349636792715224,-1.2059770423829372,High-Value Loyal,0.6575861087746037,0.17390319581748817
16409,1,1.8004339788557964,0.16062458072409624,High-Value Loyal,0.6575861087746037,0.17390319581748817
16411,0,-1.1544847189782959,-1.3937122705391731,At-Risk / Low-Value,0.6575861087746037,0.17390319581748817
16412,0,-2.1294205413865663,-0.607415692556472,At-Risk / Low-Value,0.6575861087746037,0.17390319581748817
16413,2,-1.2587965809643196,0.1865518551292151,Regular / Growth,0.6575861087746037,0.17390319581748817
16414,0,-2.837456323033726,-1.9268547495041202,At-Risk / Low-Value,0.6575861087746037,0.17390319581748817
16415,2,-1.2102034468851277,-0.2110079633680215,Regular / Growth,0.6575861087746037,0.17390319581748817
16416,2,0.7546771084352796,0.045248370988263294,Regular / Growth,0.6575861087746037,0.17390319581748817
16418,2,0.014388149136026922,-0.39308451205428074,Regular / Growth,0.6575861087746037,0.17390319581748817
16419,2,0.07545660379343522,-0.47426242914043315,Regular / Growth,0.6575861087746037,0.17390319581748817
16422,1,5.469336879057673,-0.1767093102806867,High-Value Loyal,0.6575861087746037,0.17390319581748817
16423,2,-0.871460402219556,0.22308186955412057,Regular / Growth,0.6575861087746037,0.17390319581748817
16424,0,-2.848749993589007,-0.011826875729037576,At-Risk / Low-Value,0.6575861087746037,0.17390319581748817
16425,0,-1.5514195124965935,1.0593527690023676,At-Risk / Low-Value,0.6575861087746037,0.17390319581748817
16426,1,2.51408974627568,-1.981432320137608,High-Value Loyal,0.6575861087746037,0.17390319581748817
16427,0,-2.147634428549328,-0.10735315792709436,At-Risk / Low-Value,0.6575861087746037,0.17390319581748817
16429,0,-3.113315924955095,0.4041302150391629,At-Risk / Low-Value,0.6575861087746037,0.17390319581748817
16430,0,-1.807724788910513,0.3795637730115372,At-Risk / Low-Value,0.6575861087746037,0.17390319581748817
16431,2,-0.3384991430993311,0.2811516985067035,Regular / Growth,0.6575861087746037,0.17390319581748817
16432,0,-1.4407273776188538,0.45112983551405056,At-Risk / Low-Value,0.6575861087746037,0.17390319581748817
16433,0,-1.6898806196372198,-0.47714372118205883,At-Risk / Low-Value,0.6575861087746037,0.17390319581748817
16434,1,1.2858788835132373,-0.7450523988388587,High-Value Loyal,0.6575861087746037,0.17390319581748817
16438,1,0.8441646206375185,-1.5775655747320185,High-Value Loyal,0.6575861087746037,0.17390319581748817
16440,1,2.8449819667617335,0.2446037096471368,High-Value Loyal,0.6575861087746037,0.17390319581748817
16441,2,-1.0897492035110403,-0.20734004219033866,Regular / Growth,0.6575861087746037,0.17390319581748817
16442,1,1.0512300699689718,-1.5416665194079686,High-Value Loyal,0.6575861087746037,0.17390319581748817
16444,2,0.14566150027119526,-0.7062073442416572,Regular / Growth,0.6575861087746037,0.17390319581748817
16445,2,-1.088356022144687,-0.22021933297660415,Regular / Growth,0.6575861087746037,0.17390319581748817
16446,1,6.14793050081007,5.5738031803607,High-Value Loyal,0.6575861087746037,0.17390319581748817
16447,2,-1.29747076677343,0.5401346824828077,Regular / Growth,0.6575861087746037,0.17390319581748817
16448,0,-2.2226925862834275,0.2658722799397198,At-Risk / Low-Value,0.6575861087746037,0.17390319581748817
16449,2,-0.37608673539426357,0.933834246437098,Regular / Growth,0.6575861087746037,0.17390319581748817
16450,0,-1.5802756170517405,0.8395247708961326,At-Risk / Low-Value,0.6575861087746037,0.17390319581748817
16451,0,-1.6776011915554632,0.3995175830769748,At-Risk / Low-Value,0.6575861087746037,0.17390319581748817
16454,0,-6.118282934798518,-4.679852138533787,At-Risk / Low-Value,0.6575861087746037,0.17390319581748817
16455,1,1.2681209625083418,-0.181719565761213,High-Value Loyal,0.6575861087746037,0.17390319581748817
16456,1,1.3636184466201993,0.6548141635653061,High-Value Loyal,0.6575861087746037,0.17390319581748817
16457,0,-2.1799136536171653,0.5343852645262855,At-Risk / Low-Value,0.6575861087746037,0.17390319581748817
16458,1,2.739925997318506,-1.9372469148741667,High-Value Loyal,0.6575861087746037,0.17390319581748817
16460,2,0.9047565390855339,-0.23594549662724065,Regular / Growth,0.6575861087746037,0.17390319581748817
16461,0,-2.384021114859632,-0.10750069196020655,At-Risk / Low-Value,0.6575861087746037,0.17390319581748817
16462,0,-3.613430621150059,-1.8975913015402934,At-Risk / Low-Value,0.6575861087746037,0.17390319581748817
16463,1,1.3412121382088051,-0.09077849592900934,High-Value Loyal,0.6575861087746037,0.17390319581748817
16464,1,1.4490522649933182,0.1384022005393276,High-Value Loyal,0.6575861087746037,0.17390319581748817
16466,1,1.3605260780370254,-0.6290389992845047,High-Value Loyal,0.6575861087746037,0.17390319581748817
16468,0,-3.6944826308417906,-1.0695668331717842,At-Risk / Low-Value,0.6575861087746037,0.17390319581748817
16469,2,0.37816112818420167,-1.0923789833824327,Regular / Growth,0.6575861087746037,0.17390319581748817
16470,2,0.5176823639186356,-0.5139359880541834,Regular / Growth,0.6575861087746037,0.17390319581748817
16471,0,-2.052841930242948,0.6895868054585852,At-Risk / Low-Value,0.6575861087746037,0.17390319581748817
16473,0,-1.4668614186096365,-0.5720061947721288,At-Risk / Low-Value,0.6575861087746037,0.17390319581748817
16474,1,2.1557890550526824,-1.12456956472941,High-Value Loyal,0.6575861087746037,0.17390319581748817
16475,2,-0.6157296952301347,-0.6113560658791053,Regular / Growth,0.6575861087746037,0.17390319581748817
16477,1,1.8059142113638855,0.15334242255981062,High-Value Loyal,0.6575861087746037,0.17390319581748817
16478,0,-1.0115850010659924,-1.2577723884587528,At-Risk / Low-Value,0.6575861087746037,0.17390319581748817
16479,2,-0.8744677922161934,-1.2745473328137578,Regular / Growth,0.6575861087746037,0.17390319581748817
16480,2,0.11479591993043466,1.5361563295692966,Regular / Growth,0.6575861087746037,0.17390319581748817
16482,2,-0.9924591682572013,-0.39898663075680774,Regular / Growth,0.6575861087746037,0.17390319581748817
16483,0,-2.620302837736723,-0.08724966410490786,At-Risk / Low-Value,0.6575861087746037,0.17390319581748817
16484,2,-1.1696601452573052,0.24789210091111244,Regular / Growth,0.6575861087746037,0.17390319581748817
16485,2,-0.7965424238062963,0.6851578489308069,Regular / Growth,0.6575861087746037,0.17390319581748817
16488,2,-0.1236258348785066,-0.633931423382321,Regular / Growth,0.6575861087746037,0.17390319581748817
16491,2,0.10771524721958736,1.3070390007856416,Regular / Growth,0.6575861087746037,0.17390319581748817
16493,2,0.77838085131407,0.41690412950595546,Regular / Growth,0.6575861087746037,0.17390319581748817
16494,2,-0.03627061394165226,2.2046613817607494,Regular / Growth,0.6575861087746037,0.17390319581748817
16495,2,0.6716350428744742,-1.3472640683003672,Regular / Growth,0.6575861087746037,0.17390319581748817
16496,1,1.6652296542792648,0.10026840998882443,High-Value Loyal,0.6575861087746037,0.17390319581748817
16497,1,2.0306970881477087,0.45535152256768996,High-Value Loyal,0.6575861087746037,0.17390319581748817
16498,0,-2.947474319330518,-1.3749964052882395,At-Risk / Low-Value,0.6575861087746037,0.17390319581748817
16499,0,-1.6896569370692458,0.41037789048187895,At-Risk / Low-Value,0.6575861087746037,0.17390319581748817
16500,0,-0.8728541787158055,-2.6466707832913485,At-Risk / Low-Value,0.6575861087746037,0.17390319581748817
16503,2,0.7115480331039251,0.5035446521127827,Regular / Growth,0.6575861087746037,0.17390319581748817
16504,2,0.1458520666522083,0.5420151866656935,Regular / Growth,0.6575861087746037,0.17390319581748817
16505,2,-0.437710327497707,1.3443909891943473,Regular / Growth,0.6575861087746037,0.17390319581748817
16506,0,-3.0792310699858887,-2.2607213936951434,At-Risk / Low-Value,0.6575861087746037,0.17390319581748817
16509,0,-1.9525705322328213,1.173575550741518,At-Risk / Low-Value,0.6575861087746037,0.17390319581748817
16510,0,-2.188084674605148,0.8848816461943745,At-Risk / Low-Value,0.6575861087746037,0.17390319581748817
16511,2,0.8103297276474783,-0.26824414218876436,Regular / Growth,0.6575861087746037,0.17390319581748817
16513,2,0.6059911458927421,-1.197211666621246,Regular / Growth,0.6575861087746037,0.17390319581748817
16515,1,1.2073972599941891,0.054643777222884264,High-Value Loyal,0.6575861087746037,0.17390319581748817
16516,0,-2.7270733617260206,-1.0920671143277085,At-Risk / Low-Value,0.6575861087746037,0.17390319581748817
16517,0,-2.352829444919116,0.30188915054655324,At-Risk / Low-Value,0.6575861087746037,0.17390319581748817
16518,2,-0.4848829469823996,0.044692530929231415,Regular / Growth,0.6575861087746037,0.17390319581748817
16519,0,-1.9018438545397158,-1.2910574190289223,At-Risk / Low-Value,0.6575861087746037,0.17390319581748817
16520,2,0.5197491514745348,0.7579480100697742,Regular / Growth,0.6575861087746037,0.17390319581748817
16523,1,4.248845111198077,-1.2057243981029375,High-Value Loyal,0.6575861087746037,0.17390319581748817
16525,1,4.488419894451451,-1.0904548230953257,High-Value Loyal,0.6575861087746037,0.17390319581748817
16526,0,-1.7852387805766041,0.7466768885145986,At-Risk / Low-Value,0.6575861087746037,0.17390319581748817
16527,0,-1.8276045712338576,0.18552102660516756,At-Risk / Low-Value,0.6575861087746037,0.17390319581748817
16528,2,-0.8868816699635119,-0.8474974173526867,Regular / Growth,0.6575861087746037,0.17390319581748817
16529,2,-0.9938175380993339,1.2930771592319534,Regular / Growth,0.6575861087746037,0.17390319581748817
16531,1,1.1646830216185657,-1.033001980676821,High-Value Loyal,0.6575861087746037,0.17390319581748817
16532,1,1.6480379683942725,2.147758655830279,High-Value Loyal,0.6575861087746037,0.17390319581748817
16533,2,1.0515424934561428,-0.10139922104583103,Regular / Growth,0.6575861087746037,0.17390319581748817
16535,2,0.24432850235437326,0.2193101190323927,Regular / Growth,0.6575861087746037,0.17390319581748817
16536,2,-0.4650681435374306,1.268105259370711,Regular / Growth,0.6575861087746037,0.17390319581748817
16539,1,1.1582166220881291,-0.8544493747007408,High-Value Loyal,0.6575861087746037,0.17390319581748817
16542,0,-2.865955417435703,-0.6967307208678744,At-Risk / Low-Value,0.6575861087746037,0.17390319581748817
16545,0,-2.2537161381398674,0.942330799147842,At-Risk / Low-Value,0.6575861087746037,0.17390319581748817
16546,2,-0.4043274841143087,1.2643293111574903,Regular / Growth,0.6575861087746037,0.17390319581748817
16549,1,3.3190145921463152,-0.6012022817955829,High-Value Loyal,0.6575861087746037,0.17390319581748817
16550,1,1.745611799334418,0.7519638630276986,High-Value Loyal,0.6575861087746037,0.17390319581748817
16551,2,0.19869729368775446,0.48436421800967755,Regular / Growth,0.6575861087746037,0.17390319581748817
16552,0,-1.3985529459837382,0.34301710828518206,At-Risk / Low-Value,0.6575861087746037,0.17390319581748817
16553,1,2.5320423687278186,0.7716098683882113,High-Value Loyal,0.6575861087746037,0.17390319581748817
16554,2,0.2414295671609254,-0.0639033205131032,Regular / Growth,0.6575861087746037,0.17390319581748817
16555,0,-1.2981521000612022,-0.7561553986080463,At-Risk / Low-Value,0.6575861087746037,0.17390319581748817
16556,1,2.2172023181831624,0.49059301949483397,High-Value Loyal,0.6575861087746037,0.17390319581748817
16557,0,-1.4844810250592804,-0.9455535848067986,At-Risk / Low-Value,0.6575861087746037,0.17390319581748817
16558,1,4.517690489446022,-1.4376349207375654,High-Value Loyal,0.6575861087746037,0.17390319581748817
16560,2,0.4215994397067618,0.33519016546984803,Regular / Growth,0.6575861087746037,0.17390319581748817
16561,2,-0.10761592302429837,-0.8017836240010917,Regular / Growth,0.6575861087746037,0.17390319581748817
16563,2,0.1446744510966803,1.8183740897219467,Regular / Growth,0.6575861087746037,0.17390319581748817
16565,0,-3.1560121425151095,0.4963518614695002,At-Risk / Low-Value,0.6575861087746037,0.17390319581748817
16566,2,-0.22261427650262652,-1.4600745272218514,Regular / Growth,0.6575861087746037,0.17390319581748817
16567,2,0.07995549190873788,1.239889699625967,Regular / Growth,0.6575861087746037,0.17390319581748817
16569,0,-1.9816630358572944,-1.6632273712093608,At-Risk / Low-Value,0.6575861087746037,0.17390319581748817
16570,1,2.470788584571196,-0.4416385394963682,High-Value Loyal,0.6575861087746037,0.17390319581748817
16571,2,1.2850469675070135,0.414398019146593,Regular / Growth,0.6575861087746037,0.17390319581748817
16572,2,0.14848969349552774,0.6200354946646442,Regular / Growth,0.6575861087746037,0.17390319581748817
16573,2,-0.23809131484068632,0.5207283436103358,Regular / Growth,0.6575861087746037,0.17390319581748817
16574,2,-0.5392848544490348,0.9556870014305494,Regular / Growth,0.6575861087746037,0.17390319581748817
16581,0,-2.6965970183553285,-0.26783340060006966,At-Risk / Low-Value,0.6575861087746037,0.17390319581748817
16582,0,-1.7722522353769787,0.741048119204779,At-Risk / Low-Value,0.6575861087746037,0.17390319581748817
16583,0,-2.1488710951383982,0.8345442799679588,At-Risk / Low-Value,0.6575861087746037,0.17390319581748817
16584,2,0.09170568578156062,0.9429504256136488,Regular / Growth,0.6575861087746037,0.17390319581748817
16586,0,-1.7389804834004576,1.4221739185988975,At-Risk / Low-Value,0.6575861087746037,0.17390319581748817
16587,0,-2.244721229784916,0.5657039473822393,At-Risk / Low-Value,0.6575861087746037,0.17390319581748817
16589,2,-0.5666549276489233,-0.482678216593177,Regular / Growth,0.6575861087746037,0.17390319581748817
16591,0,-2.2796277702861683,-0.0173782290403061,At-Risk / Low-Value,0.6575861087746037,0.17390319581748817
16592,1,3.26554306739689,-1.5158489440797693,High-Value Loyal,0.6575861087746037,0.17390319581748817
16593,0,-1.242938342588473,-1.059726550582287,At-Risk / Low-Value,0.6575861087746037,0.17390319581748817
16594,0,-1.7077555919144907,-0.2042721926582622,At-Risk / Low-Value,0.6575861087746037,0.17390319581748817
16595,2,-0.3788964001992814,0.5768335278365765,Regular / Growth,0.6575861087746037,0.17390319581748817
16596,0,-1.5074536265644305,-1.2469321315169508,At-Risk / Low-Value,0.6575861087746037,0.17390319581748817
16597,0,-1.9523386166893681,-1.8712103173022,At-Risk / Low-Value,0.6575861087746037,0.17390319581748817
16598,0,-2.723144562173389,0.19285182427860403,At-Risk / Low-Value,0.6575861087746037,0.17390319581748817
16600,1,1.1320073483647641,-1.8544769724870056,High-Value Loyal,0.6575861087746037,0.17390319581748817
16601,0,-1.2939154267057988,-0.03604171166955403,At-Risk / Low-Value,0.6575861087746037,0.17390319581748817
16602,2,-0.3190579250719698,0.8326911217917211,Regular / Growth,0.6575861087746037,0.17390319581748817
16603,2,-0.4226492616233656,0.16060585405686081,Regular / Growth,0.6575861087746037,0.17390319581748817
16607,1,2.753095849859602,-0.9968394219729115,High-Value Loyal,0.6575861087746037,0.17390319581748817
16609,1,3.07508512526301,0.46461661221245537,High-Value Loyal,0.6575861087746037,0.17390319581748817
16610,0,-3.377426341134169,-0.5979358386939573,At-Risk / Low-Value,0.6575861087746037,0.17390319581748817
16611,0,-2.898219023973239,-0.13728435655486865,At-Risk / Low-Value,0.6575861087746037,0.17390319581748817
16612,2,0.6527032297262065,-0.15987870306361135,Regular / Growth,0.6575861087746037,0.17390319581748817
16613,2,-0.37993658475105063,1.255288357660525,Regular / Growth,0.6575861087746037,0.17390319581748817
16614,2,-0.9082812340766767,1.4099928909464996,Regular / Growth,0.6575861087746037,0.17390319581748817
16616,2,-0.15088495095535998,-0.4538504251962652,Regular / Growth,0.6575861087746037,0.17390319581748817
16617,0,-2.7837837860627603,0.21477422944549793,At-Risk / Low-Value,0.6575861087746037,0.17390319581748817
16618,1,1.8503158895737657,0.4268352121061807,High-Value Loyal,0.6575861087746037,0.17390319581748817
16619,0,-2.030612269440121,0.6750727974425396,At-Risk / Low-Value,0.6575861087746037,0.17390319581748817
16620,0,-1.6167276893853444,-2.099774568763198,At-Risk / Low-Value,0.6575861087746037,0.17390319581748817
16621,2,-0.2059305060303314,-0.39331013585564134,Regular / Growth,0.6575861087746037,0.17390319581748817
16623,0,-3.210414231914201,-0.014008837646991049,At-Risk / Low-Value,0.6575861087746037,0.17390319581748817
16624,2,0.07281348908793937,0.7392971242844514,Regular / Growth,0.6575861087746037,0.17390319581748817
16625,0,-1.4882460525098702,1.1027217430042533,At-Risk / Low-Value,0.6575861087746037,0.17390319581748817
16626,1,3.338469521977253,-1.8856758281558297,High-Value Loyal,0.6575861087746037,0.17390319581748817
16627,2,-1.2757460942039767,0.5698497043237912,Regular / Growth,0.6575861087746037,0.17390319581748817
16628,1,1.6615050694226654,0.19718137585592083,High-Value Loyal,0.6575861087746037,0.17390319581748817
16629,2,-0.35899036351796476,-0.048975588479191874,Regular / Growth,0.6575861087746037,0.17390319581748817
16633,1,2.1427051058316886,-0.01245996420249379,High-Value Loyal,0.6575861087746037,0.17390319581748817
16634,0,-2.373538854738838,-0.34496639780282606,At-Risk / Low-Value,0.6575861087746037,0.17390319581748817
16637,2,0.9591803063094104,-0.16485097931960976,Regular / Growth,0.6575861087746037,0.17390319581748817
16638,1,1.6594719637383095,-1.1993318484067008,High-Value Loyal,0.6575861087746037,0.17390319581748817
16639,2,0.6991148819987536,0.2786756699389909,Regular / Growth,0.6575861087746037,0.17390319581748817
16641,0,-1.6264280861095037,0.39383625220637075,At-Risk / Low-Value,0.6575861087746037,0.17390319581748817
16642,2,0.43558105272177106,-0.48876137147153303,Regular / Growth,0.6575861087746037,0.17390319581748817
16643,2,-0.9295491492648796,1.504252256903958,Regular / Growth,0.6575861087746037,0.17390319581748817
16644,2,0.21609045372892738,1.1175100261624276,Regular / Growth,0.6575861087746037,0.17390319581748817
16647,0,-2.0318584664265966,-0.4366750512094294,At-Risk / Low-Value,0.6575861087746037,0.17390319581748817
16648,2,-1.0472700995297806,0.2645022226288225,Regular / Growth,0.6575861087746037,0.17390319581748817
16650,2,-0.523244487807506,1.1083049612579414,Regular / Growth,0.6575861087746037,0.17390319581748817
16652,1,2.777253582053271,1.2948806619317208,High-Value Loyal,0.6575861087746037,0.17390319581748817
16653,2,1.0547523913629058,0.5473538299017071,Regular / Growth,0.6575861087746037,0.17390319581748817
16654,2,-0.6077089679455422,-0.33643738506753385,Regular / Growth,0.6575861087746037,0.17390319581748817
16655,1,2.81522853470073,0.33936016233793387,High-Value Loyal,0.6575861087746037,0.17390319581748817
16656,1,3.070035247126293,0.2165769050208008,High-Value Loyal,0.6575861087746037,0.17390319581748817
16657,1,1.372080742335686,-0.9390906750704996,High-Value Loyal,0.6575861087746037,0.17390319581748817
16658,0,-3.1894798517648826,0.07815104249861175,At-Risk / Low-Value,0.6575861087746037,0.17390319581748817
16659,0,-4.139712377330317,-1.3063220385304275,At-Risk / Low-Value,0.6575861087746037,0.17390319581748817
16660,2,0.5290161438427672,-0.306720424115765,Regular / Growth,0.6575861087746037,0.17390319581748817
16665,0,-2.9403039462715035,0.20094397178047502,At-Risk / Low-Value,0.6575861087746037,0.17390319581748817
16666,0,-1.463710530312074,-1.059881415425921,At-Risk / Low-Value,0.6575861087746037,0.17390319581748817
16667,2,-0.3667042342390444,0.21087579819209254,Regular / Growth,0.6575861087746037,0.17390319581748817
16668,0,-0.9501376809405676,-2.452910972574941,At-Risk / Low-Value,0.6575861087746037,0.17390319581748817
16669,1,1.3850940723135268,0.24737545086292329,High-Value Loyal,0.6575861087746037,0.17390319581748817
16670,1,2.9408807999201643,-0.46786024475924426,High-Value Loyal,0.6575861087746037,0.17390319581748817
16671,2,0.24832778289506782,0.7366111591807414,Regular / Growth,0.6575861087746037,0.17390319581748817
16672,1,3.302297541300174,-1.2297776478946552,High-Value Loyal,0.6575861087746037,0.17390319581748817
16674,2,-0.719595235864734,-0.5955041963331424,Regular / Growth,0.6575861087746037,0.17390319581748817
16676,2,1.1186804172194988,0.16563777640680996,Regular / Growth,0.6575861087746037,0.17390319581748817
16678,1,2.824581385298472,-1.47780005831834,High-Value Loyal,0.6575861087746037,0.17390319581748817
16679,0,-3.546797310045396,0.14521995406034363,At-Risk / Low-Value,0.6575861087746037,0.17390319581748817
16680,0,-2.0081240265081033,-0.2955915362315969,At-Risk / Low-Value,0.6575861087746037,0.17390319581748817
16681,2,0.8429504903482107,0.1503657843247947,Regular / Growth,0.6575861087746037,0.17390319581748817
16682,2,0.8089950057944292,-1.2164691655805095,Regular / Growth,0.6575861087746037,0.17390319581748817
16684,1,6.526285748739603,0.9172551950495789,High-Value Loyal,0.6575861087746037,0.17390319581748817
16685,2,-0.5612503266589022,-0.39589700968731384,Regular / Growth,0.6575861087746037,0.17390319581748817
16686,1,2.594165568144179,0.17736357975484074,High-Value Loyal,0.6575861087746037,0.17390319581748817
16688,1,1.552782869434277,-1.2133497748630833,High-Value Loyal,0.6575861087746037,0.17390319581748817
16689,2,-1.017709018534631,0.04115396602085034,Regular / Growth,0.6575861087746037,0.17390319581748817
16690,0,-1.8700640894357607,-0.723881287723314,At-Risk / Low-Value,0.6575861087746037,0.17390319581748817
16692,2,-1.2055721626546203,1.731095989303132,Regular / Growth,0.6575861087746037,0.17390319581748817
16693,2,-0.5213563416188047,0.013220171847962151,Regular / Growth,0.6575861087746037,0.17390319581748817
16696,0,-1.2275641832420807,-0.24737173791656775,At-Risk / Low-Value,0.6575861087746037,0.17390319581748817
16697,0,-2.989891493785208,-0.2670509491651237,At-Risk / Low-Value,0.6575861087746037,0.17390319581748817
16698,2,-0.041168556475235395,2.2921326076841413,Regular / Growth,0.6575861087746037,0.17390319581748817
16700,1,3.391131762531553,-0.6760512232881591,High-Value Loyal,0.6575861087746037,0.17390319581748817
16701,1,3.4324752224008885,-0.5441672900793272,High-Value Loyal,0.6575861087746037,0.17390319581748817
16705,1,4.698414103989511,-0.8387430157274163,High-Value Loyal,0.6575861087746037,0.17390319581748817
16706,2,0.005130827661349827,-0.6845345770967006,Regular / Growth,0.6575861087746037,0.17390319581748817
16708,2,-0.2814686446020448,1.154319379776834,Regular / Growth,0.6575861087746037,0.17390319581748817
16709,1,1.48951470761916,0.9442447934840142,High-Value Loyal,0.6575861087746037,0.17390319581748817
16710,1,2.5220922593395567,-0.8817677535197642,High-Value Loyal,0.6575861087746037,0.17390319581748817
16711,1,1.269721521473561,-0.8999943637426683,High-Value Loyal,0.6575861087746037,0.17390319581748817
16712,1,2.973762356210831,-0.8971124588113575,High-Value Loyal,0.6575861087746037,0.17390319581748817
16713,1,3.789609503002974,-0.30630756776108053,High-Value Loyal,0.6575861087746037,0.17390319581748817
16714,2,0.3779951867961178,0.9372548317059637,Regular / Growth,0.6575861087746037,0.17390319581748817
16715,2,-0.8680818305172465,0.6168850402011178,Regular / Growth,0.6575861087746037,0.17390319581748817
16716,0,-1.7224716805908196,1.3728886090917662,At-Risk / Low-Value,0.6575861087746037,0.17390319581748817
16717,1,2.6195228458868303,0.45365484237319637,High-Value Loyal,0.6575861087746037,0.17390319581748817
16718,2,-0.5600052320037053,1.9197659773247857,Regular / Growth,0.6575861087746037,0.17390319581748817
16719,1,1.780564567685825,-0.8025651750869615,High-Value Loyal,0.6575861087746037,0.17390319581748817
16720,0,-1.5077914573889557,-0.6785639577411737,At-Risk / Low-Value,0.6575861087746037,0.17390319581748817
16721,2,-1.3999267090970395,0.9233851083968455,Regular / Growth,0.6575861087746037,0.17390319581748817
16722,1,3.0924295892769185,-0.4672229861376409,High-Value Loyal,0.6575861087746037,0.17390319581748817
16723,2,-0.3597331308671509,0.4092139485861304,Regular / Growth,0.6575861087746037,0.17390319581748817
16725,2,-0.06642429637416583,-0.6415687257108342,Regular / Growth,0.6575861087746037,0.17390319581748817
16726,1,1.3776977917614839,-0.4163917774926618,High-Value Loyal,0.6575861087746037,0.17390319581748817
16727,0,-1.5568602597215675,0.9070897498341304,At-Risk / Low-Value,0.6575861087746037,0.17390319581748817
16728,2,1.112164923766232,-0.2146815852264929,Regular / Growth,0.6575861087746037,0.17390319581748817
16729,1,3.691289078915238,-0.4452284063977573,High-Value Loyal,0.6575861087746037,0.17390319581748817
16730,2,0.5468482304558911,-0.045970378833760296,Regular / Growth,0.6575861087746037,0.17390319581748817
16732,2,-0.2168332963865729,0.927150138273344,Regular / Growth,0.6575861087746037,0.17390319581748817
16734,2,-0.11980166015454288,-0.26264338609307625,Regular / Growth,0.6575861087746037,0.17390319581748817
16735,1,1.5827223136354147,0.6284768444156954,High-Value Loyal,0.6575861087746037,0.17390319581748817
16737,0,-1.622530852571149,0.8599120470373525,At-Risk / Low-Value,0.6575861087746037,0.17390319581748817
16738,0,-7.120094061720973,-3.6665314642458187,At-Risk / Low-Value,0.6575861087746037,0.17390319581748817
16739,0,-1.5874458751364704,0.9228628299112938,At-Risk / Low-Value,0.6575861087746037,0.17390319581748817
16742,0,-3.2354535306058603,0.4839968005623957,At-Risk / Low-Value,0.6575861087746037,0.17390319581748817
16743,1,1.9381449909368251,-0.24722363419910678,High-Value Loyal,0.6575861087746037,0.17390319581748817
16744,1,1.6800058956972843,-1.325067137176644,High-Value Loyal,0.6575861087746037,0.17390319581748817
16745,1,3.355461312290034,0.23590256509190116,High-Value Loyal,0.6575861087746037,0.17390319581748817
16746,1,3.971851249486099,-1.078316331387896,High-Value Loyal,0.6575861087746037,0.17390319581748817
16747,2,0.243067101932707,0.49853705032439516,Regular / Growth,0.6575861087746037,0.17390319581748817
16748,1,1.1486907988673438,-0.3941244855052806,High-Value Loyal,0.6575861087746037,0.17390319581748817
16750,2,-0.06154133453493444,-1.1433890594771892,Regular / Growth,0.6575861087746037,0.17390319581748817
16751,2,1.0096408804892025,2.185787057902767,Regular / Growth,0.6575861087746037,0.17390319581748817
16752,0,-2.635395358200811,0.6641544397883451,At-Risk / Low-Value,0.6575861087746037,0.17390319581748817
16753,2,-1.2615125324938246,0.038999493829756225,Regular / Growth,0.6575861087746037,0.17390319581748817
16754,2,0.2688891524299764,3.5601430257490216,Regular / Growth,0.6575861087746037,0.17390319581748817
16755,2,1.1427129277933763,0.9856408956066758,Regular / Growth,0.6575861087746037,0.17390319581748817
16756,0,-2.0401685490229293,0.6362225666048131,At-Risk / Low-Value,0.6575861087746037,0.17390319581748817
16757,0,-3.071970636839141,-0.06517600767513056,At-Risk / Low-Value,0.6575861087746037,0.17390319581748817
16758,2,-1.0118598265064056,0.6519280296380455,Regular / Growth,0.6575861087746037,0.17390319581748817
16759,2,0.6193184858252131,-0.7149694673791801,Regular / Growth,0.6575861087746037,0.17390319581748817
16761,2,-1.2271325126709893,0.7188276912665531,Regular / Growth,0.6575861087746037,0.17390319581748817
16762,2,0.7652220875852936,0.05446329642263822,Regular / Growth,0.6575861087746037,0.17390319581748817
16763,2,-0.6937063871262898,1.6864947356341233,Regular / Growth,0.6575861087746037,0.17390319581748817
16764,1,2.7647905435380657,-1.7215388981355975,High-Value Loyal,0.6575861087746037,0.17390319581748817
16765,0,-5.429316611296888,-1.4927562952116262,At-Risk / Low-Value,0.6575861087746037,0.17390319581748817
16766,2,-0.22778032155347064,1.660192220397546,Regular / Growth,0.6575861087746037,0.17390319581748817
16767,1,3.1769547028064555,0.15815238233805967,High-Value Loyal,0.6575861087746037,0.17390319581748817
16768,2,-0.5165334705366984,-0.673297888978489,Regular / Growth,0.6575861087746037,0.17390319581748817
16769,0,-1.5311786056268364,1.0868516655825506,At-Risk / Low-Value,0.6575861087746037,0.17390319581748817
16770,2,0.4570188266259878,-0.7898559840302459,Regular / Growth,0.6575861087746037,0.17390319581748817
16771,1,2.063609639694432,0.23252421442146734,High-Value Loyal,0.6575861087746037,0.17390319581748817
16773,0,-1.6411034067806674,-0.24366723349883856,At-Risk / Low-Value,0.6575861087746037,0.17390319581748817
16774,2,-0.2408393596222612,-0.5270878318279885,Regular / Growth,0.6575861087746037,0.17390319581748817
16775,1,1.464360743932297,-1.7393076083147256,High-Value Loyal,0.6575861087746037,0.17390319581748817
16776,2,-0.5549464119294353,0.5948419718890579,Regular / Growth,0.6575861087746037,0.17390319581748817
16777,0,-1.6657978766464605,-0.8402176883122312,At-Risk / Low-Value,0.6575861087746037,0.17390319581748817
16778,0,-1.5332556158734685,-0.6124874629762892,At-Risk / Low-Value,0.6575861087746037,0.17390319581748817
16779,1,4.451065334492586,-1.1304579150684928,High-Value Loyal,0.6575861087746037,0.17390319581748817
16780,2,-0.6533658906299661,0.06133094596234618,Regular / Growth,0.6575861087746037,0.17390319581748817
16781,0,-1.8449539649930415,1.1343438125002125,At-Risk / Low-Value,0.6575861087746037,0.17390319581748817
16782,1,1.9615068356574397,-1.6383038271376484,High-Value Loyal,0.6575861087746037,0.17390319581748817
16784,0,-3.0900337416816943,-1.2381212074477865,At-Risk / Low-Value,0.6575861087746037,0.17390319581748817
16788,2,-0.03230729206544127,0.47301027262559586,Regular / Growth,0.6575861087746037,0.17390319581748817
16789,0,-2.8781074149629475,-1.8861756494264106,At-Risk / Low-Value,0.6575861087746037,0.17390319581748817
16790,1,1.7634824156477151,-1.2144133803018056,High-Value Loyal,0.6575861087746037,0.17390319581748817
16791,1,1.7050383512046376,-0.661954433373645,High-Value Loyal,0.6575861087746037,0.17390319581748817
16792,0,-3.118219643693256,-1.0399941667882626,At-Risk / Low-Value,0.6575861087746037,0.17390319581748817
16793,0,-1.5375944904082008,0.13823093692351876,At-Risk / Low-Value,0.6575861087746037,0.17390319581748817
16794,1,2.0162776286653386,-2.6271669284917145,High-Value Loyal,0.6575861087746037,0.17390319581748817
16795,2,-0.8897421553862127,1.436495398274785,Regular / Growth,0.6575861087746037,0.17390319581748817
16796,2,-1.3355290676470288,0.5763559237337552,Regular / Growth,0.6575861087746037,0.17390319581748817
16800,2,1.3096314531895221,1.1824479786833073,Regular / Growth,0.6575861087746037,0.17390319581748817
16801,2,0.6554389846772118,0.7761845041557092,Regular / Growth,0.6575861087746037,0.17390319581748817
16803,2,-1.001860772170957,0.550382307763676,Regular / Growth,0.6575861087746037,0.17390319581748817
16804,2,-0.09746177241643297,-0.8307405754375967,Regular / Growth,0.6575861087746037,0.17390319581748817
16805,2,-0.25632864418998663,0.40936788403699387,Regular / Growth,0.6575861087746037,0.17390319581748817
16806,2,0.03548775157209871,-0.23077983047011344,Regular / Growth,0.6575861087746037,0.17390319581748817
16807,2,0.46192936115045985,0.7974107498760815,Regular / Growth,0.6575861087746037,0.17390319581748817
16808,0,-1.376718083379828,-0.33656635290976983,At-Risk / Low-Value,0.6575861087746037,0.17390319581748817
16809,2,0.8068290693213936,-0.9017628267668201,Regular / Growth,0.6575861087746037,0.17390319581748817
16810,0,-1.7344154024491878,0.8666410446725998,At-Risk / Low-Value,0.6575861087746037,0.17390319581748817
16811,2,0.17732760235380773,-0.7263344409013092,Regular / Growth,0.6575861087746037,0.17390319581748817
16812,0,-1.6474178964585335,1.5645197079451578,At-Risk / Low-Value,0.6575861087746037,0.17390319581748817
16813,1,2.291203871012401,-1.6526118675461658,High-Value Loyal,0.6575861087746037,0.17390319581748817
16814,1,3.328015011878025,-0.9933873024095597,High-Value Loyal,0.6575861087746037,0.17390319581748817
16816,0,-0.8503502165014091,-0.8568425129901007,At-Risk / Low-Value,0.6575861087746037,0.17390319581748817
16817,1,1.7983694228077847,-1.8513299677997666,High-Value Loyal,0.6575861087746037,0.17390319581748817
16818,1,2.801869065155703,-0.8628725620097871,High-Value Loyal,0.6575861087746037,0.17390319581748817
16820,2,-0.6615896340129924,1.158928211577775,Regular / Growth,0.6575861087746037,0.17390319581748817
16823,2,-1.3137065146856868,1.067655522923212,Regular / Growth,0.6575861087746037,0.17390319581748817
16824,2,-0.4905877068486819,-0.5434392648431282,Regular / Growth,0.6575861087746037,0.17390319581748817
16825,2,0.0858873868388857,0.4362101582752375,Regular / Growth,0.6575861087746037,0.17390319581748817
16826,2,-1.1051142168794064,0.44863050885842953,Regular / Growth,0.6575861087746037,0.17390319581748817
16828,0,-2.742665113161518,-1.287040394087014,At-Risk / Low-Value,0.6575861087746037,0.17390319581748817
16829,0,-2.2013742116117627,0.30208314581518614,At-Risk / Low-Value,0.6575861087746037,0.17390319581748817
16830,2,-0.8890693982450781,0.3340292607670166,Regular / Growth,0.6575861087746037,0.17390319581748817
16832,0,-2.6367715051394733,-1.15481039647099,At-Risk / Low-Value,0.6575861087746037,0.17390319581748817
16833,1,1.1956370995078613,-1.4015493015178233,High-Value Loyal,0.6575861087746037,0.17390319581748817
16834,2,-0.9861497965364646,1.3269467864432258,Regular / Growth,0.6575861087746037,0.17390319581748817
16835,0,-2.4605116619880043,-0.8005020220553105,At-Risk / Low-Value,0.6575861087746037,0.17390319581748817
16836,0,-1.5538141982915838,-0.829496626881154,At-Risk / Low-Value,0.6575861087746037,0.17390319581748817
16837,1,2.2956422380719093,-0.53382780812273,High-Value Loyal,0.6575861087746037,0.17390319581748817
16838,2,-0.9373892095972878,0.6983124506363856,Regular / Growth,0.6575861087746037,0.17390319581748817
16839,1,4.664231859631202,-0.7454932190269491,High-Value Loyal,0.6575861087746037,0.17390319581748817
16841,1,1.8095558231391535,-0.10747254681534252,High-Value Loyal,0.6575861087746037,0.17390319581748817
16842,2,0.5155947390780367,0.7875956719880403,Regular / Growth,0.6575861087746037,0.17390319581748817
16843,1,4.085211722277397,0.4370981223697063,High-Value Loyal,0.6575861087746037,0.17390319581748817
16846,0,-1.7631903450384196,-0.04204668784200575,At-Risk / Low-Value,0.6575861087746037,0.17390319581748817
16847,0,-1.9707203826141426,-0.2651182752498687,At-Risk / Low-Value,0.6575861087746037,0.17390319581748817
16848,0,-1.3746507518253457,0.28949290048347825,At-Risk / Low-Value,0.6575861087746037,0.17390319581748817
16849,0,-3.0880342138037853,-0.20197711263035328,At-Risk / Low-Value,0.6575861087746037,0.17390319581748817
16850,2,-1.4564357788217748,1.226030136999888,Regular / Growth,0.6575861087746037,0.17390319581748817
16851,2,-0.4902109121715485,-1.8826463610460191,Regular / Growth,0.6575861087746037,0.17390319581748817
16852,0,-2.124572159093966,-2.043596441700829,At-Risk / Low-Value,0.6575861087746037,0.17390319581748817
16855,0,-1.043834044243648,-0.7731578369698889,At-Risk / Low-Value,0.6575861087746037,0.17390319581748817
16856,0,-4.238029486301969,-2.574303197664457,At-Risk / Low-Value,0.6575861087746037,0.17390319581748817
16858,0,-1.977396872722074,1.3451697770139377,At-Risk / Low-Value,0.6575861087746037,0.17390319581748817
16859,2,0.10074501671996548,0.928086459386097,Regular / Growth,0.6575861087746037,0.17390319581748817
16861,0,-2.1942366343899464,-1.0519710709391117,At-Risk / Low-Value,0.6575861087746037,0.17390319581748817
16863,2,-0.3492166910577417,-0.1464840353952971,Regular / Growth,0.6575861087746037,0.17390319581748817
16866,0,-2.3694425262564103,-1.1609779170891132,At-Risk / Low-Value,0.6575861087746037,0.17390319581748817
16869,2,0.7859548336169949,-0.7357431669422867,Regular / Growth,0.6575861087746037,0.17390319581748817
16871,1,2.1451280856578947,0.06256240295411888,High-Value Loyal,0.6575861087746037,0.17390319581748817
16872,2,-0.7020318944543694,0.10233622246480652,Regular / Growth,0.6575861087746037,0.17390319581748817
16873,1,3.708434439601329,0.6021208126326546,High-Value Loyal,0.6575861087746037,0.17390319581748817
16875,1,1.4592225831784642,0.45182028633366667,High-Value Loyal,0.6575861087746037,0.17390319581748817
16877,1,0.9052313133455636,-1.5443658440464187,High-Value Loyal,0.6575861087746037,0.17390319581748817
16878,0,-5.278883968516589,-2.918446417731129,At-Risk / Low-Value,0.6575861087746037,0.17390319581748817
16880,1,1.3667092928889566,-0.7513091204978131,High-Value Loyal,0.6575861087746037,0.17390319581748817
16881,0,-1.395007688352712,1.0557797360771242,At-Risk / Low-Value,0.6575861087746037,0.17390319581748817
16882,2,-0.0796070371552931,-0.04357612408296768,Regular / Growth,0.6575861087746037,0.17390319581748817
16883,0,-1.6355150130770943,-0.21974266076388105,At-Risk / Low-Value,0.6575861087746037,0.17390319581748817
16884,2,-0.5929224755150025,-0.2584319321720119,Regular / Growth,0.6575861087746037,0.17390319581748817
16885,2,-0.1389438718414287,-1.2305830923719732,Regular / Growth,0.6575861087746037,0.17390319581748817
16887,0,-1.3240017072612762,-0.34452583122283525,At-Risk / Low-Value,0.6575861087746037,0.17390319581748817
16889,2,0.964521671131399,1.272857882162435,Regular / Growth,0.6575861087746037,0.17390319581748817
16891,1,1.0785726844228456,-2.0920945175051413,High-Value Loyal,0.6575861087746037,0.17390319581748817
16892,2,0.6148119504510284,-2.6205097094275547,Regular / Growth,0.6575861087746037,0.17390319581748817
16893,0,-2.3263182744631568,0.21350340365235337,At-Risk / Low-Value,0.6575861087746037,0.17390319581748817
16895,0,-1.4397272866299005,-0.1155283444531406,At-Risk / Low-Value,0.6575861087746037,0.17390319581748817
16897,0,-1.7737697720923518,0.0007966360789423242,At-Risk / Low-Value,0.6575861087746037,0.17390319581748817
16898,2,0.3293305244710072,-0.8591276648836883,Regular / Growth,0.6575861087746037,0.17390319581748817
16899,1,1.2453646386732442,-1.2291946769527617,High-Value Loyal,0.6575861087746037,0.17390319581748817
16900,2,0.8947134219860963,-0.31315914379333876,Regular / Growth,0.6575861087746037,0.17390319581748817
16902,2,0.71100745539549,2.6050901622242533,Regular / Growth,0.6575861087746037,0.17390319581748817
16903,2,-0.4868906466630518,0.28863671834948096,Regular / Growth,0.6575861087746037,0.17390319581748817
16904,1,3.3937694151858997,-1.7298537077365734,High-Value Loyal,0.6575861087746037,0.17390319581748817
16905,1,2.5325658919223284,-0.6104435672210615,High-Value Loyal,0.6575861087746037,0.17390319581748817
16906,2,-0.23464603464453065,-0.6861353476273134,Regular / Growth,0.6575861087746037,0.17390319581748817
16907,2,0.5237231473231264,-0.873787010401113,Regular / Growth,0.6575861087746037,0.17390319581748817
16909,2,-0.8185184049748903,0.7991023355261776,Regular / Growth,0.6575861087746037,0.17390319581748817
16910,1,2.231280978189926,-1.7239338563641209,High-Value Loyal,0.6575861087746037,0.17390319581748817
16912,1,1.8716695605974385,-0.8130693539425201,High-Value Loyal,0.6575861087746037,0.17390319581748817
16913,0,-2.955248587403771,-0.04459123690202696,At-Risk / Low-Value,0.6575861087746037,0.17390319581748817
16914,0,-1.5980525893764146,-0.3948860703615321,At-Risk / Low-Value,0.6575861087746037,0.17390319581748817
16915,2,-0.023119948297104807,-2.0483360936980297,Regular / Growth,0.6575861087746037,0.17390319581748817
16916,2,0.39493104347157254,-0.20498307966594198,Regular / Growth,0.6575861087746037,0.17390319581748817
16917,0,-1.554635210332868,1.356013964215602,At-Risk / Low-Value,0.6575861087746037,0.17390319581748817
16918,2,0.8817461898819061,-0.6892215097467208,Regular / Growth,0.6575861087746037,0.17390319581748817
16919,1,1.772418420867557,-0.11912352032182576,High-Value Loyal,0.6575861087746037,0.17390319581748817
16921,0,-1.5078060170672765,-0.37970255985670637,At-Risk / Low-Value,0.6575861087746037,0.17390319581748817
16923,1,3.8341588890636813,-0.8272217077527224,High-Value Loyal,0.6575861087746037,0.17390319581748817
16924,2,0.5500526338867348,-0.3484857921414144,Regular / Growth,0.6575861087746037,0.17390319581748817
16926,0,-2.552153785185912,0.7151648444401753,At-Risk / Low-Value,0.6575861087746037,0.17390319581748817
16927,2,-0.8029739467439676,0.07045732743146425,Regular / Growth,0.6575861087746037,0.17390319581748817
16928,1,1.945046668909314,-0.8719238764157972,High-Value Loyal,0.6575861087746037,0.17390319581748817
16929,1,1.4577321632125895,-1.5961709567395819,High-Value Loyal,0.6575861087746037,0.17390319581748817
16930,2,-0.3741139381273194,-1.1174034927602414,Regular / Growth,0.6575861087746037,0.17390319581748817
16931,1,3.784064306009726,-1.7897728148256382,High-Value Loyal,0.6575861087746037,0.17390319581748817
16932,0,-1.7580794558304151,-0.5131491829053039,At-Risk / Low-Value,0.6575861087746037,0.17390319581748817
16933,2,0.4503682652396545,-1.2118302731704147,Regular / Growth,0.6575861087746037,0.17390319581748817
16934,2,0.3054427010070415,0.7000442533966706,Regular / Growth,0.6575861087746037,0.17390319581748817
16936,2,-0.8120942982742964,-0.14510651451231538,Regular / Growth,0.6575861087746037,0.17390319581748817
16938,1,2.6903441361073703,0.29946980245411936,High-Value Loyal,0.6575861087746037,0.17390319581748817
16940,1,2.3473448329035103,1.490613906713753,High-Value Loyal,0.6575861087746037,0.17390319581748817
16942,1,1.9127159941162917,-1.19772462918077,High-Value Loyal,0.6575861087746037,0.17390319581748817
16943,2,-0.7832421892039659,0.5113307882634271,Regular / Growth,0.6575861087746037,0.17390319581748817
16945,1,2.9426666215066266,-1.0948201375896287,High-Value Loyal,0.6575861087746037,0.17390319581748817
16947,2,-1.1014115377845322,1.316961418190655,Regular / Growth,0.6575861087746037,0.17390319581748817
16948,2,-0.5022050126459641,-0.10224534975490154,Regular / Growth,0.6575861087746037,0.17390319581748817
16949,1,1.417962843606134,-1.4014033294335555,High-Value Loyal,0.6575861087746037,0.17390319581748817
16950,2,0.5156689854008918,0.4824660111109182,Regular / Growth,0.6575861087746037,0.17390319581748817
16951,2,0.850586164581049,0.9490969713730394,Regular / Growth,0.6575861087746037,0.17390319581748817
16952,0,-2.186817117488095,-0.9331216314841143,At-Risk / Low-Value,0.6575861087746037,0.17390319581748817
16953,0,-5.009821054830194,-2.8528638467112115,At-Risk / Low-Value,0.6575861087746037,0.17390319581748817
16954,1,2.045243050486974,-1.7994011177505118,High-Value Loyal,0.6575861087746037,0.17390319581748817
16955,0,-0.9737737870011746,-0.36669352288990414,At-Risk / Low-Value,0.6575861087746037,0.17390319581748817
16956,2,-1.1720233491314072,-0.08445530276553244,Regular / Growth,0.6575861087746037,0.17390319581748817
16957,0,-1.4459420771946654,0.42074846292812385,At-Risk / Low-Value,0.6575861087746037,0.17390319581748817
16959,0,-2.8664730437533668,-0.5350030343541478,At-Risk / Low-Value,0.6575861087746037,0.17390319581748817
16960,2,-0.03244967946679042,-0.6880173457727049,Regular / Growth,0.6575861087746037,0.17390319581748817
16961,0,-1.8328386910220988,0.3734860846831731,At-Risk / Low-Value,0.6575861087746037,0.17390319581748817
16963,0,-3.205944299657388,-0.3187908103382861,At-Risk / Low-Value,0.6575861087746037,0.17390319581748817
16965,0,-1.6078684185040026,0.526710227580801,At-Risk / Low-Value,0.6575861087746037,0.17390319581748817
16966,1,1.3620930441833448,-0.6501404660913856,High-Value Loyal,0.6575861087746037,0.17390319581748817
16967,2,-1.221905025914613,0.9714106540230265,Regular / Growth,0.6575861087746037,0.17390319581748817
16968,2,-0.026871329588415066,-1.0792968262272133,Regular / Growth,0.6575861087746037,0.17390319581748817
16969,2,0.23259601370282787,-0.29232354745078304,Regular / Growth,0.6575861087746037,0.17390319581748817
16971,2,-1.0647147747846404,0.279865346828941,Regular / Growth,0.6575861087746037,0.17390319581748817
16976,0,-2.668324467367144,0.8405711251016024,At-Risk / Low-Value,0.6575861087746037,0.17390319581748817
16978,2,-0.9810190588392835,0.6031666309618962,Regular / Growth,0.6575861087746037,0.17390319581748817
16979,1,1.7830966995117739,-1.0066045827360757,High-Value Loyal,0.6575861087746037,0.17390319581748817
16980,2,0.3106070958392916,1.4729883120482954,Regular / Growth,0.6575861087746037,0.17390319581748817
16982,2,-1.0035196753097058,0.6588895634875945,Regular / Growth,0.6575861087746037,0.17390319581748817
16983,1,1.9317645411861668,-0.7684130611191653,High-Value Loyal,0.6575861087746037,0.17390319581748817
16984,1,2.7185854165956043,2.6485356881776485,High-Value Loyal,0.6575861087746037,0.17390319581748817
16985,1,2.666781725017716,0.007946546977260103,High-Value Loyal,0.6575861087746037,0.17390319581748817
16986,2,0.3678990029762188,1.439508915676088,Regular / Growth,0.6575861087746037,0.17390319581748817
16987,1,1.528485882722227,-1.5423196224014917,High-Value Loyal,0.6575861087746037,0.17390319581748817
16988,0,-2.2245437516273556,-1.564052132616102,At-Risk / Low-Value,0.6575861087746037,0.17390319581748817
16989,2,0.6484888180618681,-1.204111822719366,Regular / Growth,0.6575861087746037,0.17390319581748817
16990,0,-2.9967830010776138,0.4263347369193699,At-Risk / Low-Value,0.6575861087746037,0.17390319581748817
16992,1,1.5436922911184285,-0.5509573717834062,High-Value Loyal,0.6575861087746037,0.17390319581748817
16996,2,0.45066487492968177,-0.48317486124756065,Regular / Growth,0.6575861087746037,0.17390319581748817
16997,2,-1.056702153409126,0.6102319403003962,Regular / Growth,0.6575861087746037,0.17390319581748817
16998,0,-2.617365753145259,-1.050569445888505,At-Risk / Low-Value,0.6575861087746037,0.17390319581748817
16999,2,-0.48544528891416117,-0.3237226282056599,Regular / Growth,0.6575861087746037,0.17390319581748817
17001,1,3.0665602556500517,-1.3623195852882357,High-Value Loyal,0.6575861087746037,0.17390319581748817
17002,2,0.6473869058231497,0.9056563526021968,Regular / Growth,0.6575861087746037,0.17390319581748817
17004,2,0.6979975671933941,1.0803339370402387,Regular / Growth,0.6575861087746037,0.17390319581748817
17006,2,0.4162739626634234,-1.3595593559212313,Regular / Growth,0.6575861087746037,0.17390319581748817
17007,2,0.4300249477096803,-0.8612797610902251,Regular / Growth,0.6575861087746037,0.17390319581748817
17010,0,-1.6527229961284267,-0.5561846295098409,At-Risk / Low-Value,0.6575861087746037,0.17390319581748817
17011,2,-1.2446409796173656,0.020764076610351585,Regular / Growth,0.6575861087746037,0.17390319581748817
17014,2,0.21771466578833307,-1.1458246199670765,Regular / Growth,0.6575861087746037,0.17390319581748817
17015,1,1.96352127048389,0.7149760298176103,High-Value Loyal,0.6575861087746037,0.17390319581748817
17017,1,4.072090401045337,-1.0342761102181406,High-Value Loyal,0.6575861087746037,0.17390319581748817
17018,2,-0.3928681238485079,0.5660739388220052,Regular / Growth,0.6575861087746037,0.17390319581748817
17019,1,1.5506736871504796,-0.5428019604236818,High-Value Loyal,0.6575861087746037,0.17390319581748817
17022,0,-2.75973226856417,-1.415253645700191,At-Risk / Low-Value,0.6575861087746037,0.17390319581748817
17024,0,-3.139041369640808,-2.360871522245973,At-Risk / Low-Value,0.6575861087746037,0.17390319581748817
17025,0,-1.342802317272386,-0.7860358168992797,At-Risk / Low-Value,0.6575861087746037,0.17390319581748817
17026,0,-2.794545571644921,-0.7357728409872436,At-Risk / Low-Value,0.6575861087746037,0.17390319581748817
17027,2,0.47213526141804024,-0.7730591476312105,Regular / Growth,0.6575861087746037,0.17390319581748817
17029,0,-1.2873139126963566,0.8759097070763087,At-Risk / Low-Value,0.6575861087746037,0.17390319581748817
17030,0,-2.095930811334695,-0.34251703031316016,At-Risk / Low-Value,0.6575861087746037,0.17390319581748817
17031,2,-0.6485976659993781,-0.8499061608697245,Regular / Growth,0.6575861087746037,0.17390319581748817
17033,2,0.196434480050106,0.5404931838783341,Regular / Growth,0.6575861087746037,0.17390319581748817
17034,2,0.1625603056154079,-0.5351333304165733,Regular / Growth,0.6575861087746037,0.17390319581748817
17035,2,-1.1208411491517352,0.4717125190291941,Regular / Growth,0.6575861087746037,0.17390319581748817
17037,2,0.7460490735901805,2.14732993941778,Regular / Growth,0.6575861087746037,0.17390319581748817
17038,0,-2.4664564411038263,-1.1097789757502952,At-Risk / Low-Value,0.6575861087746037,0.17390319581748817
17040,2,-1.197828581649975,1.1765803403472277,Regular / Growth,0.6575861087746037,0.17390319581748817
17041,2,0.8814630983932191,0.09431964962427111,Regular / Growth,0.6575861087746037,0.17390319581748817
17042,1,1.4484617513895903,-1.4571085302513596,High-Value Loyal,0.6575861087746037,0.17390319581748817
17043,1,1.4601169453100935,0.25990973526071875,High-Value Loyal,0.6575861087746037,0.17390319581748817
17044,2,-0.14734610877842527,1.432427664640336,Regular / Growth,0.6575861087746037,0.17390319581748817
17045,0,-1.4978186228227817,-0.708501694360214,At-Risk / Low-Value,0.6575861087746037,0.17390319581748817
17046,2,-0.4525564298702182,1.6862988335228979,Regular / Growth,0.6575861087746037,0.17390319581748817
17047,2,0.4486786900185608,0.5317314923224669,Regular / Growth,0.6575861087746037,0.17390319581748817
17048,2,0.07205853308784482,0.48688773301517496,Regular / Growth,0.6575861087746037,0.17390319581748817
17049,1,3.581868748356907,-0.4401953901736184,High-Value Loyal,0.6575861087746037,0.17390319581748817
17050,1,2.083190526731325,0.7922863509351938,High-Value Loyal,0.6575861087746037,0.17390319581748817
17051,0,-1.4446599706359482,0.592040128523744,At-Risk / Low-Value,0.6575861087746037,0.17390319581748817
17052,2,-0.26879859444319915,0.3593151435523253,Regular / Growth,0.6575861087746037,0.17390319581748817
17053,2,-1.286950567305249,1.2385027427462383,Regular / Growth,0.6575861087746037,0.17390319581748817
17054,1,1.07732367497919,-0.3710109230185671,High-Value Loyal,0.6575861087746037,0.17390319581748817
17058,2,0.4977380593887155,0.6087400996605704,Regular / Growth,0.6575861087746037,0.17390319581748817
17059,1,2.552006995891503,0.5374395627160131,High-Value Loyal,0.6575861087746037,0.17390319581748817
17060,0,-2.1661435890617944,0.8060712422954882,At-Risk / Low-Value,0.6575861087746037,0.17390319581748817
17061,1,2.2181104815655095,0.3907257757830444,High-Value Loyal,0.6575861087746037,0.17390319581748817
17062,2,-0.5497694704226782,-0.13482174816019027,Regular / Growth,0.6575861087746037,0.17390319581748817
17063,1,1.2336170148107026,-0.8923537375366378,High-Value Loyal,0.6575861087746037,0.17390319581748817
17064,2,0.11109448154951536,0.071926971571293,Regular / Growth,0.6575861087746037,0.17390319581748817
17068,1,2.9909421105890193,-1.4386667199613459,High-Value Loyal,0.6575861087746037,0.17390319581748817
17069,1,2.114825342391926,-0.4469405852077306,High-Value Loyal,0.6575861087746037,0.17390319581748817
17070,2,-1.0868901930343802,0.5783647620478054,Regular / Growth,0.6575861087746037,0.17390319581748817
17071,1,1.91708103235996,-0.5809297427388153,High-Value Loyal,0.6575861087746037,0.17390319581748817
17073,1,1.4726313658088699,-0.20413483417600573,High-Value Loyal,0.6575861087746037,0.17390319581748817
17075,2,0.40466740516513594,-0.8396865051112378,Regular / Growth,0.6575861087746037,0.17390319581748817
17076,2,-0.20780460510320098,-0.09273444501020432,Regular / Growth,0.6575861087746037,0.17390319581748817
17078,2,-0.34546665771519414,-0.34110185107135677,Regular / Growth,0.6575861087746037,0.17390319581748817
17079,0,-3.4244046780348647,-0.5769398219606316,At-Risk / Low-Value,0.6575861087746037,0.17390319581748817
17080,0,-1.4133407263191795,-0.9072705573979113,At-Risk / Low-Value,0.6575861087746037,0.17390319581748817
17081,0,-1.0460832333486194,-1.0149166604391195,At-Risk / Low-Value,0.6575861087746037,0.17390319581748817
17082,2,1.4612782214295985,1.3985126399914518,Regular / Growth,0.6575861087746037,0.17390319581748817
17083,2,0.40176696939436546,0.9740687395287452,Regular / Growth,0.6575861087746037,0.17390319581748817
17084,1,2.107220947270332,1.772008616604348,High-Value Loyal,0.6575861087746037,0.17390319581748817
17085,2,1.0507413866922168,0.3417516894730406,Regular / Growth,0.6575861087746037,0.17390319581748817
17086,1,2.0811263078940403,-0.6459910159839822,High-Value Loyal,0.6575861087746037,0.17390319581748817
17088,1,1.538167782047533,0.34528643293793454,High-Value Loyal,0.6575861087746037,0.17390319581748817
17090,1,1.7428435172087149,-1.1383638967813297,High-Value Loyal,0.6575861087746037,0.17390319581748817
17091,1,2.9327129102353964,-0.8724523980746924,High-Value Loyal,0.6575861087746037,0.17390319581748817
17092,1,1.4155520799549355,0.47286857003393434,High-Value Loyal,0.6575861087746037,0.17390319581748817
17094,0,-1.7988337590021728,1.078825995379734,At-Risk / Low-Value,0.6575861087746037,0.17390319581748817
17095,2,1.0027289389307272,0.2157637306090965,Regular / Growth,0.6575861087746037,0.17390319581748817
17096,2,0.5547263091354417,-0.6624309596756697,Regular / Growth,0.6575861087746037,0.17390319581748817
17097,1,1.4941958782905924,-2.445194635990811,High-Value Loyal,0.6575861087746037,0.17390319581748817
17100,2,0.8700115093863995,0.3629883200334091,Regular / Growth,0.6575861087746037,0.17390319581748817
17101,2,1.1443682849257546,-0.21448023759596058,Regular / Growth,0.6575861087746037,0.17390319581748817
17102,0,-5.804091830601948,-1.8859294734032654,At-Risk / Low-Value,0.6575861087746037,0.17390319581748817
17105,2,0.09072454659741387,0.8004619060542398,Regular / Growth,0.6575861087746037,0.17390319581748817
17107,1,3.8625154954198107,1.7581339516319805,High-Value Loyal,0.6575861087746037,0.17390319581748817
17109,2,0.8152146387737753,-1.1361720344454165,Regular / Growth,0.6575861087746037,0.17390319581748817
17110,0,-2.569290510825993,0.05509457187951403,At-Risk / Low-Value,0.6575861087746037,0.17390319581748817
17111,2,-1.1031418936005801,0.034734320116592346,Regular / Growth,0.6575861087746037,0.17390319581748817
17114,1,0.683670172147215,-2.3248092872958823,High-Value Loyal,0.6575861087746037,0.17390319581748817
17115,2,0.428448129913021,-0.6859668328513349,Regular / Growth,0.6575861087746037,0.17390319581748817
17117,0,-2.9607164673218183,-0.04356409610961371,At-Risk / Low-Value,0.6575861087746037,0.17390319581748817
17118,0,-2.4276663937805534,0.3870732114012807,At-Risk / Low-Value,0.6575861087746037,0.17390319581748817
17119,2,0.3356244415574366,-0.8263675459653439,Regular / Growth,0.6575861087746037,0.17390319581748817
17120,0,-1.7055367754349595,0.9335630730335865,At-Risk / Low-Value,0.6575861087746037,0.17390319581748817
17122,0,-2.6400599124531676,-0.18914340644443278,At-Risk / Low-Value,0.6575861087746037,0.17390319581748817
17123,0,-1.5104003635594185,1.0081009458765902,At-Risk / Low-Value,0.6575861087746037,0.17390319581748817
17124,0,-1.4749377691914696,0.7720480487487261,At-Risk / Low-Value,0.6575861087746037,0.17390319581748817
17125,2,-1.0670453130150692,0.04599322951179011,Regular / Growth,0.6575861087746037,0.17390319581748817
17126,2,0.8054008555126366,-0.09020325537172323,Regular / Growth,0.6575861087746037,0.17390319581748817
17128,0,-2.5709690625627095,0.33027331540215743,At-Risk / Low-Value,0.6575861087746037,0.17390319581748817
17131,1,2.0661472596341737,-0.3620638463108763,High-Value Loyal,0.6575861087746037,0.17390319581748817
17133,1,2.143350320007904,0.4995735625736542,High-Value Loyal,0.6575861087746037,0.17390319581748817
17134,0,-1.345085332434284,0.020007816994853767,At-Risk / Low-Value,0.6575861087746037,0.17390319581748817
17135,1,1.0218379329840166,-1.189874762458624,High-Value Loyal,0.6575861087746037,0.17390319581748817
17138,2,-1.4583081388688528,1.2222423448804578,Regular / Growth,0.6575861087746037,0.17390319581748817
17139,1,4.176779127086267,0.44683217272248427,High-Value Loyal,0.6575861087746037,0.17390319581748817
17140,2,-1.1337273847817009,1.4636563878064244,Regular / Growth,0.6575861087746037,0.17390319581748817
17142,2,-1.399223803466511,1.600767906172889,Regular / Growth,0.6575861087746037,0.17390319581748817
17144,2,1.0787602249162527,-0.5635148246232414,Regular / Growth,0.6575861087746037,0.17390319581748817
17146,2,-0.43459211516807866,0.15417332813864404,Regular / Growth,0.6575861087746037,0.17390319581748817
17147,1,1.345331701283184,0.12588510984437107,High-Value Loyal,0.6575861087746037,0.17390319581748817
17148,0,-2.441914170535124,-0.6413667256323777,At-Risk / Low-Value,0.6575861087746037,0.17390319581748817
17152,2,-0.05358121515827245,1.4196545431394043,Regular / Growth,0.6575861087746037,0.17390319581748817
17153,0,-1.6079811321699446,-0.37005303595327566,At-Risk / Low-Value,0.6575861087746037,0.17390319581748817
17154,2,-0.8167771017251597,0.6620180322564597,Regular / Growth,0.6575861087746037,0.17390319581748817
17155,0,-1.0584903134922679,-1.1362240086667696,At-Risk / Low-Value,0.6575861087746037,0.17390319581748817
17157,0,-0.995032347615788,-1.1902743212283984,At-Risk / Low-Value,0.6575861087746037,0.17390319581748817
17158,2,0.8792476869591188,0.33189529468444173,Regular / Growth,0.6575861087746037,0.17390319581748817
17159,1,1.45425788018772,0.3959629379438148,High-Value Loyal,0.6575861087746037,0.17390319581748817
17160,1,2.474996971857036,0.5207978454438702,High-Value Loyal,0.6575861087746037,0.17390319581748817
17162,1,1.5000073192010697,-1.0999961009493235,High-Value Loyal,0.6575861087746037,0.17390319581748817
17163,0,-2.006619321068473,-0.9265358611393121,At-Risk / Low-Value,0.6575861087746037,0.17390319581748817
17164,1,1.9025133094629572,-0.10777670302524683,High-Value Loyal,0.6575861087746037,0.17390319581748817
17165,0,-2.541572625329633,0.31421536609058237,At-Risk / Low-Value,0.6575861087746037,0.17390319581748817
17166,0,-1.965535971474593,-1.1196043157815374,At-Risk / Low-Value,0.6575861087746037,0.17390319581748817
17169,2,0.25244173048086316,0.6373251657558443,Regular / Growth,0.6575861087746037,0.17390319581748817
17171,0,-1.8975266109279163,0.728403343591102,At-Risk / Low-Value,0.6575861087746037,0.17390319581748817
17172,2,-1.0103488823335474,0.6634797806983694,Regular / Growth,0.6575861087746037,0.17390319581748817
17173,1,2.2334298483520842,-0.5310298104315192,High-Value Loyal,0.6575861087746037,0.17390319581748817
17174,0,-3.8449297833258544,-0.8728887879997623,At-Risk / Low-Value,0.6575861087746037,0.17390319581748817
17175,2,0.8835320182792625,0.21949509782447954,Regular / Growth,0.6575861087746037,0.17390319581748817
17176,0,-1.6173911312452613,0.9106891206862774,At-Risk / Low-Value,0.6575861087746037,0.17390319581748817
17179,2,-0.3029032605655505,0.30907508855725024,Regular / Growth,0.6575861087746037,0.17390319581748817
17180,2,0.5213765647875822,-0.40417476731568003,Regular / Growth,0.6575861087746037,0.17390319581748817
17181,0,-1.2940865630771166,-0.7424427997341472,At-Risk / Low-Value,0.6575861087746037,0.17390319581748817
17183,1,2.1138052924652952,-0.07103063454239655,High-Value Loyal,0.6575861087746037,0.17390319581748817
17186,0,-2.615055295659494,-1.2539974456052452,At-Risk / Low-Value,0.6575861087746037,0.17390319581748817
17187,0,-2.1625546896938475,0.5253546928926237,At-Risk / Low-Value,0.6575861087746037,0.17390319581748817
17188,1,2.0141294704152086,-0.5270665411620473,High-Value Loyal,0.6575861087746037,0.17390319581748817
17189,2,-0.7983172534874452,-0.03479031670037272,Regular / Growth,0.6575861087746037,0.17390319581748817
17190,2,-1.0116351982716618,-0.09159723428280252,Regular / Growth,0.6575861087746037,0.17390319581748817
17191,1,1.9237440224121036,-0.40153378762958264,High-Value Loyal,0.6575861087746037,0.17390319581748817
17193,2,0.930368446153052,-0.40636880469278347,Regular / Growth,0.6575861087746037,0.17390319581748817
17194,0,-1.7872167686019587,-0.07956386077715596,At-Risk / Low-Value,0.6575861087746037,0.17390319581748817
17197,2,0.051477424486079455,1.4137154377349044,Regular / Growth,0.6575861087746037,0.17390319581748817
17198,2,0.37152999099094125,-0.5286625320532178,Regular / Growth,0.6575861087746037,0.17390319581748817
17201,2,-0.9298117376963609,0.30027061972568375,Regular / Growth,0.6575861087746037,0.17390319581748817
17203,1,2.465051310327304,0.5902455923231604,High-Value Loyal,0.6575861087746037,0.17390319581748817
17204,2,0.5436798543432488,0.8337960967839134,Regular / Growth,0.6575861087746037,0.17390319581748817
17205,2,-0.60651489212388,0.7763674743041193,Regular / Growth,0.6575861087746037,0.17390319581748817
17206,0,-2.1583893225743602,-0.10035914960630794,At-Risk / Low-Value,0.6575861087746037,0.17390319581748817
17211,1,2.0441457478460916,-0.4849623860524307,High-Value Loyal,0.6575861087746037,0.17390319581748817
17212,0,-2.3785597219525276,0.7265004355000192,At-Risk / Low-Value,0.6575861087746037,0.17390319581748817
17213,1,1.8423063414272398,0.08000539351974738,High-Value Loyal,0.6575861087746037,0.17390319581748817
17214,2,0.42191973302973873,-0.7022917053849398,Regular / Growth,0.6575861087746037,0.17390319581748817
17217,0,-3.283590389880901,-0.2436582028522708,At-Risk / Low-Value,0.6575861087746037,0.17390319581748817
17218,1,2.216620482671791,-1.7259275093718287,High-Value Loyal,0.6575861087746037,0.17390319581748817
17219,0,-2.045006494270925,-0.9702659446735553,At-Risk / Low-Value,0.6575861087746037,0.17390319581748817
17220,1,2.7830329933081557,-1.0140517102352011,High-Value Loyal,0.6575861087746037,0.17390319581748817
17221,2,-0.17432654194916178,-1.2251125697361351,Regular / Growth,0.6575861087746037,0.17390319581748817
17222,2,-1.2107002358758607,0.4707845914695089,Regular / Growth,0.6575861087746037,0.17390319581748817
17223,0,-1.2968210679222776,0.43516006805161794,At-Risk / Low-Value,0.6575861087746037,0.17390319581748817
17226,2,-1.099206118793607,1.4148339180361644,Regular / Growth,0.6575861087746037,0.17390319581748817
17227,2,0.569206051535186,-1.1443601645077033,Regular / Growth,0.6575861087746037,0.17390319581748817
17228,1,2.0301202303217187,-0.8822356695794088,High-Value Loyal,0.6575861087746037,0.17390319581748817
17229,2,-1.0945483321393585,-0.2775514840876061,Regular / Growth,0.6575861087746037,0.17390319581748817
17230,1,1.575070855244488,0.9928307170741922,High-Value Loyal,0.6575861087746037,0.17390319581748817
17231,1,2.824086264650382,-0.8125280630802233,High-Value Loyal,0.6575861087746037,0.17390319581748817
17232,2,-0.19218301939863067,-1.265573222289935,Regular / Growth,0.6575861087746037,0.17390319581748817
17233,0,-1.5071918648464504,-0.351310606914758,At-Risk / Low-Value,0.6575861087746037,0.17390319581748817
17234,0,-2.578154037537722,0.00595508635385453,At-Risk / Low-Value,0.6575861087746037,0.17390319581748817
17235,2,-0.4508312993945907,-0.18585958360189064,Regular / Growth,0.6575861087746037,0.17390319581748817
17236,1,0.880564427651389,-1.4144204386831611,High-Value Loyal,0.6575861087746037,0.17390319581748817
17237,0,-1.0783036115721691,-1.1550627725802456,At-Risk / Low-Value,0.6575861087746037,0.17390319581748817
17238,1,3.342767239446966,-1.8865052863961678,High-Value Loyal,0.6575861087746037,0.17390319581748817
17239,0,-1.5836572952271455,1.3175297281915521,At-Risk / Low-Value,0.6575861087746037,0.17390319581748817
17242,2,0.22121962843478774,1.2579307660881933,Regular / Growth,0.6575861087746037,0.17390319581748817
17243,1,4.276958226256093,-1.8276530098568102,High-Value Loyal,0.6575861087746037,0.17390319581748817
17244,2,0.3024915853982895,1.6769849328905395,Regular / Growth,0.6575861087746037,0.17390319581748817
17245,0,-2.5365376471712553,0.24460924609147908,At-Risk / Low-Value,0.6575861087746037,0.17390319581748817
17247,2,-0.8231620047114924,-0.32649108473791466,Regular / Growth,0.6575861087746037,0.17390319581748817
17248,2,-0.8611625753164471,0.6873713330956537,Regular / Growth,0.6575861087746037,0.17390319581748817
17250,2,-0.16965077923934063,-1.3184618953061757,Regular / Growth,0.6575861087746037,0.17390319581748817
17251,0,-1.7011273552066433,0.9278803550047128,At-Risk / Low-Value,0.6575861087746037,0.17390319581748817
17252,2,-0.7759433101532942,-0.13737146783692022,Regular / Growth,0.6575861087746037,0.17390319581748817
17253,0,-1.9065617883984751,-0.7672092131364576,At-Risk / Low-Value,0.6575861087746037,0.17390319581748817
17254,2,-0.13452816300807158,-1.606615030464075,Regular / Growth,0.6575861087746037,0.17390319581748817
17255,2,-0.6986523794480224,-0.7257307049572166,Regular / Growth,0.6575861087746037,0.17390319581748817
17256,0,-1.8446984472089125,-0.504470816555906,At-Risk / Low-Value,0.6575861087746037,0.17390319581748817
17259,2,-0.10960573059636637,0.5599681769555624,Regular / Growth,0.6575861087746037,0.17390319581748817
17262,2,-0.07151415815447397,-0.1832704700353387,Regular / Growth,0.6575861087746037,0.17390319581748817
17263,0,-3.2689693052258595,-0.9232720328261811,At-Risk / Low-Value,0.6575861087746037,0.17390319581748817
17265,2,-0.13174224807221277,0.4743257810572552,Regular / Growth,0.6575861087746037,0.17390319581748817
17266,2,-0.24491462805935976,-2.358908803314073,Regular / Growth,0.6575861087746037,0.17390319581748817
17267,0,-1.2362879621884704,-0.18109765888505436,At-Risk / Low-Value,0.6575861087746037,0.17390319581748817
17268,2,-0.6977752877696562,0.014566015890281083,Regular / Growth,0.6575861087746037,0.17390319581748817
17272,1,1.6439832769060203,0.6681599140626453,High-Value Loyal,0.6575861087746037,0.17390319581748817
17274,0,-2.161205318796233,-1.0094379252228616,At-Risk / Low-Value,0.6575861087746037,0.17390319581748817
17277,2,0.1568509509746554,1.420316864397855,Regular / Growth,0.6575861087746037,0.17390319581748817
17278,0,-1.8162459799788935,0.7515141343370061,At-Risk / Low-Value,0.6575861087746037,0.17390319581748817
17279,0,-2.3609288537429083,-0.20076360900388324,At-Risk / Low-Value,0.6575861087746037,0.17390319581748817
17282,2,1.2309598299915712,1.2596443424752832,Regular / Growth,0.6575861087746037,0.17390319581748817
17284,1,1.7147992823734803,-0.13775593814513665,High-Value Loyal,0.6575861087746037,0.17390319581748817
17286,0,-1.4300602011361447,-0.8216190544672177,At-Risk / Low-Value,0.6575861087746037,0.17390319581748817
17287,1,0.9085627341435171,-1.2089336074912822,High-Value Loyal,0.6575861087746037,0.17390319581748817
17288,1,1.7544194005442013,-1.2364477468337312,High-Value Loyal,0.6575861087746037,0.17390319581748817
17289,2,0.6582752696958658,-0.06212070585351527,Regular / Growth,0.6575861087746037,0.17390319581748817
17290,2,0.5490072399517353,-0.9502113306561119,Regular / Growth,0.6575861087746037,0.17390319581748817
17291,0,-2.2859077790839777,1.7470604592866277,At-Risk / Low-Value,0.6575861087746037,0.17390319581748817
17293,1,1.9224577822628708,-1.3489210189697227,High-Value Loyal,0.6575861087746037,0.17390319581748817
17295,2,-0.11223022367808247,-0.6989090943827551,Regular / Growth,0.6575861087746037,0.17390319581748817
17297,0,-1.6696809701493074,-1.1573467286503023,At-Risk / Low-Value,0.6575861087746037,0.17390319581748817
17298,2,-0.5835883284040145,0.30270871465753396,Regular / Growth,0.6575861087746037,0.17390319581748817
17299,2,0.5120168243394493,-1.1672695833139857,Regular / Growth,0.6575861087746037,0.17390319581748817
17301,0,-1.2014710271402071,-0.7595433701675424,At-Risk / Low-Value,0.6575861087746037,0.17390319581748817
17302,2,0.9789472547236331,-0.8377375021373895,Regular / Growth,0.6575861087746037,0.17390319581748817
17303,0,-1.5356914973633267,0.8508819770926674,At-Risk / Low-Value,0.6575861087746037,0.17390319581748817
17306,1,3.3248876949223543,-0.37352388136714587,High-Value Loyal,0.6575861087746037,0.17390319581748817
17309,0,-3.0805213991538127,-0.9099338930315776,At-Risk / Low-Value,0.6575861087746037,0.17390319581748817
17311,2,0.8417513194861356,1.3551970479958548,Regular / Growth,0.6575861087746037,0.17390319581748817
17312,2,-0.7989652920330648,0.20433081716864215,Regular / Growth,0.6575861087746037,0.17390319581748817
17313,2,1.3397876368018273,2.512934031727832,Regular / Growth,0.6575861087746037,0.17390319581748817
17314,1,2.176823552390704,-0.37783000880155654,High-Value Loyal,0.6575861087746037,0.17390319581748817
17315,1,4.180487501891111,-2.5672793425521263,High-Value Loyal,0.6575861087746037,0.17390319581748817
17317,2,0.8661659293139204,1.3794171211990554,Regular / Growth,0.6575861087746037,0.17390319581748817
17320,2,0.5287938952629158,0.7080102603243639,Regular / Growth,0.6575861087746037,0.17390319581748817
17321,2,0.5881170523191314,-0.4525191057781395,Regular / Growth,0.6575861087746037,0.17390319581748817
17323,1,1.147049853806404,-1.5692788620893485,High-Value Loyal,0.6575861087746037,0.17390319581748817
17324,2,0.7779466651959365,-0.5460933053464672,Regular / Growth,0.6575861087746037,0.17390319581748817
17325,0,-3.2709458440795856,-0.24320897503636793,At-Risk / Low-Value,0.6575861087746037,0.17390319581748817
17329,2,-0.4543371482735933,-0.5141024418476288,Regular / Growth,0.6575861087746037,0.17390319581748817
17330,0,-1.4920683246768685,-0.6448363583367424,At-Risk / Low-Value,0.6575861087746037,0.17390319581748817
17331,0,-3.500354147205694,0.013826494292207543,At-Risk / Low-Value,0.6575861087746037,0.17390319581748817
17333,2,-0.5466350151762104,1.1213581905603636,Regular / Growth,0.6575861087746037,0.17390319581748817
17334,0,-1.6397640772810842,0.2560427373071032,At-Risk / Low-Value,0.6575861087746037,0.17390319581748817
17337,1,1.8001691522658145,0.9715469249866492,High-Value Loyal,0.6575861087746037,0.17390319581748817
17338,1,3.609015510676221,0.4725062775511641,High-Value Loyal,0.6575861087746037,0.17390319581748817
17339,0,-1.8718764914605588,-0.521624200494945,At-Risk / Low-Value,0.6575861087746037,0.17390319581748817
17340,1,4.085145818474477,1.0085343370929232,High-Value Loyal,0.6575861087746037,0.17390319581748817
17341,2,0.18173747900955942,0.20096512633984698,Regular / Growth,0.6575861087746037,0.17390319581748817
17343,0,-2.4557582711991324,0.5424647995708022,At-Risk / Low-Value,0.6575861087746037,0.17390319581748817
17344,0,-1.8891596128328498,-0.5209868109333781,At-Risk / Low-Value,0.6575861087746037,0.17390319581748817
17345,2,0.1615736397723366,-1.4108394282265428,Regular / Growth,0.6575861087746037,0.17390319581748817
17346,1,2.9536443931206797,-1.9958435521097282,High-Value Loyal,0.6575861087746037,0.17390319581748817
17347,0,-2.316586886423074,0.3811532014881573,At-Risk / Low-Value,0.6575861087746037,0.17390319581748817
17348,1,1.6482087258973341,-0.7887388455645393,High-Value Loyal,0.6575861087746037,0.17390319581748817
17349,0,-2.8826465824247167,-0.37515401903622697,At-Risk / Low-Value,0.6575861087746037,0.17390319581748817
17350,1,1.2828527201173452,-0.5987396774618609,High-Value Loyal,0.6575861087746037,0.17390319581748817
17351,2,-0.7399622307683257,-0.5775741753582891,Regular / Growth,0.6575861087746037,0.17390319581748817
17353,2,0.16818676994958784,1.9360989436999385,Regular / Growth,0.6575861087746037,0.17390319581748817
17354,2,0.5366193717386252,2.149095136496642,Regular / Growth,0.6575861087746037,0.17390319581748817
17356,0,-2.0810803827723348,0.49118461774197114,At-Risk / Low-Value,0.6575861087746037,0.17390319581748817
17357,2,-0.6771576641575765,-0.648951708734426,Regular / Growth,0.6575861087746037,0.17390319581748817
17358,2,-1.1324296953641302,0.3063809042540157,Regular / Growth,0.6575861087746037,0.17390319581748817
17359,0,-1.7222575401438291,-1.179416952114536,At-Risk / Low-Value,0.6575861087746037,0.17390319581748817
17360,2,0.34542100608148996,-0.8947969538506718,Regular / Growth,0.6575861087746037,0.17390319581748817
17361,2,-0.7877443209935029,-0.6324937103525262,Regular / Growth,0.6575861087746037,0.17390319581748817
17362,0,-1.4037684770524155,0.08557018640958232,At-Risk / Low-Value,0.6575861087746037,0.17390319581748817
17364,1,3.71235791501803,-1.2910364874719622,High-Value Loyal,0.6575861087746037,0.17390319581748817
17365,1,3.4512937162622395,0.09291817564549698,High-Value Loyal,0.6575861087746037,0.17390319581748817
17367,0,-1.9140855543409887,0.2778292658918111,At-Risk / Low-Value,0.6575861087746037,0.17390319581748817
17368,1,1.755164579399534,-0.7456760620206567,High-Value Loyal,0.6575861087746037,0.17390319581748817
17370,2,-0.44628467593042953,-0.8679691429150264,Regular / Growth,0.6575861087746037,0.17390319581748817
17371,2,-0.27814148520717474,-1.2769655538205722,Regular / Growth,0.6575861087746037,0.17390319581748817
17372,1,1.4374905387532084,-0.9810842485457637,High-Value Loyal,0.6575861087746037,0.17390319581748817
17373,2,0.038557232663192345,-0.7557103922457857,Regular / Growth,0.6575861087746037,0.17390319581748817
17374,0,-1.3682206828121013,0.4870760066175856,At-Risk / Low-Value,0.6575861087746037,0.17390319581748817
17375,2,-0.6683845085494784,-0.2503157351196095,Regular / Growth,0.6575861087746037,0.17390319581748817
17376,0,-1.832921428991275,-0.9236227634205977,At-Risk / Low-Value,0.6575861087746037,0.17390319581748817
17377,1,2.892599415996012,-1.2535974714031428,High-Value Loyal,0.6575861087746037,0.17390319581748817
17379,2,0.22853333307768897,0.055531658978391345,Regular / Growth,0.6575861087746037,0.17390319581748817
17381,1,4.791773179055953,-0.143099696232736,High-Value Loyal,0.6575861087746037,0.17390319581748817
17382,0,-3.8444578317175266,-1.284784773558904,At-Risk / Low-Value,0.6575861087746037,0.17390319581748817
17383,2,-0.7576224177709847,-1.165116912798466,Regular / Growth,0.6575861087746037,0.17390319581748817
17384,0,-1.3413667874412083,-0.8710520321915705,At-Risk / Low-Value,0.6575861087746037,0.17390319581748817
17385,2,-0.7599257554127544,-0.3553859606722528,Regular / Growth,0.6575861087746037,0.17390319581748817
17386,1,1.8603337801378128,-0.2440517582979448,High-Value Loyal,0.6575861087746037,0.17390319581748817
17387,2,0.5179523394021289,0.07724602210311034,Regular / Growth,0.6575861087746037,0.17390319581748817
17388,2,0.31162160351792767,0.37853743840960385,Regular / Growth,0.6575861087746037,0.17390319581748817
17389,1,5.179446828953403,-0.6655773262435721,High-Value Loyal,0.6575861087746037,0.17390319581748817
17391,0,-1.4439248073596518,0.6609321049767437,At-Risk / Low-Value,0.6575861087746037,0.17390319581748817
17392,2,-0.9014778020527214,0.5034974922981518,Regular / Growth,0.6575861087746037,0.17390319581748817
17394,0,-2.2598921192238666,0.5968306380111397,At-Risk / Low-Value,0.6575861087746037,0.17390319581748817
17396,1,2.386300937778034,1.033438566357673,High-Value Loyal,0.6575861087746037,0.17390319581748817
17397,2,0.24417050133358534,-0.06093818041994182,Regular / Growth,0.6575861087746037,0.17390319581748817
17398,2,-0.4658861454945735,0.07743514493688299,Regular / Growth,0.6575861087746037,0.17390319581748817
17400,1,1.5452847021890301,0.676835956012391,High-Value Loyal,0.6575861087746037,0.17390319581748817
17402,1,1.820036727959462,-1.6671816210967276,High-Value Loyal,0.6575861087746037,0.17390319581748817
17403,2,-1.2249664811057623,-0.018377297786743442,Regular / Growth,0.6575861087746037,0.17390319581748817
17404,1,5.656023519274478,1.019739110457072,High-Value Loyal,0.6575861087746037,0.17390319581748817
17405,1,1.4780703295115454,-1.0581004433872232,High-Value Loyal,0.6575861087746037,0.17390319581748817
17406,2,0.9982475495400088,1.8319150894827927,Regular / Growth,0.6575861087746037,0.17390319581748817
17408,0,-5.255416333225477,-1.815526069584098,At-Risk / Low-Value,0.6575861087746037,0.17390319581748817
17409,2,-1.1085976534623718,0.9444136440013161,Regular / Growth,0.6575861087746037,0.17390319581748817
17410,2,0.980383204729512,-0.725395611622936,Regular / Growth,0.6575861087746037,0.17390319581748817
17411,2,0.27483957492054684,-0.6399203817642531,Regular / Growth,0.6575861087746037,0.17390319581748817
17412,1,1.385304514498259,-1.736042037703993,High-Value Loyal,0.6575861087746037,0.17390319581748817
17414,2,-0.03733504207172398,0.6846427307023748,Regular / Growth,0.6575861087746037,0.17390319581748817
17415,2,-1.1562284629555857,1.049903535846847,Regular / Growth,0.6575861087746037,0.17390319581748817
17416,1,3.367950726100306,1.0213947682845244,High-Value Loyal,0.6575861087746037,0.17390319581748817
17418,2,-0.5526886039751537,-0.1520533544790673,Regular / Growth,0.6575861087746037,0.17390319581748817
17419,1,2.9150147625249834,-0.7477919619052662,High-Value Loyal,0.6575861087746037,0.17390319581748817
17420,2,-0.42179659919505263,-0.36194252029180923,Regular / Growth,0.6575861087746037,0.17390319581748817
17422,1,2.014795003232304,-0.3696951969101786,High-Value Loyal,0.6575861087746037,0.17390319581748817
17423,2,-0.1214474794292812,0.37271802641886026,Regular / Growth,0.6575861087746037,0.17390319581748817
17425,2,0.271196539645276,0.07955990944302016,Regular / Growth,0.6575861087746037,0.17390319581748817
17426,1,3.2593141141044573,0.3738202587007842,High-Value Loyal,0.6575861087746037,0.17390319581748817
17427,0,-3.420345493272275,-0.7551619115212452,At-Risk / Low-Value,0.6575861087746037,0.17390319581748817
17428,1,5.340509776396342,-1.1035839682279092,High-Value Loyal,0.6575861087746037,0.17390319581748817
17429,2,-0.3607266993155649,-0.06171172699947843,Regular / Growth,0.6575861087746037,0.17390319581748817
17430,0,-1.3380970694906222,-0.8472303831553452,At-Risk / Low-Value,0.6575861087746037,0.17390319581748817
17431,2,-0.9642323017063654,1.3838666350459525,Regular / Growth,0.6575861087746037,0.17390319581748817
17432,2,-0.5213897657057556,-0.790459422541167,Regular / Growth,0.6575861087746037,0.17390319581748817
17433,2,-0.966047895721831,0.5086015240521631,Regular / Growth,0.6575861087746037,0.17390319581748817
17434,1,2.511149778841206,-1.1328011405339709,High-Value Loyal,0.6575861087746037,0.17390319581748817
17436,0,-1.4179810668526769,-2.09158323621759,At-Risk / Low-Value,0.6575861087746037,0.17390319581748817
17438,0,-1.6096858654573762,1.2099654367943922,At-Risk / Low-Value,0.6575861087746037,0.17390319581748817
17440,0,-2.3586418947676564,-1.0558325393549612,At-Risk / Low-Value,0.6575861087746037,0.17390319581748817
17442,1,1.7983081586217105,0.05763321768729102,High-Value Loyal,0.6575861087746037,0.17390319581748817
17443,0,-1.560458479805098,1.7499918943050232,At-Risk / Low-Value,0.6575861087746037,0.17390319581748817
17444,1,1.8756863135052808,1.8979877579836129,High-Value Loyal,0.6575861087746037,0.17390319581748817
17446,0,-2.6146700965819507,-0.9717054065286073,At-Risk / Low-Value,0.6575861087746037,0.17390319581748817
17447,2,-0.22355556627221412,0.027737863909893256,Regular / Growth,0.6575861087746037,0.17390319581748817
17449,1,2.6215167193394024,-1.1350371985774217,High-Value Loyal,0.6575861087746037,0.17390319581748817
17450,1,7.468993692016782,1.5933534284400577,High-Value Loyal,0.6575861087746037,0.17390319581748817
17451,1,2.1627541053328954,-1.6654061139210985,High-Value Loyal,0.6575861087746037,0.17390319581748817
17453,2,-0.5637058775279877,-0.43599686637242957,Regular / Growth,0.6575861087746037,0.17390319581748817
17454,2,-0.6145737349772848,-0.4197354899625016,Regular / Growth,0.6575861087746037,0.17390319581748817
17455,0,-2.8282471110167338,-0.04646031192744991,At-Risk / Low-Value,0.6575861087746037,0.17390319581748817
17456,0,-1.7840307460096372,0.9497910332526267,At-Risk / Low-Value,0.6575861087746037,0.17390319581748817
17457,2,0.4117361526801409,0.5796584791889542,Regular / Growth,0.6575861087746037,0.17390319581748817
17458,2,-0.5656317987922758,-0.15117219156340436,Regular / Growth,0.6575861087746037,0.17390319581748817
17459,2,0.32805643612431046,0.23271253318772508,Regular / Growth,0.6575861087746037,0.17390319581748817
17460,2,-0.673930660612357,-1.0308041184589771,Regular / Growth,0.6575861087746037,0.17390319581748817
17461,2,0.7519327447453119,-0.4190578605477327,Regular / Growth,0.6575861087746037,0.17390319581748817
17462,2,-0.46634772964237925,0.3826997308950625,Regular / Growth,0.6575861087746037,0.17390319581748817
17463,1,1.8978172943228755,-0.2598973998839079,High-Value Loyal,0.6575861087746037,0.17390319581748817
17464,0,-1.6835786212643111,0.799792313499146,At-Risk / Low-Value,0.6575861087746037,0.17390319581748817
17466,2,0.30828448312923185,-0.18251560355667257,Regular / Growth,0.6575861087746037,0.17390319581748817
17468,0,-2.1031507851896327,-2.012919908843161,At-Risk / Low-Value,0.6575861087746037,0.17390319581748817
17469,1,1.436796565119108,-0.24142631551650748,High-Value Loyal,0.6575861087746037,0.17390319581748817
17470,1,1.0898206313164016,-0.3212043216745537,High-Value Loyal,0.6575861087746037,0.17390319581748817
17472,2,0.15079470009245743,0.3083877983257134,Regular / Growth,0.6575861087746037,0.17390319581748817
17475,0,-1.771418995167109,0.049349109679077574,At-Risk / Low-Value,0.6575861087746037,0.17390319581748817
17480,2,-0.5197377728998914,1.108729563921041,Regular / Growth,0.6575861087746037,0.17390319581748817
17481,1,1.5310510473646763,-0.8339544202047116,High-Value Loyal,0.6575861087746037,0.17390319581748817
17483,0,-1.0435246787402463,-0.6607893480348106,At-Risk / Low-Value,0.6575861087746037,0.17390319581748817
17486,2,-1.2678958990988247,1.281838811066787,Regular / Growth,0.6575861087746037,0.17390319581748817
17489,2,-0.6735160683836184,-0.20280439030197464,Regular / Growth,0.6575861087746037,0.17390319581748817
17490,1,2.201555579982333,-1.4463334857408705,High-Value Loyal,0.6575861087746037,0.17390319581748817
17491,1,2.921544642418861,-1.3497201994637957,High-Value Loyal,0.6575861087746037,0.17390319581748817
17492,0,-1.6094835657039068,1.214016911378833,At-Risk / Low-Value,0.6575861087746037,0.17390319581748817
17495,2,-0.32141045181135325,-0.7178816347759691,Regular / Growth,0.6575861087746037,0.17390319581748817
17496,0,-2.247640242305633,0.9647435911168929,At-Risk / Low-Value,0.6575861087746037,0.17390319581748817
17498,2,-1.1517712996407103,0.4575567686427358,Regular / Growth,0.6575861087746037,0.17390319581748817
17499,2,-0.29705560295423,1.902326012823563,Regular / Growth,0.6575861087746037,0.17390319581748817
17500,0,-1.3083851702003961,-0.23254858956744462,At-Risk / Low-Value,0.6575861087746037,0.17390319581748817
17501,0,-1.685642135136555,-0.02116600422972324,At-Risk / Low-Value,0.6575861087746037,0.17390319581748817
17502,2,0.17106518273537372,-1.2386290264390505,Regular / Growth,0.6575861087746037,0.17390319581748817
17503,2,0.4091923690746039,-0.883106848915851,Regular / Growth,0.6575861087746037,0.17390319581748817
17504,1,1.773644132943929,0.4714724357494075,High-Value Loyal,0.6575861087746037,0.17390319581748817
17505,2,0.26640984880322954,1.4001422319501784,Regular / Growth,0.6575861087746037,0.17390319581748817
17506,0,-1.4934747553195167,0.4870256527176448,At-Risk / Low-Value,0.6575861087746037,0.17390319581748817
17507,2,-0.3342037959944827,0.843013125886333,Regular / Growth,0.6575861087746037,0.17390319581748817
17508,2,-1.1914898840976076,1.3266332587181595,Regular / Growth,0.6575861087746037,0.17390319581748817
17509,1,2.739037096999526,0.9829861360096321,High-Value Loyal,0.6575861087746037,0.17390319581748817
17510,2,-0.9529647709316864,0.08740758058093615,Regular / Growth,0.6575861087746037,0.17390319581748817
17511,1,7.412617332127854,0.9640394354673079,High-Value Loyal,0.6575861087746037,0.17390319581748817
17512,1,2.179725944154872,-0.4207495785434582,High-Value Loyal,0.6575861087746037,0.17390319581748817
17513,2,-1.1207137497736697,1.1292808351759847,Regular / Growth,0.6575861087746037,0.17390319581748817
17514,0,-1.5605815251254453,0.24391791227366716,At-Risk / Low-Value,0.6575861087746037,0.17390319581748817
17515,2,-0.07798104314757826,-0.9181540356304336,Regular / Growth,0.6575861087746037,0.17390319581748817
17516,2,0.7279073405448331,-1.3181645028724058,Regular / Growth,0.6575861087746037,0.17390319581748817
17517,0,-2.5474854916508134,0.31316632899089825,At-Risk / Low-Value,0.6575861087746037,0.17390319581748817
17519,1,1.5807482087074438,-0.4539199210178467,High-Value Loyal,0.6575861087746037,0.17390319581748817
17520,2,-0.3433688975856888,1.037595186952979,Regular / Growth,0.6575861087746037,0.17390319581748817
17521,2,0.18559721201750465,-0.3172526352307735,Regular / Growth,0.6575861087746037,0.17390319581748817
17522,1,1.4767741200934403,-1.5241110981097181,High-Value Loyal,0.6575861087746037,0.17390319581748817
17523,2,0.3764024847287534,-1.1476802587118053,Regular / Growth,0.6575861087746037,0.17390319581748817
17524,0,-2.8683286115585402,0.32895454264489293,At-Risk / Low-Value,0.6575861087746037,0.17390319581748817
17525,0,-1.9125658238406704,1.453097987111713,At-Risk / Low-Value,0.6575861087746037,0.17390319581748817
17526,2,0.5348979064071948,-0.8514524903010037,Regular / Growth,0.6575861087746037,0.17390319581748817
17527,2,0.31624223854367167,-0.21643293253475573,Regular / Growth,0.6575861087746037,0.17390319581748817
17528,1,3.2604531545770317,-1.044714329313053,High-Value Loyal,0.6575861087746037,0.17390319581748817
17530,1,3.010572020641911,-1.8888943582912037,High-Value Loyal,0.6575861087746037,0.17390319581748817
17531,0,-1.7284235951066942,0.8356915040567728,At-Risk / Low-Value,0.6575861087746037,0.17390319581748817
17534,0,-1.9063492601246699,0.018701209104372996,At-Risk / Low-Value,0.6575861087746037,0.17390319581748817
17535,0,-2.3174068939762,0.3612301899130379,At-Risk / Low-Value,0.6575861087746037,0.17390319581748817
17536,0,-4.304359611976555,-0.8450819570868227,At-Risk / Low-Value,0.6575861087746037,0.17390319581748817
17537,2,0.6817000264826334,0.44631212132304016,Regular / Growth,0.6575861087746037,0.17390319581748817
17538,0,-2.3053725938687903,-1.128091159512034,At-Risk / Low-Value,0.6575861087746037,0.17390319581748817
17540,2,-0.5220614113769384,-0.13454231702728048,Regular / Growth,0.6575861087746037,0.17390319581748817
17542,0,-2.0753759252407327,0.35589532389663175,At-Risk / Low-Value,0.6575861087746037,0.17390319581748817
17545,2,0.2713092707745795,-0.4000152564587625,Regular / Growth,0.6575861087746037,0.17390319581748817
17548,0,-3.244169216864037,-0.24152654566243562,At-Risk / Low-Value,0.6575861087746037,0.17390319581748817
17549,0,-2.024361010174132,-1.5370014354142254,At-Risk / Low-Value,0.6575861087746037,0.17390319581748817
17550,0,-1.6332005552514408,-0.7954537894571073,At-Risk / Low-Value,0.6575861087746037,0.17390319581748817
17551,0,-1.5269946605856242,1.0238684766085573,At-Risk / Low-Value,0.6575861087746037,0.17390319581748817
17552,2,0.4026642178943589,-0.14772927505791578,Regular / Growth,0.6575861087746037,0.17390319581748817
17553,2,-0.21391334323936026,2.6869458139817906,Regular / Growth,0.6575861087746037,0.17390319581748817
17554,1,2.2340744111028723,-0.9935222671480752,High-Value Loyal,0.6575861087746037,0.17390319581748817
17555,2,0.14768720100658617,-0.4525513379256132,Regular / Growth,0.6575861087746037,0.17390319581748817
17556,0,-2.629604534751226,0.20279777592244402,At-Risk / Low-Value,0.6575861087746037,0.17390319581748817
17557,2,-0.17904819692274018,-0.954641440935895,Regular / Growth,0.6575861087746037,0.17390319581748817
17560,2,-0.04758503200012538,-0.03144214747058609,Regular / Growth,0.6575861087746037,0.17390319581748817
17561,0,-1.256144263182877,-0.7668071562884051,At-Risk / Low-Value,0.6575861087746037,0.17390319581748817
17562,1,1.0194658618345842,-1.3108203017828663,High-Value Loyal,0.6575861087746037,0.17390319581748817
17564,2,-0.576725398720706,-1.0185881980381712,Regular / Growth,0.6575861087746037,0.17390319581748817
17566,2,0.987015539329889,-0.13192870164373308,Regular / Growth,0.6575861087746037,0.17390319581748817
17567,1,2.96912418862555,-0.24372068704071417,High-Value Loyal,0.6575861087746037,0.17390319581748817
17569,2,-1.4364648113815661,1.2001965230017502,Regular / Growth,0.6575861087746037,0.17390319581748817
17571,1,1.4775410617422846,0.16739849697980982,High-Value Loyal,0.6575861087746037,0.17390319581748817
17572,0,-2.079483736438344,-1.6850386584429284,At-Risk / Low-Value,0.6575861087746037,0.17390319581748817
17573,2,-0.6626911272854575,-1.0444117280694754,Regular / Growth,0.6575861087746037,0.17390319581748817
17574,0,-2.5412038991017356,0.40694874741494214,At-Risk / Low-Value,0.6575861087746037,0.17390319581748817
17576,1,3.0976122151214254,-1.7494973154226823,High-Value Loyal,0.6575861087746037,0.17390319581748817
17578,0,-2.667515390202135,0.15834545056290739,At-Risk / Low-Value,0.6575861087746037,0.17390319581748817
17579,2,0.011959954723485744,-1.571722793363954,Regular / Growth,0.6575861087746037,0.17390319581748817
17580,0,-1.846321993980819,-0.9216494509094181,At-Risk / Low-Value,0.6575861087746037,0.17390319581748817
17581,1,4.76239372496412,-1.4542534218701944,High-Value Loyal,0.6575861087746037,0.17390319581748817
17582,0,-1.999246223931681,0.31406814492600627,At-Risk / Low-Value,0.6575861087746037,0.17390319581748817
17584,2,0.8054733983509421,0.26484234590460143,Regular / Growth,0.6575861087746037,0.17390319581748817
17585,2,1.199563360567995,0.2913116301800729,Regular / Growth,0.6575861087746037,0.17390319581748817
17588,2,0.19467148692387848,0.8037658413699891,Regular / Growth,0.6575861087746037,0.17390319581748817
17589,1,1.9425999281097084,0.87828231483024,High-Value Loyal,0.6575861087746037,0.17390319581748817
17590,1,1.9750827682404966,-0.5390520469747286,High-Value Loyal,0.6575861087746037,0.17390319581748817
17591,1,1.4433808095890774,0.05774484828210665,High-Value Loyal,0.6575861087746037,0.17390319581748817
17593,1,3.198289572314281,0.1227185866627286,High-Value Loyal,0.6575861087746037,0.17390319581748817
17594,2,0.25030244390729134,0.9909228868162204,Regular / Growth,0.6575861087746037,0.17390319581748817
17595,2,-0.20092842172738,-0.8988398305556814,Regular / Growth,0.6575861087746037,0.17390319581748817
17596,1,2.6737084311612684,-0.04627027107818997,High-Value Loyal,0.6575861087746037,0.17390319581748817
17597,2,1.0175888268935647,3.091417067044936,Regular / Growth,0.6575861087746037,0.17390319581748817
17600,0,-1.6804834021219948,-0.750036218626172,At-Risk / Low-Value,0.6575861087746037,0.17390319581748817
17601,0,-2.776074892566372,-0.08446630232101437,At-Risk / Low-Value,0.6575861087746037,0.17390319581748817
17602,1,3.842517275670009,-0.07724152032043356,High-Value Loyal,0.6575861087746037,0.17390319581748817
17603,0,-1.581649111593254,0.741277812444006,At-Risk / Low-Value,0.6575861087746037,0.17390319581748817
17604,0,-1.2058898191161165,-0.006801170807697349,At-Risk / Low-Value,0.6575861087746037,0.17390319581748817
17608,0,-1.0672308236013561,-1.2464607766741023,At-Risk / Low-Value,0.6575861087746037,0.17390319581748817
17609,1,1.1913746946042567,-0.508070310218934,High-Value Loyal,0.6575861087746037,0.17390319581748817
17611,1,3.4716000524549355,-1.3396642375733674,High-Value Loyal,0.6575861087746037,0.17390319581748817
17612,1,1.7741022618209026,0.10757649921550046,High-Value Loyal,0.6575861087746037,0.17390319581748817
17613,1,3.042869121002741,-0.6055988151590942,High-Value Loyal,0.6575861087746037,0.17390319581748817
17614,2,-0.3741968059067504,0.5857656752229213,Regular / Growth,0.6575861087746037,0.17390319581748817
17615,0,-1.6037738518292721,-0.6377942653829507,At-Risk / Low-Value,0.6575861087746037,0.17390319581748817
17616,0,-1.7671095394260365,0.21325687889226103,At-Risk / Low-Value,0.6575861087746037,0.17390319581748817
17618,2,0.7041795750586751,-0.7155802665521778,Regular / Growth,0.6575861087746037,0.17390319581748817
17619,0,-1.5733909984484034,0.5977711589487111,At-Risk / Low-Value,0.6575861087746037,0.17390319581748817
17620,0,-3.1719781463360577,-1.0333046855010093,At-Risk / Low-Value,0.6575861087746037,0.17390319581748817
17621,2,0.6225634233326921,0.26160872688223036,Regular / Growth,0.6575861087746037,0.17390319581748817
17623,2,-0.33801997240096326,0.7685327630827119,Regular / Growth,0.6575861087746037,0.17390319581748817
17624,2,0.5691911946080861,0.12182444184219844,Regular / Growth,0.6575861087746037,0.17390319581748817
17625,1,2.0561161906868417,0.17278758025454255,High-Value Loyal,0.6575861087746037,0.17390319581748817
17628,0,-3.139249582093805,-0.9752490814157704,At-Risk / Low-Value,0.6575861087746037,0.17390319581748817
17629,1,2.120247349110608,-1.2775184464523968,High-Value Loyal,0.6575861087746037,0.17390319581748817
17630,2,-1.0832577428611094,0.45604813885271506,Regular / Growth,0.6575861087746037,0.17390319581748817
17631,2,0.3364305489453572,-1.6478852409476346,Regular / Growth,0.6575861087746037,0.17390319581748817
17633,2,0.9111780811748745,-0.05575604327495779,Regular / Growth,0.6575861087746037,0.17390319581748817
17634,1,1.9685990490693484,-0.5819228763813883,High-Value Loyal,0.6575861087746037,0.17390319581748817
17636,2,-1.0095342970743806,-0.11712923539511604,Regular / Growth,0.6575861087746037,0.17390319581748817
17637,2,-0.2956783484620062,-0.10612445134530894,Regular / Growth,0.6575861087746037,0.17390319581748817
17639,0,-3.1975660716665146,-0.15152280210605432,At-Risk / Low-Value,0.6575861087746037,0.17390319581748817
17640,2,-1.0710274790823968,1.4189604822689963,Regular / Growth,0.6575861087746037,0.17390319581748817
17642,2,-0.22262487277352666,0.7689288602151096,Regular / Growth,0.6575861087746037,0.17390319581748817
17643,0,-3.1517965459673207,-0.07357335561462867,At-Risk / Low-Value,0.6575861087746037,0.17390319581748817
17644,1,2.852598017925935,-1.7402944863425727,High-Value Loyal,0.6575861087746037,0.17390319581748817
17646,2,-0.10303697023194767,0.7880904376625633,Regular / Growth,0.6575861087746037,0.17390319581748817
17647,0,-2.8646238196558764,-0.5601758594823367,At-Risk / Low-Value,0.6575861087746037,0.17390319581748817
17648,2,1.017274383848465,0.5019597290362173,Regular / Growth,0.6575861087746037,0.17390319581748817
17649,2,0.0355328459130362,1.8952794483166042,Regular / Growth,0.6575861087746037,0.17390319581748817
17650,0,-1.837874490736993,-0.6348804838132539,At-Risk / Low-Value,0.6575861087746037,0.17390319581748817
17651,1,2.9761820050438796,-0.47386014903946283,High-Value Loyal,0.6575861087746037,0.17390319581748817
17652,1,2.8513600838123394,-0.2402928899356332,High-Value Loyal,0.6575861087746037,0.17390319581748817
17653,2,0.9645877438475611,-0.000974650009258819,Regular / Growth,0.6575861087746037,0.17390319581748817
17654,0,-2.8155721660276267,-0.1343553274534763,At-Risk / Low-Value,0.6575861087746037,0.17390319581748817
17655,1,1.979810214333446,-0.4693385989316767,High-Value Loyal,0.6575861087746037,0.17390319581748817
17656,1,1.2360183072697069,0.2852264173325906,High-Value Loyal,0.6575861087746037,0.17390319581748817
17658,2,-0.16369686973706657,0.0218922960289116,Regular / Growth,0.6575861087746037,0.17390319581748817
17659,1,2.401181664250362,-0.9603978377650366,High-Value Loyal,0.6575861087746037,0.17390319581748817
17660,0,-1.7721252885077445,0.11093665824581829,At-Risk / Low-Value,0.6575861087746037,0.17390319581748817
17663,1,1.350192501391337,-0.5770525884369879,High-Value Loyal,0.6575861087746037,0.17390319581748817
17664,2,0.2164602580050688,-0.1294655505541414,Regular / Growth,0.6575861087746037,0.17390319581748817
17666,2,0.31602433083159015,-0.44220989560696505,Regular / Growth,0.6575861087746037,0.17390319581748817
17667,1,1.4033334195520486,0.42652396498422696,High-Value Loyal,0.6575861087746037,0.17390319581748817
17668,2,-0.7053234454307908,-1.776681104988564,Regular / Growth,0.6575861087746037,0.17390319581748817
17669,1,1.9337024763004287,0.4035401180933187,High-Value Loyal,0.6575861087746037,0.17390319581748817
17670,0,-2.2182456992326185,0.5079966672818471,At-Risk / Low-Value,0.6575861087746037,0.17390319581748817
17671,2,1.1233493555767133,-0.09284061225513839,Regular / Growth,0.6575861087746037,0.17390319581748817
17672,1,2.022955766209535,2.0874373932279346,High-Value Loyal,0.6575861087746037,0.17390319581748817
17673,1,2.1817752207768164,-1.360398673596188,High-Value Loyal,0.6575861087746037,0.17390319581748817
17674,2,-0.3971318138311075,0.3572575028174757,Regular / Growth,0.6575861087746037,0.17390319581748817
17675,1,5.429640465039837,-1.0856230221531755,High-Value Loyal,0.6575861087746037,0.17390319581748817
17676,1,1.4691921850979017,-1.3112413588549972,High-Value Loyal,0.6575861087746037,0.17390319581748817
17677,1,5.100353755764533,-1.0798132227514428,High-Value Loyal,0.6575861087746037,0.17390319581748817
17678,0,-1.6113268183901899,1.0050835533194251,At-Risk / Low-Value,0.6575861087746037,0.17390319581748817
17679,2,0.888124850410336,1.596419846428506,Regular / Growth,0.6575861087746037,0.17390319581748817
17680,0,-1.8342463232537851,-0.5246260316017672,At-Risk / Low-Value,0.6575861087746037,0.17390319581748817
17682,1,1.888937744371032,-0.31731831922672343,High-Value Loyal,0.6575861087746037,0.17390319581748817
17684,0,-1.517053587262284,0.01754647835435416,At-Risk / Low-Value,0.6575861087746037,0.17390319581748817
17685,1,2.316795796922792,-0.0779744925330634,High-Value Loyal,0.6575861087746037,0.17390319581748817
17686,1,3.3807300866764365,0.2170602941014788,High-Value Loyal,0.6575861087746037,0.17390319581748817
17690,1,2.8616090646023475,-0.5851688399150272,High-Value Loyal,0.6575861087746037,0.17390319581748817
17691,0,-1.8543279208745902,0.1657646939951672,At-Risk / Low-Value,0.6575861087746037,0.17390319581748817
17692,2,-0.05949239050047029,-0.08485051833424875,Regular / Growth,0.6575861087746037,0.17390319581748817
17693,0,-1.7392556120832856,0.3215483551110156,At-Risk / Low-Value,0.6575861087746037,0.17390319581748817
17694,0,-1.5708319699499822,0.6906660479389163,At-Risk / Low-Value,0.6575861087746037,0.17390319581748817
17695,2,-0.05834956883117725,0.9354696178515657,Regular / Growth,0.6575861087746037,0.17390319581748817
17696,1,1.8210911178927862,-0.30588316171565383,High-Value Loyal,0.6575861087746037,0.17390319581748817
17697,0,-1.699396190112313,1.0186795155362673,At-Risk / Low-Value,0.6575861087746037,0.17390319581748817
17698,0,-2.6379542976577905,0.2583223952290856,At-Risk / Low-Value,0.6575861087746037,0.17390319581748817
17700,1,2.0424793858301835,0.4353663344835522,High-Value Loyal,0.6575861087746037,0.17390319581748817
17701,2,-1.4124200501738524,1.275325051817918,Regular / Growth,0.6575861087746037,0.17390319581748817
17702,1,1.427569503139814,0.3434226210390285,High-Value Loyal,0.6575861087746037,0.17390319581748817
17703,2,0.3494899310172822,-0.1485968588063398,Regular / Growth,0.6575861087746037,0.17390319581748817
17704,2,-0.3195487823549692,1.1247103151843822,Regular / Growth,0.6575861087746037,0.17390319581748817
17705,1,1.9038473256731414,-1.6921919119160738,High-Value Loyal,0.6575861087746037,0.17390319581748817
17706,1,4.359129470134061,-0.6022666323321558,High-Value Loyal,0.6575861087746037,0.17390319581748817
17707,0,-2.7513040841297127,-0.7061827777781046,At-Risk / Low-Value,0.6575861087746037,0.17390319581748817
17708,0,-1.7676425806330862,-0.25793837971135586,At-Risk / Low-Value,0.6575861087746037,0.17390319581748817
17709,0,-3.250260447105286,-0.18568823392979344,At-Risk / Low-Value,0.6575861087746037,0.17390319581748817
17711,2,-0.5538704165084285,-0.8723503193240099,Regular / Growth,0.6575861087746037,0.17390319581748817
17712,2,-0.5323861926066421,0.8711632222408359,Regular / Growth,0.6575861087746037,0.17390319581748817
17714,0,-2.627999539579352,0.31746011887118186,At-Risk / Low-Value,0.6575861087746037,0.17390319581748817
17715,0,-2.0298929801509464,1.157697018586001,At-Risk / Low-Value,0.6575861087746037,0.17390319581748817
17716,1,3.1808772698663668,0.016391771834604385,High-Value Loyal,0.6575861087746037,0.17390319581748817
17718,0,-2.8247951083048446,0.09950349770378616,At-Risk / Low-Value,0.6575861087746037,0.17390319581748817
17719,1,2.8455903822540507,-0.2926574416946064,High-Value Loyal,0.6575861087746037,0.17390319581748817
17720,2,0.6842625339732274,-0.22434616377799588,Regular / Growth,0.6575861087746037,0.17390319581748817
17722,1,1.6767148741931275,1.0967711103688678,High-Value Loyal,0.6575861087746037,0.17390319581748817
17723,2,0.5313001103319123,1.0556218029208007,Regular / Growth,0.6575861087746037,0.17390319581748817
17724,2,0.08524797620662783,0.3617734939260637,Regular / Growth,0.6575861087746037,0.17390319581748817
17725,1,2.597652462256797,-0.6718490199930385,High-Value Loyal,0.6575861087746037,0.17390319581748817
17727,2,0.9529288499035806,1.2599745266718456,Regular / Growth,0.6575861087746037,0.17390319581748817
17728,1,2.5781171310463815,0.44998737291989743,High-Value Loyal,0.6575861087746037,0.17390319581748817
17730,1,3.5189504067691737,-1.0024611666618717,High-Value Loyal,0.6575861087746037,0.17390319581748817
17731,2,0.5196370512976751,0.2272773206389907,Regular / Growth,0.6575861087746037,0.17390319581748817
17732,0,-1.9121568317595425,1.0899256115037936,At-Risk / Low-Value,0.6575861087746037,0.17390319581748817
17733,2,-0.00507666961918242,0.2861739742061915,Regular / Growth,0.6575861087746037,0.17390319581748817
17734,2,-0.027840659077396503,-0.13865877835455617,Regular / Growth,0.6575861087746037,0.17390319581748817
17735,1,5.002978958373081,-0.6768809386533067,High-Value Loyal,0.6575861087746037,0.17390319581748817
17736,2,-0.5013877514756615,-1.5241896635557721,Regular / Growth,0.6575861087746037,0.17390319581748817
17737,0,-1.7958210789061617,-1.859707928881733,At-Risk / Low-Value,0.6575861087746037,0.17390319581748817
17738,1,1.6106623537180718,0.15037542889510258,High-Value Loyal,0.6575861087746037,0.17390319581748817
17739,1,1.6276589827621015,-0.35770909247534927,High-Value Loyal,0.6575861087746037,0.17390319581748817
17742,0,-1.6748570345042768,-0.1060798179958636,At-Risk / Low-Value,0.6575861087746037,0.17390319581748817
17744,1,2.633678971576934,-0.6678651435660057,High-Value Loyal,0.6575861087746037,0.17390319581748817
17746,0,-3.3775265237924663,-0.22980517599180647,At-Risk / Low-Value,0.6575861087746037,0.17390319581748817
17747,0,-4.288981045698801,-1.0092870906853175,At-Risk / Low-Value,0.6575861087746037,0.17390319581748817
17749,2,-0.5046023724675389,0.8363803901281699,Regular / Growth,0.6575861087746037,0.17390319581748817
17750,1,2.3963819410251306,-1.4987433347119323,High-Value Loyal,0.6575861087746037,0.17390319581748817
17752,0,-3.5246352646653216,-0.16994267590915713,At-Risk / Low-Value,0.6575861087746037,0.17390319581748817
17754,1,2.2386106478569703,-1.1805122921860458,High-Value Loyal,0.6575861087746037,0.17390319581748817
17757,1,4.112824334515452,-2.519885513438226,High-Value Loyal,0.6575861087746037,0.17390319581748817
17758,1,2.84562548674029,-0.20422362034756553,High-Value Loyal,0.6575861087746037,0.17390319581748817
17759,2,0.7873395461452087,-0.41642083101274513,Regular / Growth,0.6575861087746037,0.17390319581748817
17760,2,-0.9064216836812348,-0.9298883662274188,Regular / Growth,0.6575861087746037,0.17390319581748817
17761,2,-0.1448725597478343,1.1579937936758,Regular / Growth,0.6575861087746037,0.17390319581748817
17763,0,-5.702617357119428,-2.2990996504816854,At-Risk / Low-Value,0.6575861087746037,0.17390319581748817
17764,2,0.19547614660988039,0.44815031226537483,Regular / Growth,0.6575861087746037,0.17390319581748817
17765,0,-1.0843919113372162,-0.5051063458188545,At-Risk / Low-Value,0.6575861087746037,0.17390319581748817
17767,2,-1.1034461103139257,-0.2972900433089732,Regular / Growth,0.6575861087746037,0.17390319581748817
17768,1,1.8423865471669811,0.3518282310711843,High-Value Loyal,0.6575861087746037,0.17390319581748817
17769,1,2.8859948378593097,-0.5017595975962829,High-Value Loyal,0.6575861087746037,0.17390319581748817
17770,2,-0.018615636418341828,0.19539010553098907,Regular / Growth,0.6575861087746037,0.17390319581748817
17771,2,-0.9364863116032702,-0.7408790485991045,Regular / Growth,0.6575861087746037,0.17390319581748817
17772,0,-1.4222725115046537,-1.901863165093299,At-Risk / Low-Value,0.6575861087746037,0.17390319581748817
17774,2,0.7572441100773627,0.2474723366304502,Regular / Growth,0.6575861087746037,0.17390319581748817
17775,0,-3.817411679735569,-0.812387680723143,At-Risk / Low-Value,0.6575861087746037,0.17390319581748817
17777,2,0.5899374757228855,-0.5779035642785623,Regular / Growth,0.6575861087746037,0.17390319581748817
17779,2,0.3168572961659032,-0.6286661698169853,Regular / Growth,0.6575861087746037,0.17390319581748817
17781,0,-2.618362074528773,-0.730730476738767,At-Risk / Low-Value,0.6575861087746037,0.17390319581748817
17783,2,-0.7070803629511748,-0.48928758179858167,Regular / Growth,0.6575861087746037,0.17390319581748817
17785,0,-2.3506405882855006,-0.6099261545279411,At-Risk / Low-Value,0.6575861087746037,0.17390319581748817
17786,2,-1.0572751919460734,-0.5321115959891065,Regular / Growth,0.6575861087746037,0.17390319581748817
17787,2,1.0774416074504596,0.9315576040956263,Regular / Growth,0.6575861087746037,0.17390319581748817
17788,2,-0.8071838686847191,1.100392512830361,Regular / Growth,0.6575861087746037,0.17390319581748817
17789,0,-2.247775946643539,0.6471766240687353,At-Risk / Low-Value,0.6575861087746037,0.17390319581748817
17790,1,1.754762968829874,-1.5145630315062544,High-Value Loyal,0.6575861087746037,0.17390319581748817
17791,0,-2.609843907699398,-1.090365699508479,At-Risk / Low-Value,0.6575861087746037,0.17390319581748817
17793,2,-0.6439718800126198,0.018577411929180006,Regular / Growth,0.6575861087746037,0.17390319581748817
17795,2,-0.9750597935379058,0.09451266779786999,Regular / Growth,0.6575861087746037,0.17390319581748817
17796,2,-0.09714132810658094,-0.7759780589950129,Regular / Growth,0.6575861087746037,0.17390319581748817
17797,2,0.6512450262122703,-0.41082094424085025,Regular / Growth,0.6575861087746037,0.17390319581748817
17799,1,2.6589515867947378,-0.6061887808427486,High-Value Loyal,0.6575861087746037,0.17390319581748817
17800,1,0.8623476700970228,-1.2494641154363175,High-Value Loyal,0.6575861087746037,0.17390319581748817
17802,2,0.8949097658705564,0.6867989711261276,Regular / Growth,0.6575861087746037,0.17390319581748817
17805,2,-0.7471776231613717,1.171294576795383,Regular / Growth,0.6575861087746037,0.17390319581748817
17806,2,0.3764606337548303,0.458602018518526,Regular / Growth,0.6575861087746037,0.17390319581748817
17809,1,2.6335042267817252,-0.26885718775087747,High-Value Loyal,0.6575861087746037,0.17390319581748817
17811,1,4.381338047844985,-2.1814522167365635,High-Value Loyal,0.6575861087746037,0.17390319581748817
17812,2,0.5894172988777423,-1.1731665763764079,Regular / Growth,0.6575861087746037,0.17390319581748817
17813,1,1.9362444727303512,-0.4822587316189466,High-Value Loyal,0.6575861087746037,0.17390319581748817
17816,0,-3.4778462589219483,-3.972737580238752,At-Risk / Low-Value,0.6575861087746037,0.17390319581748817
17817,2,-0.6543626312966153,-1.9045413364296697,Regular / Growth,0.6575861087746037,0.17390319581748817
17819,1,1.5895182289176493,0.6565163301150071,High-Value Loyal,0.6575861087746037,0.17390319581748817
17824,2,-1.0642880600183942,0.4125400876523371,Regular / Growth,0.6575861087746037,0.17390319581748817
17827,1,2.291030841063097,-0.618620846155011,High-Value Loyal,0.6575861087746037,0.17390319581748817
17828,2,1.2150541116969593,0.1771459276269221,Regular / Growth,0.6575861087746037,0.17390319581748817
17829,2,-0.24280771952116711,2.2815327241600345,Regular / Growth,0.6575861087746037,0.17390319581748817
17830,2,-0.6019033871573909,-2.026241929341286,Regular / Growth,0.6575861087746037,0.17390319581748817
17831,0,-4.414484683891408,-2.2669833980004155,At-Risk / Low-Value,0.6575861087746037,0.17390319581748817
17832,0,-1.2819812824625718,-0.4345070864242225,At-Risk / Low-Value,0.6575861087746037,0.17390319581748817
17835,2,-0.018872212706800198,-2.0015901512797356,Regular / Growth,0.6575861087746037,0.17390319581748817
17836,0,-2.17989249974955,-0.854778766059628,At-Risk / Low-Value,0.6575861087746037,0.17390319581748817
17837,1,1.1746570455381589,-0.8182769283634699,High-Value Loyal,0.6575861087746037,0.17390319581748817
17838,1,2.0751801567299024,0.4181849692117076,High-Value Loyal,0.6575861087746037,0.17390319581748817
17839,2,-0.6638924436209019,0.2961768090618803,Regular / Growth,0.6575861087746037,0.17390319581748817
17841,1,7.106058599887934,-2.2710776711691185,High-Value Loyal,0.6575861087746037,0.17390319581748817
17843,0,-1.871679620062038,0.5665068786091478,At-Risk / Low-Value,0.6575861087746037,0.17390319581748817
17844,0,-3.6519092122870638,-1.3090270462732985,At-Risk / Low-Value,0.6575861087746037,0.17390319581748817
17846,0,-2.1837578648668003,2.3152528230001885,At-Risk / Low-Value,0.6575861087746037,0.17390319581748817
17848,2,0.17329301980711523,-1.2747789580081843,Regular / Growth,0.6575861087746037,0.17390319581748817
17849,0,-1.2647699500401561,-0.1962224451121319,At-Risk / Low-Value,0.6575861087746037,0.17390319581748817
17850,1,1.7474858515548228,-0.5426244224471161,High-Value Loyal,0.6575861087746037,0.17390319581748817
17852,0,-2.0880078723609135,-2.273540578186156,At-Risk / Low-Value,0.6575861087746037,0.17390319581748817
17854,0,-1.8671101213694923,-0.060184238298162,At-Risk / Low-Value,0.6575861087746037,0.17390319581748817
17855,0,-1.9738255961323252,0.7556229127854457,At-Risk / Low-Value,0.6575861087746037,0.17390319581748817
17856,1,1.063579939510453,-0.8445909921164604,High-Value Loyal,0.6575861087746037,0.17390319581748817
17857,1,4.784073289554789,0.23809992880389694,High-Value Loyal,0.6575861087746037,0.17390319581748817
17858,1,3.1717803834740144,-0.7021104072429761,High-Value Loyal,0.6575861087746037,0.17390319581748817
17859,0,-2.3605558994998757,0.18472069117623585,At-Risk / Low-Value,0.6575861087746037,0.17390319581748817
17860,0,-1.79850884888478,0.7184145473328428,At-Risk / Low-Value,0.6575861087746037,0.17390319581748817
17861,1,2.6093174829892045,-1.3563549498243814,High-Value Loyal,0.6575861087746037,0.17390319581748817
17862,0,-1.9511957978273362,1.154330241708708,At-Risk / Low-Value,0.6575861087746037,0.17390319581748817
17863,1,2.2106256561175335,0.6546167371349066,High-Value Loyal,0.6575861087746037,0.17390319581748817
17864,2,0.4806113061531801,-0.9301913629892229,Regular / Growth,0.6575861087746037,0.17390319581748817
17865,1,3.9642138130114892,-0.033039392651260394,High-Value Loyal,0.6575861087746037,0.17390319581748817
17866,0,-1.6383214639684158,0.8768306969405797,At-Risk / Low-Value,0.6575861087746037,0.17390319581748817
17867,2,0.782503959055128,-0.8144297553098526,Regular / Growth,0.6575861087746037,0.17390319581748817
17869,0,-1.0337322712414998,-1.2219177183542942,At-Risk / Low-Value,0.6575861087746037,0.17390319581748817
17870,1,2.5832792759881147,-2.2394167991353537,High-Value Loyal,0.6575861087746037,0.17390319581748817
17871,0,-2.273367959748908,0.21589883753585715,At-Risk / Low-Value,0.6575861087746037,0.17390319581748817
17873,2,0.8305346185866125,0.45371370840733993,Regular / Growth,0.6575861087746037,0.17390319581748817
17874,2,-0.5299263859118043,-0.6982561369735522,Regular / Growth,0.6575861087746037,0.17390319581748817
17877,0,-2.0451084228378154,0.5297949590788673,At-Risk / Low-Value,0.6575861087746037,0.17390319581748817
17878,2,-0.6073629823006598,0.5771181499988169,Regular / Growth,0.6575861087746037,0.17390319581748817
17879,0,-2.7684255247958145,0.19521121029197447,At-Risk / Low-Value,0.6575861087746037,0.17390319581748817
17880,2,-1.0297665397575662,1.6150095467307672,Regular / Growth,0.6575861087746037,0.17390319581748817
17881,0,-3.157184782637411,0.06571042870965682,At-Risk / Low-Value,0.6575861087746037,0.17390319581748817
17883,1,0.9433575684842921,-1.7368216313583917,High-Value Loyal,0.6575861087746037,0.17390319581748817
17884,1,1.1207585522506878,-1.516488432296611,High-Value Loyal,0.6575861087746037,0.17390319581748817
17885,0,-1.2468936133874966,-1.0314593815567392,At-Risk / Low-Value,0.6575861087746037,0.17390319581748817
17886,2,0.5998089259696971,-0.1480632708965014,Regular / Growth,0.6575861087746037,0.17390319581748817
17887,0,-3.0513481291772058,-0.49127712643078447,At-Risk / Low-Value,0.6575861087746037,0.17390319581748817
17888,1,0.7251595788939628,-1.8261168429123678,High-Value Loyal,0.6575861087746037,0.17390319581748817
17889,0,-2.179950372241928,-0.4939378165720488,At-Risk / Low-Value,0.6575861087746037,0.17390319581748817
17890,2,-0.33076968557439956,0.8988221532943165,Regular / Growth,0.6575861087746037,0.17390319581748817
17891,2,-1.3214836712452456,0.4173757265588717,Regular / Growth,0.6575861087746037,0.17390319581748817
17892,0,-1.4865559161019466,-1.3565809434343827,At-Risk / Low-Value,0.6575861087746037,0.17390319581748817
17893,0,-2.5290373411021743,-0.18513701517557704,At-Risk / Low-Value,0.6575861087746037,0.17390319581748817
17894,2,0.7640082838156078,-0.9748758357853822,Regular / Growth,0.6575861087746037,0.17390319581748817
17895,0,-2.299058522530132,-0.9816663872806376,At-Risk / Low-Value,0.6575861087746037,0.17390319581748817
17896,0,-1.679337110623633,-0.017780649021292082,At-Risk / Low-Value,0.6575861087746037,0.17390319581748817
17897,2,-0.4024480095720594,-0.04950233415016374,Regular / Growth,0.6575861087746037,0.17390319581748817
17898,0,-1.777823452623881,-1.0991142250816304,At-Risk / Low-Value,0.6575861087746037,0.17390319581748817
17899,0,-1.8843209033770099,0.04559786888854669,At-Risk / Low-Value,0.6575861087746037,0.17390319581748817
17900,0,-3.15495169499438,-1.0932683910196441,At-Risk / Low-Value,0.6575861087746037,0.17390319581748817
17901,0,-2.5750099083719884,-1.148593621861265,At-Risk / Low-Value,0.6575861087746037,0.17390319581748817
17904,0,-1.611612836402355,-0.6930433930459281,At-Risk / Low-Value,0.6575861087746037,0.17390319581748817
17905,2,-0.04923180091360788,-0.28163094813862705,Regular / Growth,0.6575861087746037,0.17390319581748817
17906,0,-3.5282306442099545,-0.7018197959933166,At-Risk / Low-Value,0.6575861087746037,0.17390319581748817
17908,0,-1.562295718332566,0.8009180902417379,At-Risk / Low-Value,0.6575861087746037,0.17390319581748817
17911,2,-0.3456417742402166,-0.1468371602350822,Regular / Growth,0.6575861087746037,0.17390319581748817
17912,0,-1.3845350426661893,-1.08779478630038,At-Risk / Low-Value,0.6575861087746037,0.17390319581748817
17913,2,-0.5087828912857032,-0.18430053131625304,Regular / Growth,0.6575861087746037,0.17390319581748817
17914,2,0.19575773801414922,-0.5111407004768843,Regular / Growth,0.6575861087746037,0.17390319581748817
17917,2,-0.6343684477848355,-1.1115528826034946,Regular / Growth,0.6575861087746037,0.17390319581748817
17919,2,0.4041862018427032,2.2504288920235203,Regular / Growth,0.6575861087746037,0.17390319581748817
17920,1,3.594518092973326,-1.6736733573414775,High-Value Loyal,0.6575861087746037,0.17390319581748817
17921,2,0.4493738459334535,-0.35403212648783483,Regular / Growth,0.6575861087746037,0.17390319581748817
17923,0,-3.1744869783608367,0.6269665327605027,At-Risk / Low-Value,0.6575861087746037,0.17390319581748817
17924,1,1.7411128260918396,-0.26149921077948357,High-Value Loyal,0.6575861087746037,0.17390319581748817
17925,0,-2.9849129180064566,0.9474014538007007,At-Risk / Low-Value,0.6575861087746037,0.17390319581748817
17926,2,-1.1062499110137112,0.1770300090763873,Regular / Growth,0.6575861087746037,0.17390319581748817
17928,0,-1.5244193207388725,-1.0150633242305147,At-Risk / Low-Value,0.6575861087746037,0.17390319581748817
17929,2,-0.7327369096346943,-0.9728383169490508,Regular / Growth,0.6575861087746037,0.17390319581748817
17930,1,1.1427672097971318,0.10356795068081615,High-Value Loyal,0.6575861087746037,0.17390319581748817
17931,2,-0.7015561806956008,0.12572297416510608,Regular / Growth,0.6575861087746037,0.17390319581748817
17932,2,1.109424237250984,0.324482478446951,Regular / Growth,0.6575861087746037,0.17390319581748817
17934,2,-0.20238703170374966,0.44488096386492726,Regular / Growth,0.6575861087746037,0.17390319581748817
17935,0,-2.200599762259995,-1.0244794095241614,At-Risk / Low-Value,0.6575861087746037,0.17390319581748817
17936,2,0.04881551630749125,-0.33052360207994946,Regular / Growth,0.6575861087746037,0.17390319581748817
17937,1,2.138448294599877,0.08632913619410065,High-Value Loyal,0.6575861087746037,0.17390319581748817
17939,0,-3.037081874397641,-0.5121689669144416,At-Risk / Low-Value,0.6575861087746037,0.17390319581748817
17940,1,1.9559937684350732,0.3520101273219836,High-Value Loyal,0.6575861087746037,0.17390319581748817
17941,0,-1.986079118819389,0.8511700995994124,At-Risk / Low-Value,0.6575861087746037,0.17390319581748817
17942,0,-3.1022940771187506,-1.8799543768577853,At-Risk / Low-Value,0.6575861087746037,0.17390319581748817
17946,0,-2.484539315814008,-0.7707222650664434,At-Risk / Low-Value,0.6575861087746037,0.17390319581748817
17947,0,-1.8392771252485278,-0.34094563674126516,At-Risk / Low-Value,0.6575861087746037,0.17390319581748817
17948,0,-2.2205963411751526,1.045073283229585,At-Risk / Low-Value,0.6575861087746037,0.17390319581748817
17949,1,6.048934013186761,-0.2844629549701992,High-Value Loyal,0.6575861087746037,0.17390319581748817
17950,2,-0.28361703323517196,-0.46094311364992074,Regular / Growth,0.6575861087746037,0.17390319581748817
17951,2,0.188679632220112,0.2075680452512796,Regular / Growth,0.6575861087746037,0.17390319581748817
17954,1,2.91716126669725,-1.7026049114099828,High-Value Loyal,0.6575861087746037,0.17390319581748817
17955,0,-1.0090523495964465,-0.24543187879993433,At-Risk / Low-Value,0.6575861087746037,0.17390319581748817
17956,0,-6.461961433361633,-2.652143619946633,At-Risk / Low-Value,0.6575861087746037,0.17390319581748817
17957,0,-1.736289425129649,-0.6147332011857459,At-Risk / Low-Value,0.6575861087746037,0.17390319581748817
17958,0,-1.5740877001332791,1.210153941277325,At-Risk / Low-Value,0.6575861087746037,0.17390319581748817
17960,0,-3.017062367978029,-0.836594863072263,At-Risk / Low-Value,0.6575861087746037,0.17390319581748817
17961,1,1.7175225692233052,-3.6395918536264036,High-Value Loyal,0.6575861087746037,0.17390319581748817
17962,0,-2.2427730326887505,-0.47392197763019844,At-Risk / Low-Value,0.6575861087746037,0.17390319581748817
17964,2,-0.11111208977990122,-0.3128785205443117,Regular / Growth,0.6575861087746037,0.17390319581748817
17965,1,2.404698520866474,-1.0662772636200772,High-Value Loyal,0.6575861087746037,0.17390319581748817
17966,1,1.1750941734444214,-0.3641880638813903,High-Value Loyal,0.6575861087746037,0.17390319581748817
17967,0,-2.5081421987904005,-0.04437776951907964,At-Risk / Low-Value,0.6575861087746037,0.17390319581748817
17968,2,-1.3626063533567259,0.915476294863932,Regular / Growth,0.6575861087746037,0.17390319581748817
17969,0,-1.9098050059705356,-0.381582754687123,At-Risk / Low-Value,0.6575861087746037,0.17390319581748817
17970,2,-0.5546943888061882,1.654342226609564,Regular / Growth,0.6575861087746037,0.17390319581748817
17972,0,-2.6090248583236457,-0.06597907736562966,At-Risk / Low-Value,0.6575861087746037,0.17390319581748817
17973,2,-1.213736705145373,0.46992575338522763,Regular / Growth,0.6575861087746037,0.17390319581748817
17974,2,0.6614264957288831,-0.48883842263938376,Regular / Growth,0.6575861087746037,0.17390319581748817
17975,1,2.9150217374919496,-0.7115659045836206,High-Value Loyal,0.6575861087746037,0.17390319581748817
17976,2,-1.4711036162736035,1.0934263642523594,Regular / Growth,0.6575861087746037,0.17390319581748817
17977,2,-0.8966159744982937,0.11643882008712639,Regular / Growth,0.6575861087746037,0.17390319581748817
17978,0,-1.471211698762044,1.2389545996605764,At-Risk / Low-Value,0.6575861087746037,0.17390319581748817
17979,2,0.46043664666508294,-0.7157765664710417,Regular / Growth,0.6575861087746037,0.17390319581748817
17980,2,-0.1957869403813336,0.5427805443214854,Regular / Growth,0.6575861087746037,0.17390319581748817
17984,0,-1.8861633659482235,-0.07893515175968628,At-Risk / Low-Value,0.6575861087746037,0.17390319581748817
17985,2,-0.42567316834063906,0.7900813709503842,Regular / Growth,0.6575861087746037,0.17390319581748817
17986,0,-5.1524007046713285,-2.604542742975306,At-Risk / Low-Value,0.6575861087746037,0.17390319581748817
17987,0,-1.8442915766016343,0.4538893364810759,At-Risk / Low-Value,0.6575861087746037,0.17390319581748817
17988,0,-1.42593975623256,-3.448225165345818,At-Risk / Low-Value,0.6575861087746037,0.17390319581748817
17990,2,-0.598735421312774,0.3636517602988804,Regular / Growth,0.6575861087746037,0.17390319581748817
17991,0,-3.7036298370640117,-1.3132248950899776,At-Risk / Low-Value,0.6575861087746037,0.17390319581748817
17994,2,-0.014325856021395333,-0.25995610563484356,Regular / Growth,0.6575861087746037,0.17390319581748817
17995,0,-3.4954566869580286,-0.38343462804232115,At-Risk / Low-Value,0.6575861087746037,0.17390319581748817
17997,1,1.8247178960025119,-0.2078814329200674,High-Value Loyal,0.6575861087746037,0.17390319581748817
17999,2,-0.3917675911225926,-0.4953422878229857,Regular / Growth,0.6575861087746037,0.17390319581748817
18001,2,-0.052605016381585434,-0.7714954505797268,Regular / Growth,0.6575861087746037,0.17390319581748817
18004,0,-2.30615031425328,0.32551184295285707,At-Risk / Low-Value,0.6575861087746037,0.17390319581748817
18005,2,-0.8371508240042446,-1.9358405544119874,Regular / Growth,0.6575861087746037,0.17390319581748817
18006,2,-0.6139317366909234,0.44914246190369367,Regular / Growth,0.6575861087746037,0.17390319581748817
18008,1,1.1845087947818576,-0.26639733999858245,High-Value Loyal,0.6575861087746037,0.17390319581748817
18009,0,-1.6808261027583231,0.6795121266971517,At-Risk / Low-Value,0.6575861087746037,0.17390319581748817
18010,0,-2.5044054286020847,0.316601283318217,At-Risk / Low-Value,0.6575861087746037,0.17390319581748817
18011,0,-2.7217937003977264,-0.12108033688871976,At-Risk / Low-Value,0.6575861087746037,0.17390319581748817
18013,0,-1.5625882202852461,-0.6044067956007826,At-Risk / Low-Value,0.6575861087746037,0.17390319581748817
18014,0,-1.7710406205147837,-0.6822627096445378,At-Risk / Low-Value,0.6575861087746037,0.17390319581748817
18015,0,-1.1414856770391455,-1.6689848411210972,At-Risk / Low-Value,0.6575861087746037,0.17390319581748817
18016,1,1.3217703888059085,-0.22157899065776074,High-Value Loyal,0.6575861087746037,0.17390319581748817
18017,0,-1.5594142160984423,-0.16468797240270444,At-Risk / Low-Value,0.6575861087746037,0.17390319581748817
18018,0,-2.4092214115855386,-1.349154425125297,At-Risk / Low-Value,0.6575861087746037,0.17390319581748817
18019,0,-4.373120110693995,-2.0781409323121545,At-Risk / Low-Value,0.6575861087746037,0.17390319581748817
18022,2,0.6148281520188823,0.9784693065603524,Regular / Growth,0.6575861087746037,0.17390319581748817
18024,0,-1.2579193032481577,0.15765482647119183,At-Risk / Low-Value,0.6575861087746037,0.17390319581748817
18027,0,-2.3882033959645264,-0.5131864211768256,At-Risk / Low-Value,0.6575861087746037,0.17390319581748817
18030,0,-1.5449791662577648,-1.846527276939936,At-Risk / Low-Value,0.6575861087746037,0.17390319581748817
18032,0,-3.708268276925547,-0.4889852507761234,At-Risk / Low-Value,0.6575861087746037,0.17390319581748817
18033,0,-1.9058316866372653,-0.8205968513283558,At-Risk / Low-Value,0.6575861087746037,0.17390319581748817
18034,2,0.1731269097778538,-0.5201066034158714,Regular / Growth,0.6575861087746037,0.17390319581748817
18035,2,0.22605183671522303,-0.25597880650861765,Regular / Growth,0.6575861087746037,0.17390319581748817
18036,2,-0.3281859449108612,-1.0278557515329763,Regular / Growth,0.6575861087746037,0.17390319581748817
18037,0,-3.3376809280823725,-3.3409566704049753,At-Risk / Low-Value,0.6575861087746037,0.17390319581748817
18040,2,-0.977965844796543,-0.7801920602696073,Regular / Growth,0.6575861087746037,0.17390319581748817
18041,1,3.4189588925210406,-1.548971796229021,High-Value Loyal,0.6575861087746037,0.17390319581748817
18042,0,-2.6173414919454965,-0.39489316346577197,At-Risk / Low-Value,0.6575861087746037,0.17390319581748817
18043,2,0.10573557913761814,-0.8369425433645764,Regular / Growth,0.6575861087746037,0.17390319581748817
18044,1,2.1179885782479486,-1.6201609058297368,High-Value Loyal,0.6575861087746037,0.17390319581748817
18045,0,-1.412138026333089,-0.34703993338734773,At-Risk / Low-Value,0.6575861087746037,0.17390319581748817
18048,0,-2.5172243948382347,-0.5774808583099647,At-Risk / Low-Value,0.6575861087746037,0.17390319581748817
18050,0,-3.7319732664171688,-0.4509065243044551,At-Risk / Low-Value,0.6575861087746037,0.17390319581748817
18053,2,-1.0946253447903924,0.5033265196183158,Regular / Growth,0.6575861087746037,0.17390319581748817
18055,1,3.5850307193759257,-0.1323067161025591,High-Value Loyal,0.6575861087746037,0.17390319581748817
18056,2,-1.4068986706290736,1.2479392697661642,Regular / Growth,0.6575861087746037,0.17390319581748817
18058,0,-2.131016803916532,-0.8966242479894179,At-Risk / Low-Value,0.6575861087746037,0.17390319581748817
18059,0,-0.9633818614345787,-1.366508474834512,At-Risk / Low-Value,0.6575861087746037,0.17390319581748817
18061,1,1.1905789463556296,-0.9093574902548418,High-Value Loyal,0.6575861087746037,0.17390319581748817
18062,2,-0.4893458533817494,0.3830890115930706,Regular / Growth,0.6575861087746037,0.17390319581748817
18064,2,-0.742236445724103,1.012066907229372,Regular / Growth,0.6575861087746037,0.17390319581748817
18065,1,2.275659103716751,-1.8443069554262956,High-Value Loyal,0.6575861087746037,0.17390319581748817
18066,0,-1.647781091364858,0.5303288872149706,At-Risk / Low-Value,0.6575861087746037,0.17390319581748817
18067,2,-0.6976018958573077,0.5029565713426524,Regular / Growth,0.6575861087746037,0.17390319581748817
18068,0,-4.440640872694085,-0.30584632508123555,At-Risk / Low-Value,0.6575861087746037,0.17390319581748817
18069,1,2.1649130448400684,-0.018681972838148406,High-Value Loyal,0.6575861087746037,0.17390319581748817
18071,2,-1.1081220303696095,0.5576004751588575,Regular / Growth,0.6575861087746037,0.17390319581748817
18072,0,-1.5252047737636787,0.6858545653190998,At-Risk / Low-Value,0.6575861087746037,0.17390319581748817
18073,1,1.8150486633791325,0.21739270453281018,High-Value Loyal,0.6575861087746037,0.17390319581748817
18074,2,-1.3930320752881218,1.684065133623372,Regular / Growth,0.6575861087746037,0.17390319581748817
18075,1,2.0861318662852426,-0.7137764627844769,High-Value Loyal,0.6575861087746037,0.17390319581748817
18077,1,2.414320380338424,-1.2468031965044106,High-Value Loyal,0.6575861087746037,0.17390319581748817
18078,0,-1.4537366655557984,0.10648619098037349,At-Risk / Low-Value,0.6575861087746037,0.17390319581748817
18079,1,2.662341231500636,1.3656751654470283,High-Value Loyal,0.6575861087746037,0.17390319581748817
18080,2,-0.13792636138129163,0.7798244853566715,Regular / Growth,0.6575861087746037,0.17390319581748817
18081,0,-1.1356850289573077,-1.0833008595347124,At-Risk / Low-Value,0.6575861087746037,0.17390319581748817
18082,2,0.4311771992199244,0.9929015277512746,Regular / Growth,0.6575861087746037,0.17390319581748817
18084,0,-2.550334878624326,-1.2484621549644994,At-Risk / Low-Value,0.6575861087746037,0.17390319581748817
18085,2,-0.791938346161988,1.1085050195471242,Regular / Growth,0.6575861087746037,0.17390319581748817
18086,0,-2.9862240412953422,-0.1597240501809968,At-Risk / Low-Value,0.6575861087746037,0.17390319581748817
18087,2,1.0744752977207976,2.880406193246306,Regular / Growth,0.6575861087746037,0.17390319581748817
18088,0,-1.699045430040977,-0.3143590959039539,At-Risk / Low-Value,0.6575861087746037,0.17390319581748817
18092,1,3.521265457043386,-0.20069391174848977,High-Value Loyal,0.6575861087746037,0.17390319581748817
18093,2,1.073755332955441,0.9850534027718121,Regular / Growth,0.6575861087746037,0.17390319581748817
18094,1,1.7320157172465862,0.5628976865774062,High-Value Loyal,0.6575861087746037,0.17390319581748817
18095,2,-0.8372655430220327,0.9517641865835672,Regular / Growth,0.6575861087746037,0.17390319581748817
18096,2,1.1653666605103872,-0.5338733101006647,Regular / Growth,0.6575861087746037,0.17390319581748817
18097,1,2.1696822854891176,-0.31807611617530374,High-Value Loyal,0.6575861087746037,0.17390319581748817
18099,0,-1.9548932901939815,0.055543873205735145,At-Risk / Low-Value,0.6575861087746037,0.17390319581748817
18101,0,-1.1721632103437736,-1.5801244263725673,At-Risk / Low-Value,0.6575861087746037,0.17390319581748817
18102,1,8.140488447796452,0.8739013927825423,High-Value Loyal,0.6575861087746037,0.17390319581748817
18104,2,0.08210090312542559,1.2219917872625925,Regular / Growth,0.6575861087746037,0.17390319581748817
18105,0,-2.4135341186905674,-0.9529791358522287,At-Risk / Low-Value,0.6575861087746037,0.17390319581748817
18106,2,-1.3064875613500324,1.3903460394994087,Regular / Growth,0.6575861087746037,0.17390319581748817
18108,0,-1.9691052814856072,0.8038932446360256,At-Risk / Low-Value,0.6575861087746037,0.17390319581748817
18109,1,4.066403774650526,-1.6892543306815302,High-Value Loyal,0.6575861087746037,0.17390319581748817
18110,0,-1.4577117564015714,-0.5940451412630573,At-Risk / Low-Value,0.6575861087746037,0.17390319581748817
18112,2,-0.5731679763953419,-0.939381119508204,Regular / Growth,0.6575861087746037,0.17390319581748817
18113,0,-3.912453944124923,-0.30428050898899756,At-Risk / Low-Value,0.6575861087746037,0.17390319581748817
18114,0,-2.1406266233654785,0.5718403206759478,At-Risk / Low-Value,0.6575861087746037,0.17390319581748817
18116,1,1.423513423852216,-0.720255943633561,High-Value Loyal,0.6575861087746037,0.17390319581748817
18117,2,-0.15621237287790202,0.15848483387083448,Regular / Growth,0.6575861087746037,0.17390319581748817
18118,1,3.777048591416632,-1.604331032379107,High-Value Loyal,0.6575861087746037,0.17390319581748817
18119,0,-2.0634620274539053,0.526342921103475,At-Risk / Low-Value,0.6575861087746037,0.17390319581748817
18120,0,-2.9826281851622927,-0.3107163096825834,At-Risk / Low-Value,0.6575861087746037,0.17390319581748817
18121,2,-0.4373772506470796,0.7660067235886354,Regular / Growth,0.6575861087746037,0.17390319581748817
18122,1,2.2094084451017393,-0.8383562311890591,High-Value Loyal,0.6575861087746037,0.17390319581748817
18123,2,0.01247636074600091,-0.0829516102493622,Regular / Growth,0.6575861087746037,0.17390319581748817
18125,1,1.2304756444539484,-0.2714927355175267,High-Value Loyal,0.6575861087746037,0.17390319581748817
18126,0,-1.327132635863006,-0.1086943258259228,At-Risk / Low-Value,0.6575861087746037,0.17390319581748817
18127,2,-0.6278554307044151,-1.3797980367121483,Regular / Growth,0.6575861087746037,0.17390319581748817
18129,0,-2.944580485084212,-0.19471168854878376,At-Risk / Low-Value,0.6575861087746037,0.17390319581748817
18130,2,0.9564417670596435,-0.15571377365820188,Regular / Growth,0.6575861087746037,0.17390319581748817
18133,2,-0.7625868266379233,2.4229689343896914,Regular / Growth,0.6575861087746037,0.17390319581748817
18135,2,-0.3792793318709505,-1.0840261235242639,Regular / Growth,0.6575861087746037,0.17390319581748817
18136,2,-0.06664725735634952,0.043304736043995026,Regular / Growth,0.6575861087746037,0.17390319581748817
18138,0,-2.9839537811091237,0.2135279390182363,At-Risk / Low-Value,0.6575861087746037,0.17390319581748817
18139,1,3.125234706270003,1.3712538348845569,High-Value Loyal,0.6575861087746037,0.17390319581748817
18142,2,-0.10313210281329437,1.4175604549325282,Regular / Growth,0.6575861087746037,0.17390319581748817
18143,2,0.3139384815157053,1.1134085423121576,Regular / Growth,0.6575861087746037,0.17390319581748817
18144,1,1.9431458322385309,-1.2162558669805081,High-Value Loyal,0.6575861087746037,0.17390319581748817
18145,1,2.5967006772795442,0.5080812064553227,High-Value Loyal,0.6575861087746037,0.17390319581748817
18146,0,-2.263219721137804,-0.808845013289601,At-Risk / Low-Value,0.6575861087746037,0.17390319581748817
18147,0,-1.9317213712111776,-1.0984145351084145,At-Risk / Low-Value,0.6575861087746037,0.17390319581748817
18149,2,-0.6714608058922872,-0.2709025552968329,Regular / Growth,0.6575861087746037,0.17390319581748817
18150,2,-0.27418638609850704,-0.5807092414241308,Regular / Growth,0.6575861087746037,0.17390319581748817
18151,2,-0.3807198709406434,0.6921278372389055,Regular / Growth,0.6575861087746037,0.17390319581748817
18154,2,-0.3857672193523095,-1.2596414045594186,Regular / Growth,0.6575861087746037,0.17390319581748817
18155,0,-1.03032136999131,-0.692551610650402,At-Risk / Low-Value,0.6575861087746037,0.17390319581748817
18156,2,0.441868346744789,-0.2680303571183746,Regular / Growth,0.6575861087746037,0.17390319581748817
18158,2,-0.22413970677587627,-0.7429060522320207,Regular / Growth,0.6575861087746037,0.17390319581748817
18159,2,-1.1925635918509538,1.6260794741324187,Regular / Growth,0.6575861087746037,0.17390319581748817
18160,2,-0.27485877310906215,0.3037210538129121,Regular / Growth,0.6575861087746037,0.17390319581748817
18161,1,1.2679974844338238,-0.40842478784789243,High-Value Loyal,0.6575861087746037,0.17390319581748817
18164,2,-0.8231944490794297,0.4988658232831455,Regular / Growth,0.6575861087746037,0.17390319581748817
18165,0,-1.5921670023977565,0.8991305645166019,At-Risk / Low-Value,0.6575861087746037,0.17390319581748817
18167,2,0.5022609838142797,0.27453919442631014,Regular / Growth,0.6575861087746037,0.17390319581748817
18168,2,0.5879261631120213,-0.1113394266988953,Regular / Growth,0.6575861087746037,0.17390319581748817
18169,0,-2.1920738421051773,-0.08330903542953491,At-Risk / Low-Value,0.6575861087746037,0.17390319581748817
18170,2,0.23182926012907254,0.04055328722065762,Regular / Growth,0.6575861087746037,0.17390319581748817
18171,2,0.5110936444747938,-0.2043510955350223,Regular / Growth,0.6575861087746037,0.17390319581748817
18172,1,3.4237703986277945,-0.6921711350191905,High-Value Loyal,0.6575861087746037,0.17390319581748817
18173,2,0.940217554843179,0.9614448400847572,Regular / Growth,0.6575861087746037,0.17390319581748817
18174,0,-2.892734344874025,-1.5686019425154472,At-Risk / Low-Value,0.6575861087746037,0.17390319581748817
18176,2,-0.981602037608756,1.6309688838964904,Regular / Growth,0.6575861087746037,0.17390319581748817
18177,2,0.9532151930541503,-0.6058662815377852,Regular / Growth,0.6575861087746037,0.17390319581748817
18178,2,0.9847169987043563,0.7352372129278002,Regular / Growth,0.6575861087746037,0.17390319581748817
18179,1,1.8565528863106868,-0.7335453823554714,High-Value Loyal,0.6575861087746037,0.17390319581748817
18180,1,2.1611875379150596,-0.9024986141582926,High-Value Loyal,0.6575861087746037,0.17390319581748817
18181,2,-0.7283138505159442,0.18145610133030923,Regular / Growth,0.6575861087746037,0.17390319581748817
18183,2,-0.5319537954106356,0.8737349271318143,Regular / Growth,0.6575861087746037,0.17390319581748817
18184,0,-3.5781819342684895,-2.0550420988122164,At-Risk / Low-Value,0.6575861087746037,0.17390319581748817
18185,0,-1.603341592182916,0.9894040109999941,At-Risk / Low-Value,0.6575861087746037,0.17390319581748817
18188,1,1.6186671343534609,0.5574478625338775,High-Value Loyal,0.6575861087746037,0.17390319581748817
18189,2,0.5090868165508257,1.037336430417903,Regular / Growth,0.6575861087746037,0.17390319581748817
18190,0,-1.7954308610269927,-0.09336927719849528,At-Risk / Low-Value,0.6575861087746037,0.17390319581748817
18191,0,-2.3050895027798153,0.6176720558537944,At-Risk / Low-Value,0.6575861087746037,0.17390319581748817
18192,2,0.15795103908353697,1.7314416642680988,Regular / Growth,0.6575861087746037,0.17390319581748817
18193,0,-1.8403109962870616,0.5521404199128083,At-Risk / Low-Value,0.6575861087746037,0.17390319581748817
18194,2,-0.27141402438863876,1.9474207197389515,Regular / Growth,0.6575861087746037,0.17390319581748817
18196,2,0.24594089383098636,0.5579015655799533,Regular / Growth,0.6575861087746037,0.17390319581748817
18198,1,3.4129860427744227,-1.2493991730543579,High-Value Loyal,0.6575861087746037,0.17390319581748817
18200,0,-1.981539337202678,-0.1915420820838469,At-Risk / Low-Value,0.6575861087746037,0.17390319581748817
18202,2,0.4467578532935347,1.146059345489381,Regular / Growth,0.6575861087746037,0.17390319581748817
18203,0,-2.468500745945073,-0.01960827479748782,At-Risk / Low-Value,0.6575861087746037,0.17390319581748817
18204,1,1.591785255890662,1.1110068644161315,High-Value Loyal,0.6575861087746037,0.17390319581748817
18205,2,-0.5586899676055761,-0.13284959828489645,Regular / Growth,0.6575861087746037,0.17390319581748817
18209,0,-2.378759349914079,-0.7826726723480187,At-Risk / Low-Value,0.6575861087746037,0.17390319581748817
18210,1,2.5378395653904207,-0.8245780222547436,High-Value Loyal,0.6575861087746037,0.17390319581748817
18211,2,-0.033347997081620444,-1.3213261304115236,Regular / Growth,0.6575861087746037,0.17390319581748817
18212,0,-1.982679581685879,0.6413060741029196,At-Risk / Low-Value,0.6575861087746037,0.17390319581748817
18213,0,-1.7682472678724144,0.7067035254715347,At-Risk / Low-Value,0.6575861087746037,0.17390319581748817
18215,0,-1.6188483492225259,0.5294530387652296,At-Risk / Low-Value,0.6575861087746037,0.17390319581748817
18216,2,-0.5762334150864208,0.6337666287321035,Regular / Growth,0.6575861087746037,0.17390319581748817
18217,2,-0.07345442577184753,0.06844683798500761,Regular / Growth,0.6575861087746037,0.17390319581748817
18218,2,-0.6338541417887628,0.930745359603649,Regular / Growth,0.6575861087746037,0.17390319581748817
18219,1,1.9616336674775567,-1.7134109047029686,High-Value Loyal,0.6575861087746037,0.17390319581748817
18220,0,-2.0659328758844717,1.0884132979464802,At-Risk / Low-Value,0.6575861087746037,0.17390319581748817
18221,2,0.8848843815944628,-0.7471897586487819,Regular / Growth,0.6575861087746037,0.17390319581748817
18222,2,-0.8253459721176727,1.0439812435765432,Regular / Growth,0.6575861087746037,0.17390319581748817
18223,1,3.498661031578986,-0.7415484300605446,High-Value Loyal,0.6575861087746037,0.17390319581748817
18224,0,-2.6504761226588713,0.2536725251032003,At-Risk / Low-Value,0.6575861087746037,0.17390319581748817
18225,1,3.563108099129933,-0.8601671450940409,High-Value Loyal,0.6575861087746037,0.17390319581748817
18226,1,2.9434011259628585,0.20844316300531518,High-Value Loyal,0.6575861087746037,0.17390319581748817
18227,0,-3.6476082365350306,-0.46210229707630046,At-Risk / Low-Value,0.6575861087746037,0.17390319581748817
18228,2,-0.3515424294646476,0.5251545167812673,Regular / Growth,0.6575861087746037,0.17390319581748817
18229,1,3.2084271255024808,-0.819006031762349,High-Value Loyal,0.6575861087746037,0.17390319581748817
18230,1,1.8759026298021506,-0.4245353141700931,High-Value Loyal,0.6575861087746037,0.17390319581748817
18231,2,1.1599713998714933,0.834397149299431,Regular / Growth,0.6575861087746037,0.17390319581748817
18232,2,-0.44626751609501547,-0.5675546259063696,Regular / Growth,0.6575861087746037,0.17390319581748817
18233,0,-3.41075845216236,1.2886447917944819,At-Risk / Low-Value,0.6575861087746037,0.17390319581748817
18235,2,1.444771594469904,1.063102939335492,Regular / Growth,0.6575861087746037,0.17390319581748817
18236,2,0.3466824049339316,-1.107657430560154,Regular / Growth,0.6575861087746037,0.17390319581748817
18237,1,1.0310441750500985,-1.519932148133486,High-Value Loyal,0.6575861087746037,0.17390319581748817
18239,2,0.7914952621248481,0.5946631747329529,Regular / Growth,0.6575861087746037,0.17390319581748817
18240,0,-1.4159725280722795,0.6779682834736682,At-Risk / Low-Value,0.6575861087746037,0.17390319581748817
18241,1,1.8785455394553505,-2.0687529864627248,High-Value Loyal,0.6575861087746037,0.17390319581748817
18242,2,1.3670755586125503,0.8740387418085528,Regular / Growth,0.6575861087746037,0.17390319581748817
18245,1,2.515006074628438,-0.6654542558642447,High-Value Loyal,0.6575861087746037,0.17390319581748817
18246,0,-1.1388256571880655,-0.047062277770116116,At-Risk / Low-Value,0.6575861087746037,0.17390319581748817
18248,2,-0.056880006056681705,0.9093488770996091,Regular / Growth,0.6575861087746037,0.17390319581748817
18249,0,-2.289458460108952,-1.3260353558455864,At-Risk / Low-Value,0.6575861087746037,0.17390319581748817
18250,2,-1.4425044315562667,1.2242248274750867,Regular / Growth,0.6575861087746037,0.17390319581748817
18251,2,2.0581959560573706,3.7651492285659933,Regular / Growth,0.6575861087746037,0.17390319581748817
18252,2,-0.18174699778566508,-0.030321242743496672,Regular / Growth,0.6575861087746037,0.17390319581748817
18255,0,-2.8808004663260944,-0.6194021385584918,At-Risk / Low-Value,0.6575861087746037,0.17390319581748817
18257,1,1.72924637272535,-0.32910259868132524,High-Value Loyal,0.6575861087746037,0.17390319581748817
18259,2,1.1629093978784202,0.9226103679835053,Regular / Growth,0.6575861087746037,0.17390319581748817
18260,1,1.5237827845441092,0.8506761977285349,High-Value Loyal,0.6575861087746037,0.17390319581748817
18261,0,-1.2265099725038142,-0.5666825709491439,At-Risk / Low-Value,0.6575861087746037,0.17390319581748817
18262,0,-2.1316698092201642,0.0036890360685666755,At-Risk / Low-Value,0.6575861087746037,0.17390319581748817
18263,2,1.1493885241179191,0.25439857126933,Regular / Growth,0.6575861087746037,0.17390319581748817
18265,2,-0.06504017817500118,0.6396873757082713,Regular / Growth,0.6575861087746037,0.17390319581748817
18268,0,-5.647977858023131,-2.1578223699180423,At-Risk / Low-Value,0.6575861087746037,0.17390319581748817
18269,0,-2.7607787196027167,0.4747422850876467,At-Risk / Low-Value,0.6575861087746037,0.17390319581748817
18270,0,-1.6173639948756755,-0.7676516576375066,At-Risk / Low-Value,0.6575861087746037,0.17390319581748817
18272,1,2.6985378961403095,-0.4947442762852038,High-Value Loyal,0.6575861087746037,0.17390319581748817
18273,0,-1.9949034890660649,-2.639535932488119,At-Risk / Low-Value,0.6575861087746037,0.17390319581748817
18274,0,-1.9522342758188083,-0.4952206535897804,At-Risk / Low-Value,0.6575861087746037,0.17390319581748817
18276,2,-1.1823517096456806,0.407671538016078,Regular / Growth,0.6575861087746037,0.17390319581748817
18277,0,-2.6676740377240593,-0.7409906460207354,At-Risk / Low-Value,0.6575861087746037,0.17390319581748817
18278,0,-2.3323998120769946,-0.16332642977368225,At-Risk / Low-Value,0.6575861087746037,0.17390319581748817
18280,0,-2.7059646839172906,0.37446130751676204,At-Risk / Low-Value,0.6575861087746037,0.17390319581748817
18281,0,-3.3010788356750718,-0.6293254639496505,At-Risk / Low-Value,0.6575861087746037,0.17390319581748817
18282,0,-1.6100746376287114,-1.8652548019129296,At-Risk / Low-Value,0.6575861087746037,0.17390319581748817
18283,1,2.6574894165434464,-2.367685926728297,High-Value Loyal,0.6575861087746037,0.17390319581748817
18287,2,1.396053608818143,0.9083143626166031,Regular / Growth,0.6575861087746037,0.17390319581748817
